group_id,分类,分类中文,日文母故事名,网站显示文本,子剧情数量,出现次数,source_sha256,children_sha256
scene0:f6076cb7f768a1e2,scene0,scene0,(DAY.10),(第10天),1,1,f6076cb7f768a1e29bf3d291793a4dcc504a93585a81481008520b0c752ca8b6,8026bc4a7f2b6a67d3aa15eb280a41b90e663def16547397525e99138bd03aa0
scene0:327798fc9d2c8fe5,scene0,scene0,Film.0,Film.0,6,16,327798fc9d2c8fe59b391cea2c5c6545a08cebbd849fd452bd3cb34b0dbb5bea,e2704016c32fbc1af887b68fbeb2bd25e472dff562e28a2bde750eb18bbb9859
scene0:f85e265ca896933c,scene0,scene0,Film.1,Film.1,13,34,f85e265ca896933c597f1064d676e95f22e92408aa12cf2e07d0f57ac5d3128d,05c9443ffbf02fd07e7fff9fa82327b4c33d5594916d60af8531e12accbd2913
scene0:2d0021c5fed97045,scene0,scene0,Film.1 DAY.1(2回目),Film.1 第1天(第二次),1,3,2d0021c5fed97045c247254bbdf1371e9fd3e0c39b8854e255dbfc90fcb17aa9,dd5116a02941563e32260eba217a4539bae45d718735608d00f96072213b45d8
scene0:d86adc583d1fb4d8,scene0,scene0,Film.1 MT,Film.1 主时间线,5,13,d86adc583d1fb4d8ab3c2066d1dd0f882c665374bcd519e4020a0addb15fe3de,502e56d55625a62da6c5f134988c91b680ccaff10fc70527f584efa4be348e4c
scene0:569e7580618336ee,scene0,scene0,Film.10,Film.10,2,3,569e7580618336eec7374a5670ab15512773a47d88e194b4289f9f604c845f63,845ed68f8f90c6fb0d1c5738ddf537beb7f3316b94f15419d259d3bc75ef2770
scene0:d9261a526d146cf0,scene0,scene0,Film.11,Film.11,6,8,d9261a526d146cf0dce419b2431fb8d49b411c9a847e9634006fc6b8cef70564,31e6c6a6ca03453b6865c0ae8e6d7dc17548a1340683469084107cd31ba7de49
scene0:88bfe76b4ce15c5f,scene0,scene0,Film.12,Film.12,8,15,88bfe76b4ce15c5f01318994ffbe2c08ba542593b36c153af82abe51fa37237b,5730a919b9ee3288ef82d200dbc019ca041b5181d64995e0db9ce34f2a5c23ab
scene0:2ece82d051d48021,scene0,scene0,Film.12 DAY.17(2回目),Film.12 第17天(第二次),1,3,2ece82d051d4802187a88a524b5414c7f584a55926148b25492823aad139fc0d,5d1c700fed9b380e207fec6808f8281985e48778116820471342de176955b95b
scene0:0583e4df68fd9e9b,scene0,scene0,Film.12 MTDAY.??-1,Film.12 MTDAY.??-1,1,1,0583e4df68fd9e9bfe4dc74b97ff5623d298d2dc1925e9dd72cb97ec19154002,9e75486f5cddaf0270d9ede137b9361e61783566a810559f042de89d8606fce4
scene0:d6cd3055c34b2e04,scene0,scene0,Film.12 MTDAY.??-2,Film.12 MTDAY.??-2,1,2,d6cd3055c34b2e04add446e791de93d5630d52bae427685fdbeb74bbda77bb1b,92d71b5c805785e50fb58e2716f3c86ad1973f5da327842f858356ba38469d09
scene0:8f3e0eaee7b59b1b,scene0,scene0,Film.12 MTDAY.??-3,Film.12 MTDAY.??-3,1,2,8f3e0eaee7b59b1bb8e8096bc46814a144b169e7edfb793f69072a8a453849b6,34539e04772bb6c61fa3cb53f1d1901a81159ced4ea3793fa3e1aabf3d89713a
scene0:2dd8e02ad18116a3,scene0,scene0,Film.12 MTDAY.??-4,Film.12 MTDAY.??-4,1,1,2dd8e02ad18116a341909988afc5cc79134112d33b7ae3e643849f068bf087d8,ca2db06e5dcd15b1d5da5d2b8e076ad73315306a698e8c06a4c7ca6384d1a1f4
scene0:6d38d260214f1fd0,scene0,scene0,Film.12 MTDAY.??-5,Film.12 MTDAY.??-5,1,2,6d38d260214f1fd000ec73cf9a29c3684adc1fe414cc1cee946ff65ac2f00350,fa5d9161d669c1865c9f6b4c5f670fc87e2cebad19cbd0d91440a7660b6c265a
scene0:bcb0bcd4c6bee3e0,scene0,scene0,Film.12 MTDAY.??-6,Film.12 MTDAY.??-6,1,2,bcb0bcd4c6bee3e0535cff30aff1c8bfbf8911e77387de0c10dcf864c1ad0a77,e082e817ce0637a6d903a1da2ab22739b1f60b801c2d170ca7ebebd91b48fa4d
scene0:7df49e3db284e37a,scene0,scene0,Film.12 MTDAY.??-7,Film.12 MTDAY.??-7,1,1,7df49e3db284e37ad9a7acefd9499f37711b8b87f5ee5b3a1aa556e4da1da881,02a15ce75949fb5290c18fe871665cc23bd57609d832672f833eadaf101bcebd
scene0:fb8ebf7d191c117f,scene0,scene0,Film.12 MTDAY.??-8,Film.12 MTDAY.??-8,1,1,fb8ebf7d191c117fc95d0833423dd0921e7aafe943e6e34ea67cddb15696ff69,405726219f139ef153a77a3012ca960e0ac402be85f71d1ccb29fca65805bba0
scene0:2b77a193e9431834,scene0,scene0,Film.13,Film.13,2,7,2b77a193e94318345427b3801523587cfb51a18b32e9abab61529e4c62dccf21,411e7dd4944763aec7e9c3207511c4f03e69a5bfe8ea1a0855ff403365b849f8
scene0:18a097f69763298c,scene0,scene0,Film.2,Film.2,24,64,18a097f69763298c749f97984c01b38590e0b758aeef52e255c83da313db640b,271c494ff24d4a2e571e2f60e90b14157480fbae3452a8876741eb6b3059180c
scene0:bf004cea7cf83af5,scene0,scene0,Film.3,Film.3,6,17,bf004cea7cf83af5b46e82da7d2073711a84a76b45f071874a7381ed6fb72669,bcde48aaa37cb5f502245260f126b3a0a229aca648ad6a59829fbeb836705750
scene0:1e75eeff4d056543,scene0,scene0,Film.4,Film.4,16,44,1e75eeff4d056543d5700d32dd4b5f85c588a16d4dba8968da8036091f9c7f34,430ab9372760e67a69db0ed8d38c7ae2231aba4f5a5ee4c555e8d59a5cc609f6
scene0:f706333af31cf901,scene0,scene0,Film.5,Film.5,12,25,f706333af31cf901440ad688eedff8dfaa3c8d132258bf8f15a47b611f2a3fc7,9a16e29555e60ea743d6bce420cfd9f0ffe90756bc43ac82049e751241723179
scene0:2e1209fc8d4214ee,scene0,scene0,Film.6,Film.6,9,19,2e1209fc8d4214eea6b56904b41c5d58d6b6b5ec5518a948d1b51e6f10892c16,7496ffa334940bcee036ed8e871937d2600c3f59d58fe58863936910bac6011b
scene0:50dcfa4c06b78941,scene0,scene0,Film.7,Film.7,6,11,50dcfa4c06b789415c0791a4ab38d9c224be443e8c510cb164f038689f4a89fe,1dfd57f556206c1432a0446a4239a84b605890ec15ca4cd2264fe5b590c74c82
scene0:de73eb8bca2c69e7,scene0,scene0,Film.8,Film.8,4,10,de73eb8bca2c69e71d9cc16cc3bb3dd6af98a6d01a56e5cf5973bbf6aa0a425b,51d72a6716ef8841337d634b47c03994e09f24556857e5ae0ef3895e50edd020
scene0:8b7614afaf000c3c,scene0,scene0,Film.9,Film.9,7,8,8b7614afaf000c3c7c891184b26d6d547f651d1417f2548982e61800d4c4c0fa,676fd73c225156e24af33e40b362e2e8697b5505f3c067db640c8597728ae0c3
scene0:3bf181c6a67c699a,scene0,scene0,サイドストーリー Film.0,サイドストーリー Film.0 30 (紫),30,34,3bf181c6a67c699a1b966f5c492b79ae41724e2c2b53834399223d4f8bcccb37,d19afa5186706d143922028e826617e4c62bdb1919bb49ed5e4423fb576b13a2
scene0:2e38a0a95a126c58,scene0,scene0,サイドストーリー Film.1,サイドストーリー Film.1 38 (桃),38,41,2e38a0a95a126c5873dffeb1555e34323349371a68fec628251cd5a09ec55e9f,99d98b974a5b545173a3d296302d6b19996740a7381b024bc5ce120ea499e670
scene0:44a454a3ebe84e0a,scene0,scene0,サイドストーリー Film.10,サイドストーリー Film.10 3 (紫),3,3,44a454a3ebe84e0a1ddcb362ec6c97a8eac94f168eb26e01ca50dca8f4b8eb8d,de79c0c4ed3f0f83ba4cdb0272ea358934fbf3ef8055178b2641bcad80015273
scene0:319e3c998e2a72e5,scene0,scene0,サイドストーリー Film.11 1 (黄),サイドストーリー Film.11 1 (黄),1,1,319e3c998e2a72e5a9bf3c7553d9f65d4a73741e5e96e29bc6d608f7fa3f17d9,a1da9b6edf16e58bab6efd805e3354fd4cb467ba474f5a51ab2df50fc1e8749e
scene0:bd75f61de3da1ca5,scene0,scene0,サイドストーリー Film.12,サイドストーリー Film.12 3 (赤),3,3,bd75f61de3da1ca5863af2d319edfc3d8554640a3aefa9f63570241da1b9f518,221791920d67ac7731d43e919b16854b352586dcd3242864653d568cf1ee91ba
scene0:8b556b794ea25887,scene0,scene0,サイドストーリー Film.2,サイドストーリー Film.2 26 (紫),27,32,8b556b794ea25887f202f28bd351f0ed1ba11ffba6054c09e85a630a497b7285,89fe885d647485fc57919637f8d31e6c6212c9281214f394bbdc0b0824dd7ca4
scene0:eb60258021ca15a4,scene0,scene0,サイドストーリー Film.3,サイドストーリー Film.3 13 (紫),13,14,eb60258021ca15a46ba7c9b26304936e0c924229eb1b6c326009ed817c2b5a7d,075f8581bdf89823f2b3a3c17743de4bc48de63fe9dcdd4cb3c1fd6ad147191c
scene0:38b55bdb1f739950,scene0,scene0,サイドストーリー Film.4,サイドストーリー Film.4 14 (紫),14,15,38b55bdb1f739950ae470408b35504c0c040841e4ad60e0a651cc8bdbca14f86,38343b1e983e8c7288585522200de67e5062975c89ada382148fc1d649f1749e
scene0:b4faf53f8e3dda7a,scene0,scene0,サイドストーリー Film.5,サイドストーリー Film.5 7 (青),7,8,b4faf53f8e3dda7a24d76c0ec73348089d85de1edbbd805f1a311b8b5e83482b,fcc82ffc2f7f6928bf5b7bcb58b02e9f85cf03c48800359532bac091efab5300
scene0:84a851bd4a15ee94,scene0,scene0,サイドストーリー Film.6,サイドストーリー Film.6 2 (桃),2,2,84a851bd4a15ee94f65da6e8b7e76bad61f7a1705f51f6e8a85b1f5192a53187,83aa7f9d9c05df7414469adb3c527e31986118e43d28b0e26aa28e6bfbb41fcc
scene0:584eb0bd3b6da7bd,scene0,scene0,サイドストーリー Film.7,サイドストーリー Film.7 4 (紫),4,6,584eb0bd3b6da7bd2f671df81e3d759563177e0ee90f81224720b7b35dc4d53c,3d5e44eb01c225d455bf278fb5ffb9d63da186f929831ba3af618bc06ab9fe76
scene0:1a980b2b00b3668f,scene0,scene0,サイドストーリー Film.8,サイドストーリー Film.8 2 (桃),2,3,1a980b2b00b3668f6d26147f371c0193cf1f5f288c3c32fe865e9a78d72ae834,7d84bd514fdfffb349e99b70a35cf3275ea262ce66fa270ab2e9bd86c81f0fd9
another-1:e25c86333292ad16,アナザー【第1部】,支线【第一部】,10章,第10章,2,12,e25c86333292ad169c6b84e464aab7ab5381c438cc1ad2da55ea096157f8a1bb,365fbaef644864ea8bd9131fb63510ddc7c5ca326c312bbfd0e07ea24e54b4e2
another-1:8f4ea3ff928cfa37,アナザー【第1部】,支线【第一部】,2章,第2章,2,4,8f4ea3ff928cfa3717eae38b8adf18135ba3ce8652610b9c015f466e20e044f5,20a9f4cb23f778ea58e5ff81a5cec7d49fa3e513f04db5fd8afe5f8c131cc2af
another-1:96e49548c46adde3,アナザー【第1部】,支线【第一部】,3章,第3章,3,8,96e49548c46adde3323f903e6d36ef5e12705af9e1d5fa5cd55d26ad3cc3ecc4,0921b69b7107196d97a6235d804725ad559999134aa6a2291e5426d71b70cd81
another-1:a4c5fb67903c6f1b,アナザー【第1部】,支线【第一部】,4章,第4章,3,20,a4c5fb67903c6f1b5500215590e27bd3efb4610ac70c72f35bfd42b3b8828b8d,178dd2079ad921fdc46309ed826069858462e4890f7e1d61314afc2019665f45
another-1:894ba56df5b1165b,アナザー【第1部】,支线【第一部】,5章,第5章,3,20,894ba56df5b1165b71c4d8edf5bf3e3d77620f8a30710f7562638c3cbcd7fefb,3bb8b7a63653a738dc4df394a670d7327c1bc6faef07e129dd515d7a28a64d0c
another-1:8d3da0f36403c7c2,アナザー【第1部】,支线【第一部】,6章,第6章,4,13,8d3da0f36403c7c2cc914a4b9f484c57cef5fabd1653f3ade9874aaac2f6c09c,3422cd8fd3f8b5ce285f712e1f49203a64ff2ab1f627218249bfde7c06a6e459
another-1:4d767712be238730,アナザー【第1部】,支线【第一部】,7章,第7章,5,17,4d767712be238730a40cf13100c1151191cc263b2ea5421e160ba68d8eb0846a,55756af713a78faa4fd0b263959080e90767ae0519ecc42d05fabda5f56f7ffe
another-1:8bc75d85ec3de7eb,アナザー【第1部】,支线【第一部】,8章,第8章,4,14,8bc75d85ec3de7ebbbca7110a094eedbaca6ca0b04d2272251eb608bfd8aa1d4,6808d45274020095f089bbb5f6a148081b52a62f2fc2903eca7733ff692caf9f
another-1:0b549b0a2b3b0ddb,アナザー【第1部】,支线【第一部】,9章,第9章,4,18,0b549b0a2b3b0ddb2669c965365888aa9c4378f53f404c61d229ac7c778157d7,376065f7152f917e3d88dddb2562bc45161c40e47f2843b9877f22ee01aae5dd
another-2:5ead8fe7b548bf77,アナザー【第2部】,支线【第二部】,10章,第10章,4,20,5ead8fe7b548bf77e4dfc50d9bd5774265fc7e5097c0b07e725f9ee35d1a8394,8339b0c224fbf11174e04f46a87364ae601e8c59e89833b097de6b0440e44299
another-2:e736819dfb33a16f,アナザー【第2部】,支线【第二部】,11章,第11章,3,23,e736819dfb33a16f29610b862ebb08e58abf2ee0223143864dcf181317804624,d30f993619e9eb22769853bd2c3acfeff137b91b4a2f7313645ce6aa41fd78b5
another-2:861160f7742737c4,アナザー【第2部】,支线【第二部】,1章,第1章,3,11,861160f7742737c4e7324a1abee92cf459614e873339bb971a85a3430d34ff35,b4630679bbeddcd0aea1e42d4e1e025b654b7e3319b2df27b6ddeb386253bfa1
another-2:796bb4f974cfbb89,アナザー【第2部】,支线【第二部】,2章,第2章,3,22,796bb4f974cfbb899236568a694229168fe58b02ce282a3d9df5ffc3a346242f,ccabe795795248de389f8023971c8161bb8c1ac71bc43263b84f5cc48510c5fd
another-2:166073ed0044dbfc,アナザー【第2部】,支线【第二部】,3章,第3章,3,12,166073ed0044dbfc955e4d06beb100df37b04029771b80f60c12e85c4f1d2b0d,0921b69b7107196d97a6235d804725ad559999134aa6a2291e5426d71b70cd81
another-2:ec47aa656146bed8,アナザー【第2部】,支线【第二部】,4章,第4章,4,13,ec47aa656146bed856148318db7427307ea32f9b38b53f9faf0f4b6f17aef30b,0c5e8dc2f0edb1d97453a6ee8b3c66db495fb43b360299bad68edcca79dfc40c
another-2:9e1ae499fb2a4cd6,アナザー【第2部】,支线【第二部】,5章,第5章,3,18,9e1ae499fb2a4cd6bd718d4d981e978c3382e101ed7314d9a860948d4747c5b7,3bb8b7a63653a738dc4df394a670d7327c1bc6faef07e129dd515d7a28a64d0c
another-2:ca647ae830c00762,アナザー【第2部】,支线【第二部】,6章,第6章,4,13,ca647ae830c007620d0c3633ec71a4d260a9fb430c4d8b3958385541b7a368f2,3422cd8fd3f8b5ce285f712e1f49203a64ff2ab1f627218249bfde7c06a6e459
another-2:d75653a2f92b990e,アナザー【第2部】,支线【第二部】,7章,第7章,3,13,d75653a2f92b990ec833dfed7a83524497624c5fbe981a82f19945a0dbe0af24,e7b8f2cee1454e9edb2e88382c379203bf254f3e3ecd8357f8fac513ce1718fb
another-2:a1688f2efe5a53de,アナザー【第2部】,支线【第二部】,8章,第8章,3,20,a1688f2efe5a53de327d8e8c1ce187e2ab2e7e8ba9cde720f0adcc8ab32c8f8a,fc18e8930ebd7f826608130b392aa2bcf276754c74ebe0400af2b37bd9eacfc5
another-2:7610d35025f25301,アナザー【第2部】,支线【第二部】,9章,第9章,3,9,7610d35025f2530190126596b98fa048eeba2e6d9666b0286a038c2fe600eb33,8c263d0cc55235bc123b7ff0f2ceb5e511ee655d1380c3c824d627a47463ea9f
anime-1:278b5319a0933fc1,アニメ【1st】,动画【第一季】,第10話,第10话,1,16,278b5319a0933fc10b7c99f2a119d003656181510f8418d659e32219f1ae1738,2c07d206acff002fbe4bbe0d1d4a7e5a9910add393adb228ca855e0c821637cf
anime-1:ffbf81e9e7f53220,アニメ【1st】,动画【第一季】,第11話,第11话,1,18,ffbf81e9e7f53220584864d18ba937b84900ec255fc54d78107171bada83649e,203655bae49c947c67de896a563df43e328846b11e0d8c1a4546e1a5891cdaae
anime-1:ee224fc0e74b83e7,アニメ【1st】,动画【第一季】,第12話,第12话,1,14,ee224fc0e74b83e7938fd15df3239b456138615c7b6c6c048cfbe33a2cf25406,8f9822a7bca0c0a744ac03b1851697837b3788aa8c480559cb42cc11f1aab791
anime-1:41553ebb247353fe,アニメ【1st】,动画【第一季】,第13話,第13话,1,16,41553ebb247353fe7c03e4d5cb982779480d3e986d965d653e6d5b93765c1d94,7695f969176ceb82b36e902eef26c7559a6f454dba1da1ff83ea82cab8df654a
anime-1:942c9c69d53fee7b,アニメ【1st】,动画【第一季】,第1話,第1话,1,5,942c9c69d53fee7b03f41459d9beafeb1ac35771abd867288648a08f979d1de6,f82b0a8ac441ff67c3bfd2af1cdb2658568c0bb781bbcbbbaf0a8eb86edeec0f
anime-1:548f313011e75004,アニメ【1st】,动画【第一季】,第2話,第2话,1,9,548f313011e7500430c97b7b05889f4b9878dba7a03103038f74ff52dcf6c4c3,bab20bef1c3897e3f1fed86354cd7ffc5bc0db4901e39d3865146d4a21955d96
anime-1:34e20e96f28be9ac,アニメ【1st】,动画【第一季】,第3話,第3话,1,12,34e20e96f28be9ac9e8bad8fff54cf6faa49322869d952b1928989a337d121ff,567df2c5765e7b5da1994d705dff65730add6d9119fc52d666ef7c8aace29862
anime-1:d593292e2f3d3b60,アニメ【1st】,动画【第一季】,第4話,第4话,1,7,d593292e2f3d3b60b967c87e470e86e6c268630a8c00ae496809a5e6b0d574a9,40e2bcf25b10d609979e6f9c7dbac07640b4d6306aa85525f0f0c2ce55655b3d
anime-1:a58e8fcdd7d991ec,アニメ【1st】,动画【第一季】,第5話,第5话,1,13,a58e8fcdd7d991ec19298d4a72ce3142ac58aa7ed7925666e2570b8b2f2e17f1,03890e43652a160eff4168b1a11c7b3d240f4de9dc2d3c4c227850d09a4cb945
anime-1:7fe5ebd51d32ce50,アニメ【1st】,动画【第一季】,第6話,第6话,1,15,7fe5ebd51d32ce50ad26645b37d706df477cc4595dc304443e95a85c3b4089ee,ed1adca734f23d93e9834e1784387bf0a0ef1c3a555dac88ae4f7a717e4f17df
anime-1:945feb08dd0f1ed3,アニメ【1st】,动画【第一季】,第7話,第7话,1,9,945feb08dd0f1ed3ff6369123b0dc30f10fedff0f95543c0e35808deccb7b6d1,82ba3e1c5c2f8d0ee5475eac2faea8051e33d2f833d144e666da46b4774f75a5
anime-1:a69563d46db09cac,アニメ【1st】,动画【第一季】,第8話,第8话,1,23,a69563d46db09cac89eb82661913af7cc7063927bbaba277ec2fcd326250cf8c,79ce6cb37ad804af6477724a8a57cd66db2488e5d824bd43d5d4b9c3543803b5
anime-1:50777c62c14d9a22,アニメ【1st】,动画【第一季】,第9話,第9话,1,12,50777c62c14d9a22928246ba189655bc0a4bf2ec335d4492ec8856907d21f7fc,74221cd9f4f6c8ea3d055e4fdee7986a5fa18818b5cce20472f73d92dd32559f
anime-2:5bb162ce77f4beed,アニメ【2nd】,动画【第二季】,第1話,第1话,1,10,5bb162ce77f4beedc9894fa65e1a00989a5100d8ef53647b14300ca65edf066c,f82b0a8ac441ff67c3bfd2af1cdb2658568c0bb781bbcbbbaf0a8eb86edeec0f
anime-2:e74be941eb631560,アニメ【2nd】,动画【第二季】,第2話,第2话,1,15,e74be941eb6315602bb80bbb812a7eac3608a2b312b93cc89766f2cd15106199,bab20bef1c3897e3f1fed86354cd7ffc5bc0db4901e39d3865146d4a21955d96
anime-2:4e2c3f34c9ddee9f,アニメ【2nd】,动画【第二季】,第3話,第3话,1,16,4e2c3f34c9ddee9f8e597520e60e6d781f7d8fb18a20398e47eb3145ccea88b7,567df2c5765e7b5da1994d705dff65730add6d9119fc52d666ef7c8aace29862
anime-2:2d691ef3d0e3312c,アニメ【2nd】,动画【第二季】,第4話,第4话,1,13,2d691ef3d0e3312c5d48aa6fcb1a1b5b518ca6d6fb8c04937e18147bcf5dcc45,40e2bcf25b10d609979e6f9c7dbac07640b4d6306aa85525f0f0c2ce55655b3d
anime-2:a11b2007b8208f76,アニメ【2nd】,动画【第二季】,第5話,第5话,1,26,a11b2007b8208f762326f805057a4b04c2f35bbf83ba41f55b61c9453a9a537d,03890e43652a160eff4168b1a11c7b3d240f4de9dc2d3c4c227850d09a4cb945
anime-2:40bfabe155944e13,アニメ【2nd】,动画【第二季】,第6話,第6话,1,27,40bfabe155944e13345e0320e4d74bf0700e2dfaa4d6aed48eb54765e5e12329,ed1adca734f23d93e9834e1784387bf0a0ef1c3a555dac88ae4f7a717e4f17df
anime-2:79341000b57b2f2d,アニメ【2nd】,动画【第二季】,第7話,第7话,1,22,79341000b57b2f2d38404de09f6d2ae1c8062f96830307a70051d9cc29bf2abc,82ba3e1c5c2f8d0ee5475eac2faea8051e33d2f833d144e666da46b4774f75a5
anime-2:3eb6cae643363ba8,アニメ【2nd】,动画【第二季】,第8話,第8话,1,35,3eb6cae643363ba88640cfd0e1dc7ec92ebfddf46ef59147c9d6df3d8529c5ca,79ce6cb37ad804af6477724a8a57cd66db2488e5d824bd43d5d4b9c3543803b5
anime-2:1ef7b9a1edf69432,アニメ【2nd】,动画【第二季】,総集編,总集篇,1,1,1ef7b9a1edf6943211b505f23af3a38d385cd359050ea7cfd0d82ec1aea9b180,e32fe50121ab2d488c57127505455b75c52976f263f8cb074f6b44259a98fb8d
anime-final:ba8fbb1fa652c31a,アニメ【Final】,动画【最终季】,第1話,第1话,1,28,ba8fbb1fa652c31a0a2fa8c6d0e8613600074c83a4beee3622095cdbb1cacafd,f82b0a8ac441ff67c3bfd2af1cdb2658568c0bb781bbcbbbaf0a8eb86edeec0f
anime-final:d86a6fbcd5748d75,アニメ【Final】,动画【最终季】,第2話,第2话,1,23,d86a6fbcd5748d75e03a2295c77e1813b20bfa2e89549657de07e6795a9f80f1,bab20bef1c3897e3f1fed86354cd7ffc5bc0db4901e39d3865146d4a21955d96
anime-final:812aeb408dfed757,アニメ【Final】,动画【最终季】,第3話,第3话,1,31,812aeb408dfed7577ca2352146a28ec531b4e4dc64a7a7a9798fa18618c06b37,567df2c5765e7b5da1994d705dff65730add6d9119fc52d666ef7c8aace29862
anime-final:242be964839a461a,アニメ【Final】,动画【最终季】,第4話,第4话,1,59,242be964839a461a17ac174948b3e88e3539e755ebee03509ead371b780dd4d5,40e2bcf25b10d609979e6f9c7dbac07640b4d6306aa85525f0f0c2ce55655b3d
event:e42ee625fc1e6e8d,イベント,活动故事,Agent Magica～マギアレコード×リコリス・リコイル～,Agent Magica～魔法纪录×Lycoris Recoil～,1,1,e42ee625fc1e6e8dfcce63ac11940283f7ccc9f0f11cce8cedc4c757d984a1d5,ce890963b8b10af49f8bf27df30d7fc4875f8520a79629e01a5587e8e54108ef
event:dbeace8d8759a12f,イベント,活动故事,Angels on the Road ～トナカイサンタ繁盛記～,Angels on the Road～驯鹿圣诞老人兴隆记～,1,1,dbeace8d8759a12fad7a21730284d3a3d7364a029c827335c0ac3bd78c7437bc,1b49c7f80faa81c073b7dc2b779ba637d8d96d66cf5760aa67a55689f9cf56a7
event:0691afe38d452d1f,イベント,活动故事,Angels on the Road ～トナカイサンタ繁盛記～ Route Green,Angels on the Road～驯鹿圣诞老人兴隆记～ Route Green,23,58,0691afe38d452d1f74c4f20b8e641a26b5687faff05f651d102148ceb4fe4aed,bc45592c20b383079250e8e51fa36fad8a77d12a936b6eb2f5b090e9ddcd5d89
event:247396c3802cf453,イベント,活动故事,Angels on the Road ～トナカイサンタ繁盛記～ Route Red,Angels on the Road～驯鹿圣诞老人兴隆记～ Route Red,17,26,247396c3802cf453817445148788a79852760b43245ee477fd3ff33998c78021,b35b177fdeabe4f2031d9474797535fefeaaed211855732ed74295071dfd791a
event:1b910d3c9f891977,イベント,活动故事,Angels on the Road ～トナカイサンタ繁盛記～ Route White,Angels on the Road～驯鹿圣诞老人兴隆记～ Route White,13,23,1b910d3c9f891977a817f77ba76b814ec1d1494ef23451ea420afa827e940a89,a7046dadddd9e62bb4d8a8e1cbf0949caa8114488a1ae61aa4ac15fa21b5ab35
event:ae0499af3cef52b7,イベント,活动故事,Another Daze ～魔法少女かずみ☆マギカ～,Another Daze～魔法少女和美～,18,38,ae0499af3cef52b7befc237376159328b5c8e04209fb1206fd7ef709219e38af,4240cd20069997f325e3b8c4371fe1f9db5ef9ca53348a1fda25412e947d65ea
event:56654d546e21f873,イベント,活动故事,Bittersweet AI Memory,Bittersweet AI Memory,21,45,56654d546e21f873170f752644dfc4a83ec80b040f991e2b03db22c08c522e94,2888077a38e92b0a9950225f5fed21f26a5d4f99d94100ce4c6db6bcecdbe7d8
event:6c55a2a6e07aa339,イベント,活动故事,Christmas String ～指を結んだあの日～,Christmas String～指尖相连的那一天～,21,32,6c55a2a6e07aa33988450220c1d6a11692f9bc96a9eb4df2af684c04ba2c8b55,ff0e4adfd9c79c7e2cc9df83928929e951e0179dbb709f6808f4daf14d1e5e72
event:427752d5e3111369,イベント,活动故事,Crimson Resolve〜深紅の決断〜,Crimson Resolve〜深紅の決断〜 プロローグ,1,3,427752d5e31113695e9f824688a8d2de91524734cd6f075e434eef526475e82f,27a179a3fa502f4bdfb65425d06a57c3ab1d4281735ee603710b5f0b85a2691f
event:545abd696bd2e97b,イベント,活动故事,Crimson Resolve〜深紅の決断〜 アオ編,Crimson Resolve〜深紅の決断〜 アオ編,14,34,545abd696bd2e97b02738dc57d53710f9a8e0bab36885de570ecb9015f956253,986aeae9cb8cfb2e4e30a8d943cdc292d20452ad4c0bd8af7417adbdcc1ab5dc
event:527b5d2c23357f4d,イベント,活动故事,Crimson Resolve〜深紅の決断〜 全体編,Crimson Resolve〜深紅の決断〜 全体編,12,36,527b5d2c23357f4d95cf58f52a20cfc9fff6a2a996836b7aa5c0352003030380,f55ddedc275b9da2701f5456b6e2be8109b9c4e156ecaf945ea654da22621a20
event:272b2d28bdc0f755,イベント,活动故事,Crimson Resolve〜深紅の決断〜 樹里編,Crimson Resolve〜深紅の決断〜 樹里編,12,29,272b2d28bdc0f755e09aee76c43267adec33d1636714b35096190184c2b38352,7c5a5b07c9fdcf8272f9d026b9556b6cfd0b2e7f28b8031d83ffa82460723699
event:4531738c1293bba1,イベント,活动故事,Crimson Resolve〜深紅の決断〜 結菜・樹里編,Crimson Resolve〜深紅の決断〜 結菜・樹里編,7,21,4531738c1293bba143e6d86538ee878a319bbb4381ea561b1c84bd32f9a361a2,92fbf1e09acbf35625f9970840318a06a1c21eb0e9eefa71a44297d296601430
event:551b1b21b92baaa2,イベント,活动故事,Crimson Resolve〜深紅の決断〜 結菜編,Crimson Resolve〜深紅の決断〜 結菜編,15,26,551b1b21b92baaa26da25458dcada85f9e674a2d36956a349a67ea41845ae642,51790fdf1aa8489f602c2c26ee376a210b1114a8f1212634f62fed449ec8bd69
event:25fa4c7e171d9bbf,イベント,活动故事,FM神浜,FM神滨,23,25,25fa4c7e171d9bbf80b04e9174c805f35062d432d1f8234f194dd26912b0449c,e099268a0e8e90aba6df2f512ab0d3703eb602a4ff3c672589cf347fa0c8b0c2
event:e44cd69580e58f7a,イベント,活动故事,Homecoming ～佐倉杏子の３日間～,Homecoming ～佐倉杏子の３日間～,21,53,e44cd69580e58f7a74cc4476598ce8b5901139cc1f25e27224e75f5f6b2b3677,88438c716086db596149be98c2033310147f878027cfa3b7fa302f11500db743
event:af8e78a08e185d7f,イベント,活动故事,Last Bird's Hope,Last Bird's Hope,1,1,af8e78a08e185d7ff25e91404c8776a5762d713a16c4a0a1b80027c2ec1e0dc3,bfa3628c16fc492f7730a87110ae2989ec7640e4ab00ed5face158cb554d5fa1
event:60656d5579a49385,イベント,活动故事,Little Bird's Star,Little Bird's Star,21,46,60656d5579a493858a0ff075f411d71fa3ef8896fc901d04b83b1f226f3666cc,5ba6239d892b7eccd129c171d3d259077b85deb62644204fe87bdf696aba7618
event:f4fb100fda820e79,イベント,活动故事,Magia Clash!!,Magia Clash!!,14,82,f4fb100fda820e79753f934d37ba44a08e11689f2ba9834f321aacae7e684434,5d721de3330faedc4622536aeb4a9743ec84dfae367c9817c2e8f4175673ad71
event:9aeb5e0139498e3b,イベント,活动故事,Memorable Flower ～魔法少女すずね☆マギカ～,Memorable Flower～魔法少女铃音～,31,80,9aeb5e0139498e3bf64a905880b70b6421d7ae9798d123eeefa1dd60a6974f54,71b0879c97163296eb361a567aabb8e2fd3d701c0b23700cd2f3fda674e69ef9
event:fee2a06711a6047a,イベント,活动故事,Mixed Summer！～幻のベストショット～,Mixed Summer！～幻のベストショット～,20,25,fee2a06711a6047a5bfc2619688839196874623e09a39195c0dcbf2ad0926808,1ef6cba3189d0983e8969a93bb51f22248ba4f2da38f6d1f1530015758b987e1
event:7dd3d2f5e6f27453,イベント,活动故事,My Only Salvation ～魔法少女おりこ☆マギカ～,My Only Salvation～魔法少女织莉子～,31,31,7dd3d2f5e6f2745383df1757c1ec7e60f5c2d5b4f59d375ddec4794d067961fa,eb53e378e6e047f933b59402a1838070c270df16d68c3e4e3d0f644518257ccd
event:340c49ab25b36700,イベント,活动故事,Only Dreamers ～寓話は少女の夢を見る～,Only Dreamers～寓言做着少女的梦～,21,56,340c49ab25b36700151d125ad6705232d8258b69a34ca9a34c7a45b25684e67b,0052a4d6ed96b5004c30a9af202b3308f7e07a0145eb2675d00730ca1ffc7be6
event:f9c645410a0add78,イベント,活动故事,Rumors in Disguise,Rumors in Disguise,48,101,f9c645410a0add78119edbddc979f97f088bb12d130ef836b286fbd4f25340d4,353a48e3f4940e4c08905208b28b9d1ce2abd069b97182bb0c936aa4fd8580b1
event:7246434d3fe841e4,イベント,活动故事,The Cuddly Despairs ～魔法少女かずみ☆マギカ～,The Cuddly Despairs～魔法少女和美～,21,53,7246434d3fe841e404d880bdf8054edaf66ff44f1c1838459c62ee06294a4af6,985bfd5b411bb8638f0aa5a522dbc2ac1284d9d021687c9293ee2a4398895764
event:ff24f3620d868e04,イベント,活动故事,WHEREABOUTS OF THE FEATHER～羽根の行方～,Whereabouts of the feather ～羽翼的去向～,22,65,ff24f3620d868e04065fcc2578ed68f00d78686a9edade994ebe83fe58897efb,a00546c844e1068ab2faa8d716ae3314a89afca5d261c70b7bc195869f8dd10c
event:f96e213883a2321c,イベント,活动故事,WHEREABOUTS OF THE FEATHER～羽根の行方～ チャレンジクエスト1,WHEREABOUTS OF THE FEATHER～羽根的行方～ 挑战クエスト1,1,1,f96e213883a2321ce2a0c36432a2eb503545150aba66cd8e1491447525557daa,a407ad86b565ec1a706b518d4c1423e56ca3505c02f1b0d791872c929dbd5399
event:03385a98463a6ed8,イベント,活动故事,WHEREABOUTS OF THE FEATHER～羽根の行方～ チャレンジクエスト11,WHEREABOUTS OF THE FEATHER～羽根的行方～ 挑战クエスト11,1,1,03385a98463a6ed836c33e528da0140932bd764b00c1be5cbc69410c468b317a,6ce9d6f81c3b54af2ba182e6972c52fdcf108fb2f3fe641e19b2b4155153a250
event:23e12c4f3079b132,イベント,活动故事,WHEREABOUTS OF THE FEATHER～羽根の行方～ チャレンジクエスト16,WHEREABOUTS OF THE FEATHER～羽根的行方～ 挑战クエスト16,1,1,23e12c4f3079b1323845dfcb37d32904a31ff0bf603f3ca551f1f3ba019497f5,8fa0555a762e5eed00e8abea79c763bb4bdc1c6435d2b71fdb269fbe52f643b8
event:e25008bc1e73e696,イベント,活动故事,WHEREABOUTS OF THE FEATHER～羽根の行方～ チャレンジクエスト21,WHEREABOUTS OF THE FEATHER～羽根的行方～ 挑战クエスト21,1,1,e25008bc1e73e6968b0d53493cd57bd1d868c826172782290a97cf16fc362ccf,6b168c89688d92d239018fc5a1da9ef5d4ff65ed7d1a313ca3d04dbba3efc99d
event:10549afcca36141b,イベント,活动故事,WHEREABOUTS OF THE FEATHER～羽根の行方～ チャレンジクエスト26,WHEREABOUTS OF THE FEATHER～羽根的行方～ 挑战クエスト26,1,1,10549afcca36141bd6df2c40dbb91e236fe6923c4d0366cf79dee5a253517794,9c18b4bceaac23c7627bcff8518c60b7770939cfe217ba2432875b76d983b79c
event:f899b5a1243f1391,イベント,活动故事,WHEREABOUTS OF THE FEATHER～羽根の行方～ チャレンジクエスト31,WHEREABOUTS OF THE FEATHER～羽根的行方～ 挑战クエスト31,1,1,f899b5a1243f13919f12b0cb0916f2d2e928e233df0d2160f019cafd8c66c491,aa1dbb97f2272906da6681503d064aacd15c0b42fb47ece651f95636cdf900e3
event:72e064052b4c9618,イベント,活动故事,WHEREABOUTS OF THE FEATHER～羽根の行方～ チャレンジクエスト36,WHEREABOUTS OF THE FEATHER～羽根的行方～ 挑战クエスト36,1,1,72e064052b4c9618f0e41057af39e097f440fe676d1bc2c557d3ba881d40e2ba,516c195807d7b8e0a2f3c07eeb59e0fc11844b591bec809e8f1d1628c11eff22
event:6c52d9962f32c125,イベント,活动故事,WHEREABOUTS OF THE FEATHER～羽根の行方～ チャレンジクエスト41,WHEREABOUTS OF THE FEATHER～羽根的行方～ 挑战クエスト41,1,1,6c52d9962f32c125cf3d2852cd8b920d86c56d2d7805041ff5a066eb2c547496,658669637887f0428d84ad590081d6b56e711a920060abffe055eee3ed5b6957
event:9c6b20fbb084aa81,イベント,活动故事,WHEREABOUTS OF THE FEATHER～羽根の行方～ チャレンジクエスト46,WHEREABOUTS OF THE FEATHER～羽根的行方～ 挑战クエスト46,1,1,9c6b20fbb084aa817cd07ed44a6e66725346b8fa28eceb0a1f9b688c97296d46,9df65e8b0f9d59b0b363564d4812a2b987adde172fd41fe500477b8034c38514
event:66c3f6e5bfa92085,イベント,活动故事,WHEREABOUTS OF THE FEATHER～羽根の行方～ チャレンジクエスト6,WHEREABOUTS OF THE FEATHER～羽根的行方～ 挑战クエスト6,1,1,66c3f6e5bfa9208557e6c0eb69e4662d8889d68acf0f0394458c4d29574e213e,34cf2a57a1618d1daa8a6fadd04af8750432f79412af88fb19d3e0b53b9a8ba4
event:d1d9e7a4606277f4,イベント,活动故事,Winter Recollection～まだ透明な私たちより～古の物語,Winter Recollection～来自仍然透明的我们～旧时物语,1,1,d1d9e7a4606277f489bd44fb0cb890e60fd82e9e1e9210f107e700b71864b70a,12aba58762e7155a913c0bcc3024fce399482d426dce8b0a680640d99c6a4d28
event:6387c5e77c64bb33,イベント,活动故事,Winter Recollection～まだ透明な私たちより～幻の物語,Winter Recollection～来自仍然透明的我们～梦幻物语,1,1,6387c5e77c64bb3397b0289c2f0397556dc6b041f258603f987a971eddd54e5f,d5fd34b686b08ab88d7cd8cc8bfe8268420e48cf9b4fa40c5d5a5a7892a61ede
event:72295687d10fbddc,イベント,活动故事,「普通」でありたい伊並満,想「普通」地活着的伊并满,1,1,72295687d10fbddc5446969da82570ec6dd19bae4460ed45bee6ee04e6ced39c,4fd86558a656231974958ee9d3e52f314e8baf3109c069d741991db6e9e530f2
event:7a3fe1d6ee421a32,イベント,活动故事,あしたの幸せに花束を,为明天的幸福献上花束,1,1,7a3fe1d6ee421a322344791181ed7b9939b6ef850a88a69e18256599e2b057e0,c880e96f929495d5c7e1ae2efc01d3c4065ee8b78245108a8c5dc2494ccfb194
event:2b327439cd1b9f8d,イベント,活动故事,うたたかの夏夜,うたたか的夏日夜,21,35,2b327439cd1b9f8d1912c64d486a6d579aeb3efaa182b73f041df67836b381f5,08291f8645a958202b17e6b789edc6d9e36926ea27282b11f92f837cbcea29ba
event:b55e99d17b5839de,イベント,活动故事,うららとナイショと送別会,丽与秘密与送别会,1,1,b55e99d17b5839de0320470e258d1c02dabc04981a43acd3976177d3fe6c464d,a580dc48708e299beb542b5a26f91fce02791dba828348921c55d60cb62494ee
event:3aebd70430a876d1,イベント,活动故事,お月見は優雅な茶会のあとで,赏月就在优雅的茶会后,21,36,3aebd70430a876d1d2a266f07986246aab8addc278ddbe38c934a9ce295f91e2,29920736e5aee9d0a7a594318fffe5eb76beb10f60b078409731735392d60a5c
event:8cd1725423ecc611,イベント,活动故事,お願い結菜さん ～悩みごとは長女にお任せ～,拜托了结菜小姐～烦恼就交给长女解决吧～,21,30,8cd1725423ecc611e08786b62b9ab2c97b8e14674ebb7c07578b8c322cf27c94,549a3ea621be116419180f5bc2e6ca85c30e5bf07b12957e8a250f43c66af6dd
event:3b831773876ef7db,イベント,活动故事,かごめの百怪波瀾～炎夏の宴～,笼目的百怪波澜～炎夏之宴～,1,1,3b831773876ef7db67d413c27a26a1cc5d5092948d1c7fb5d59a35ce20f3fb70,e0894e4803a60b7cbe96a3703a68efa224e16f30f188c83833da882d5ebda5af
event:799d370e7b574a06,イベント,活动故事,けふをこえるゆめ,超越今天的梦,25,50,799d370e7b574a069acf51325d41f97d51164810018caa0a98033b6944307937,a72b4492db211cb2c6dc6bdbed1caadb34d8aa6c5b395238227a7c38fa75218c
event:d5fc13789c3405b8,イベント,活动故事,そしてこれから。～うわさのウワサの噂～,そしてこれ来自。～うわさ的万年樱的传闻的噂～,13,32,d5fc13789c3405b8e8e8e1f1066ccd649f0636d0eb99d27eefb45d63af148c40,7aabb16e3a28b3c5248f7773334fd938e2be48853e17179340bd055adabd6493
event:8ed979728a29abef,イベント,活动故事,ちぐはぐ!?アルちゃん注意報！,不对劲!小阿鲁警报！,1,1,8ed979728a29abefe3c622e5b36358e11eb8d15f1f03c55942d01152971dda0f,f94fbfc7bf44f8c4f7d1bd78ac42dac01dcf7bd04a0c24d10bfe61dc7e4baef5
event:e7e75376aca7dbb9,イベント,活动故事,なだのよびごえ,激荡之海的呼唤,1,2,e7e75376aca7dbb9a72ec6adab20281a6c2d665b5dd128a8874f09c3ac5257b1,37a0a810213c4ce69d1e7ac4979397bbb9e505364141e909dea1752b4452b1d3
event:6875256f8a5d94c9,イベント,活动故事,なだのよびごえ みたま編,激荡之海的呼唤 御魂 篇,8,14,6875256f8a5d94c91b4a873d1995434a409fbd38e24d97822846f778e0371721,3bff280d7ea0aa167fa6d6144793dbfcf927adcb35aaf65591e900224a2c3330
event:bbfd889d4abd7fe3,イベント,活动故事,なだのよびごえ ももこ編,激荡之海的呼唤 桃子 篇,7,13,bbfd889d4abd7fe39195b01496cf8e3550ad79b8c6b6b4f1972f946349167490,21536b8c6ce4dcbfb33c641c41c819a2bac154784ce0b75caa632f7047c98770
event:0d0f0a5efaf99238,イベント,活动故事,なだのよびごえ 全体編,激荡之海的呼唤 全体篇,26,34,0d0f0a5efaf99238e00ef891f8538dd82f7c4aa0b823493e3a23d0a746d4ed7d,b3705b16c1d786a6b32fb2cfd853af36e2c98a96642feb186f45a84a30192071
event:b4625b03386b4d35,イベント,活动故事,なだのよびごえ 全体編INTERMISSON,激荡之海的呼唤 全体篇INTERMISSON,1,1,b4625b03386b4d35d83daf32c1cbfdaea041d45acf2ee2b6f082af1a01e8f229,c102c267c89dc436cff34ab16bbc945d5094f4bec99db70300f4bbdd528d437d
event:8cb2f2f01d939abe,イベント,活动故事,はじまりは夢を重ねて,始于重叠的梦想,1,2,8cb2f2f01d939abe02b61f2b5eabeded231b2bdb5d7c895a8313c8f77f9829b8,6bdaf1ab89fb34d6c05ea78cb5821a92c2993a03902c5be1034ea737a7d446f9
event:15a9677ca0037fe7,イベント,活动故事,はじまりは夢を重ねて あやめ編,始于重叠的梦想 菖蒲 篇,6,10,15a9677ca0037fe78e27ad9d040940cdecde583bffa95edcbfc98de8a1436405,b0a96c267e3a88d519c384cf3b2702411b9de9daf1e4e587b6d5fa10a311b92f
event:f4b0213ed4ebe126,イベント,活动故事,はじまりは夢を重ねて このは編,始于重叠的梦想 木叶 篇,7,9,f4b0213ed4ebe1263dba23bec150f7341e37c23754ce6e8bf0070437b12b0640,a88ad78131d149d9be5d2c6965f7117603607298922e0799e03ecd50b1d970c4
event:bb1e63eac90b01d9,イベント,活动故事,はじまりは夢を重ねて 全体編,始于重叠的梦想 全体篇,32,62,bb1e63eac90b01d9a8fb96b8f8f450130297df7f847803d492ebde8e4e9f2372,b8e7e731fd588b6404ef0a776d34980a5fe1bf93d4eb081b38f16cc64bfb5898
event:ad8dffd596aaf564,イベント,活动故事,はじまりは夢を重ねて 葉月編,始于重叠的梦想 葉月篇,6,12,ad8dffd596aaf564d1f8d9b033e1e23131833452fd8c58aed27c37d3b9814440,c48f610d21ccf25a331567cac5cdbdfaf47c6f67c8bcf89bbab808382a0b4646
event:e50888375ecb9c3e,イベント,活动故事,ほわほわ少女頑張る!,ほわほわ少女頑張る!,12,25,e50888375ecb9c3eb3e79692aba18be18109776f0070e6584705beb6c1ad17b6,658ecf7a098ca09f7cbd6f606036bfc9f3ffec62247145af9dba2f6d723e00c6
event:b2c5c04a38a3c8e7,イベント,活动故事,みかづき荘のMerry Chrismas,みかづき荘的Merry Chrismas,29,46,b2c5c04a38a3c8e765ed658acc9bb193c0ad7d56c2005c6e0076e752ced4609b,a23ebc42a2b5199d83e8804452549af14dc75d354b30cd195b8f2048ad774c3d
event:fa89ebeea2455c03,イベント,活动故事,みたまと美味しい新年会,御魂与美味新年会,21,62,fa89ebeea2455c034873e1b0a8fb6c3c1cf42aa7d5f045d5eb36aa5f75d3eef5,277a801b9471fd9982b2326a690e9095fe57e5853c717c4971c6b374195742f2
event:fe0cfa01a0752afd,イベント,活动故事,みたまの特訓 いろは・やちよ編,みたまの特訓 いろは・やちよ編,3,13,fe0cfa01a0752afdec8713ac8f542b2d20186888e633b6e951946e31e85d7c74,0f6d8d57c26df999f21babd2abe7e0911b4892d7ad6957297681f5570d9cbdb5
event:3499ca47ad6667f5,イベント,活动故事,みたまの特訓 かえで編,御魂的特训 枫篇,3,10,3499ca47ad6667f50cc2e5a0d18a3371f0f8f8ad7d8bb4c74ab17d5ed87140ae,4fa40aba448ce6e9093de5bcdecf8acacfe66ac85b41f5b4cba858d99d4a848e
event:15d1bb044c69e1d9,イベント,活动故事,みたまの特訓 ななか編,御魂的特训 七夏篇,3,6,15d1bb044c69e1d9040070fcddf4ce1cec97ef6ffc69f2875a3e1ac9ed41f30b,d82873ac2140071a4e78dfd77c49bb5d19a154fdefdf018545333bacd4d82a8f
event:e363fd1a436f75fb,イベント,活动故事,みたまの特訓 ほむら眼鏡ver編,御魂的特训 焰 眼镜ver篇,3,16,e363fd1a436f75fb5d5f045dec3380aa2696133586e60d92e8fe574502871fed,3e8b886935a9e4fc4b2b016da67de5404e5ada47aaf52d446de650fa3bc53f5a
event:5a4ff29c0cf012ae,イベント,活动故事,みたまの特訓 みかげ編,御魂的特训 御影篇,5,10,5a4ff29c0cf012aea00aad433af3f405bfd3b13c81f1ade2d001294cd48b90a5,a4d0a56e40b42ecbe6d37a86af1568453fe4c8d0f0c927a6593777255b797c49
event:e48d44402085bc0e,イベント,活动故事,みたまの特訓 みたま編,御魂的特训 御魂篇,3,21,e48d44402085bc0ee164bea7bacf2687b07c4fe9a9f9ed144d45200c34e538c3,82b289b69ee603092974c43648d9030f563f1891ee53eaec289137886b03c04c
event:90ec5c8e8fde0f5d,イベント,活动故事,みたまの特訓 アリナ・ひなの編,みたまの特訓 アリナ・ひなの編,3,10,90ec5c8e8fde0f5d63e9d84e3d5df20d334dfaf130ee2c71da2ad3f19efc3d2e,3416e8ea18c4979dccb539878c27cd437b8148eb0c2dc88a7f90c0919e34fba2
event:c99b0faef184a9c5,イベント,活动故事,みたまの特訓 ウワサの鶴乃編,御魂的特训 传闻鹤乃篇,3,10,c99b0faef184a9c53a6c05059ef3b196ba5b299673793f7bb764848bccf88b3c,8087f43bdacb26272a0055d8ba540b7b04331eb9010cb5945fb2adf247cf33c4
event:15eebdf604616f6e,イベント,活动故事,みたまの特訓 フェリシア編,御魂的特训 菲莉希亚篇,3,10,15eebdf604616f6eb37c0163af9780e22035be5ff284a1f4ebe28ab63f26050f,b0df03e627856c628e1a4e283d30b0a6c71c2256c835ee00d768f528a846bafc
event:5e52e00c779f496c,イベント,活动故事,みたまの特訓 天音姉妹・鶴乃編,みたまの特訓 天音姉妹・鶴乃編,3,8,5e52e00c779f496c61670f1adac4b5c7485b67c7026d7908d575bc265ea8f03e,f754ceab98b8016dcf1e2e51f5f969c90aab005eda167e17ddd5e873e613ac2b
event:5017bd38eae8e52f,イベント,活动故事,みたまの特訓 明日香編,御魂的特训 明日香篇,3,5,5017bd38eae8e52ff2b5e09cbde6857923bc61728150137d89eb3a5fb94926ec,a2584c4fdd99f2e2582f30ed25db691eeac39107e1550e829ce983c50b0e92c1
event:bd593d66c7b0822d,イベント,活动故事,みたまの特訓 月出里編,御魂的特训 月出里篇,5,21,bd593d66c7b0822d1164ff956b7c8adbb57afb2afa6a2c123aab840599eebb72,93bd857c6d9ffecaadfa5cc62db2dee103743c3e32fca051139270212a94135c
event:ab62708a81ec8ca7,イベント,活动故事,みたまの特訓 杏子・フェリシア編,みたまの特訓 杏子・フェリシア編,3,3,ab62708a81ec8ca76012a46ab5ad548db7de7ab324cec35f65d39c1016257421,7881cfa76c32bda552e6a507b7262014c57e22e0bd5febd17c37133a91dc1e4e
event:f6311d6deddec5a5,イベント,活动故事,みたまの特訓 美雨編,御魂的特训 美雨篇,3,5,f6311d6deddec5a5980295c39ea488e519a80cbe044d575e7e2834ff18838a20,13129ab97dffab0d25d3f2da0ed2827a80de9f16043edf6109f580bcd783e93e
event:4cde75b3f83fd053,イベント,活动故事,みたまの特訓 衣美里編,御魂的特训 衣美里篇,3,4,4cde75b3f83fd05384d86f7b1b6bc778441f4b6893d9c4c2149c782984c50262,b90622b45cee1c22a5d06c7479ae2d3a4fd189a3c35438e963d8c48d6869bbb9
event:0c6d23ccc022e777,イベント,活动故事,みたまの特訓 静香編,御魂的特训 静香篇,5,12,0c6d23ccc022e777a094dc4a5954c194423d48dca1e60fb244bfe1a579f5c6d5,20e8e97403ae6483b0a6e83f7c50ac3a8faacfb5e0a3e73e8813b8351f8e111e
event:7e4e4b6f59c0c512,イベント,活动故事,むすんでひらいて座談会 ～第2部をまとめて～,握成拳头然后张开座谈会～第2部的整理总结～,1,1,7e4e4b6f59c0c51249f5650e912719107cd94b52dcaf8e9cc349c941ca29953b,ab55abec2518cb2304b21aca89800adf267266adaa77c3a50aa4c77470fc439d
event:3bf77cbe27998be9,イベント,活动故事,アシュリー・テイラーのジャパニーズホラーはどこデスカ!?,アシュリー・テイラーのジャパニーズホラーはどこデスカ!?,21,40,3bf77cbe27998be94f2918af4c9fcdd454e1157957c17da9c42b38fab3a6f511,d20f8273b0224e927bc2f1493bb83ac3ee407f5da5cc0fdbfde96b194505c378
event:0121886dc6782c45,イベント,活动故事,アラカルトバレンタイン,アラカルト情人节,42,108,0121886dc6782c45a571e2de74417ada14fc2a0053b41eb3fecffdfb1090ff32,d1b142de096e86c728b42fc44eeea62aa2a185826f49728999a90dfb57568a21
event:8189f270e464e9fd,イベント,活动故事,アラカルトバレンタイン 2nd,アラカルト情人节 2nd,35,124,8189f270e464e9fdcb8e15419d1922c4391be27468b912088d52ee64dbfced74,fe21f7205fa26db2765db6e24771a38699e49c70212fc8ede0f920a8fc3987a1
event:fb9f756c52e607c6,イベント,活动故事,アリナが街にやってくる,阿莉娜 街于やってくる,19,64,fb9f756c52e607c6507b64ea66118bb5194ff3d80f26a01143e26da965f9e5ca,59a752ef7c872c66b0182a4f334e0be9b7042a550174e69a37991d8c7dae3308
event:c834481195fafbf4,イベント,活动故事,アリナのアトリエ～Factor of Despair～ (1回目),阿莉娜的工作室～Factor of Despair～(一期),1,2,c834481195fafbf41535bdc9d790dddf7b05d32248127d47de99e49e3735128d,8d61d93cfb3ef90630218a573bac4bdd911e91b2ce412cd30e287d1c7af02e1c
event:2ec56a784653f40d,イベント,活动故事,アリナのアトリエ～Factor of Despair～ (1回目) 五十鈴れん,阿莉娜的工作室～Factor of Despair～(一期) 五十铃怜,1,1,2ec56a784653f40d2ce962fe28a33d37f1395462e2b73749d55a5a1055d47b5a,8326b6a8d514e56b5d3eaa683f16037cd2eed2550a3c9f789a0dcc2005dbaa27
event:37ae3ede79283fd4,イベント,活动故事,アリナのアトリエ～Factor of Despair～ (1回目) 保澄雫,阿莉娜的工作室～Factor of Despair～(一期) 保澄雫,1,1,37ae3ede79283fd495a70ac2a0111a84c5e92d85a6d47669d7e345d03cc36417,4108ff72491a3f54f5b0e83b5c06605b2d1f3cf17f59f7e63cba9e2cc7cfcb30
event:a0f034c0c34f1585,イベント,活动故事,アリナのアトリエ～Factor of Despair～ (1回目) 木崎衣美里,阿莉娜的工作室～Factor of Despair～(一期) 木崎衣美里,1,1,a0f034c0c34f15858b3684306949eb3ede33ba19c94f0edee4ec695bd00bf998,edffa7eef3392963df2d309de008a67ce6f9601621a87ad2d8908904f93aafa4
event:22bc6bd5c7edf73c,イベント,活动故事,アリナのアトリエ～Factor of Despair～ (1回目) 空穂夏希,阿莉娜的工作室～Factor of Despair～(一期) 空穗夏希,1,1,22bc6bd5c7edf73ceef5e8067aed98b4b962942f295819a46848c1106820a87b,f1c4c17a6cf1f1c21361aa7763d2eae55a9447218dff7dae6ecdf0a8dfa8035b
event:2f350d78fe422f91,イベント,活动故事,アリナのアトリエ～Factor of Despair～ (1回目) 美凪ささら,阿莉娜的工作室～Factor of Despair～(一期) 美凪纱纱罗,1,1,2f350d78fe422f91fa0a91804328c94f936475e8eb4a33797d775b3dfd11128a,b4da80aab2406378a81db1baa43af76a4c15bae89d9a562d4fd6a97f7502e8d7
event:2a9f96ef91293960,イベント,活动故事,アリナのアトリエ～Factor of Despair～ (1回目) 都ひなの,阿莉娜的工作室～Factor of Despair～(一期) 都雏乃,1,1,2a9f96ef912939602c90198d67d91ffd2da1b6434f03db3bb93c65efcad17544,5c61d8f5be8d785e05b0ab16c1ba5c25ede9bf1a99b2c93bee8be9c69e56f156
event:ce17e121c525dcda,イベント,活动故事,アリナのアトリエ～Factor of Despair～ (2回目),阿莉娜的工作室～Factor of Despair～(二期),1,2,ce17e121c525dcda85e17e2eab64ed510bbbd5d381045402a512c37649276635,25320f030cc57314dbbb2abd4f8d882eea608a4dfded6e9a0f9fd5d64a2f202c
event:0e5d4df7133047d9,イベント,活动故事,アリナのアトリエ～Factor of Despair～ (2回目) 十咎ももこ,阿莉娜的工作室～Factor of Despair～(二期) 十咎桃子,1,1,0e5d4df7133047d929bd9bdd44ed411e99b44398259aaa03d5deaa2517533370,d57a0322a638403ac32f11731df29fccb40101d6fece4fa6f4921ffb812a4af7
event:7155d8d9757ce45f,イベント,活动故事,アリナのアトリエ～Factor of Despair～ (2回目) 夏目かこ,阿莉娜的工作室～Factor of Despair～(二期) 夏目佳子,1,1,7155d8d9757ce45ff86862a1e40b9649867e6b5affa655f3485a4c160faf626e,fbb2a06028a5ca81bb38f5fdb2f22e88fd12d96633bc5c795d12e31ef854dd67
event:7e10da9d85fe9bcf,イベント,活动故事,アリナのアトリエ～Factor of Despair～ (2回目) 常盤ななか,阿莉娜的工作室～Factor of Despair～(二期) 常盘七香,1,1,7e10da9d85fe9bcf692b352fcf95631ceab93f39efdee4b4a8901738de9dbcec,61da550da31f18c952c034729fbf5f61d0f883eaa29d834290f9f809b568380b
event:aa01ff303fa3db14,イベント,活动故事,アリナのアトリエ～Factor of Despair～ (2回目) 春名このみ,阿莉娜的工作室～Factor of Despair～(二期) 春名木乃美,1,1,aa01ff303fa3db146cf4abc749b5cfd43c0945924decaae1bbf2f41484b19f39,bdbf2c8a5bae22733113726a71c12b599bb5bd444e426e8ecaf9b68bd7f3f5e9
event:7f103142e8e96688,イベント,活动故事,アリナのアトリエ～Factor of Despair～ (2回目) 水波レナ,阿莉娜的工作室～Factor of Despair～(二期) 水波玲奈,1,1,7f103142e8e96688f53dafb7f0b9566e49ee24d0c202b1bfdc22b7cbf9c5bf4d,bd543c942be013dadee493e706662ee3530db27e45b043e9dccb4a68d3081664
event:e901717a1160140e,イベント,活动故事,アリナのアトリエ～Factor of Despair～ (2回目) 秋野かえで,阿莉娜的工作室～Factor of Despair～(二期) 秋野枫,1,1,e901717a1160140e20c1d5fb817887885d9ef0675ecf0471920782d0921aae89,820c5af0bc9344b80868637551acfc2a445fe6cfb465cedc8a93a0ca66a94970
event:97d887eaacade0ba,イベント,活动故事,アリナのアトリエ～Factor of Despair～ (2回目) 純美雨,阿莉娜的工作室～Factor of Despair～(二期) 纯美雨,1,1,97d887eaacade0ba7ee30ecc1d0c5e80ea28124f23578088acf434cd37780ec3,0395938913b560e15e8e864b76e9bf83643f3dc176ea820791094ceda1487f3f
event:32aa9062a994bbad,イベント,活动故事,アリナのアトリエ～Factor of Despair～ (3回目),阿莉娜的工作室～Factor of Despair～(三期),1,2,32aa9062a994bbad3d2da4aabb1d7ecc86a5786eb87d7857dbfe867b8813d856,2d791129288b7e639f75c161f314575c01bf1434d646142b899bb58283019108
event:bc1b3074d07449f3,イベント,活动故事,アリナのアトリエ～Factor of Despair～ (3回目) アリナ・グレイ,阿莉娜的工作室～Factor of Despair～（三期） 阿莉娜·格雷,1,1,bc1b3074d07449f3d3a5fb062636205289b254a83306d8aaca139d5a45f8a659,537dbc2aa997a2205bd22e7e8af09e8f96373fb725bd78ab444b93cb07d031b2
event:95e9fdc7d01212f4,イベント,活动故事,アリナのアトリエ～Factor of Despair～ (3回目) エンディング,阿莉娜的工作室～Factor of Despair～(三期) 结尾,1,1,95e9fdc7d01212f40ca7d6f2a5d61f07fd7ae31059d530235c338f37e0048ad5,e8ba7f888c9f9348a176b4067db969081dd566812b68f85f2d9a908c2309bd29
event:7eaff92b2cfd686f,イベント,活动故事,アリナのアトリエ～Factor of Despair～ (3回目) 柊ねむ,阿莉娜的工作室～Factor of Despair～(三期) 柊音梦,1,1,7eaff92b2cfd686f60948e063691eee068fa7be62ae137d1b2c2bf0523353092,65b11ca7c4c6ee2b5717a31aff6a430a4c329250d0a4c233b0e2aa34bb313173
event:b2c742df3dc4023a,イベント,活动故事,アリナのアトリエ～Factor of Despair～ (3回目) 梓みふゆ,阿莉娜的工作室～Factor of Despair～(三期) 梓美冬,1,1,b2c742df3dc4023ab2e994d468473ced7073dfb901aac33702e6c38a163e4ee9,6de880161fd7d49f133f75a1ede5d98d3d8764787c4be0bd3c5385eaca030551
event:6fdca5a888dd9e1a,イベント,活动故事,アリナのアトリエ～Factor of Despair～ (3回目) 胡桃まなか,阿莉娜的工作室～Factor of Despair～(三期) 胡桃爱香,1,1,6fdca5a888dd9e1ae25f3369785162d58b28e67daf0dbd1f7a4ac57f921c37d6,7158e75fab59a293dae5422ada5c79571e22e97fdcae6772d048285474b2d5c3
event:c3e545644746017b,イベント,活动故事,アリナのアトリエ～Factor of Despair～ (3回目) 若菜つむぎ,阿莉娜的工作室～Factor of Despair～(三期) 若菜纺,1,1,c3e545644746017b16b231a96ab18476fdb88d343fe0af00e37b6e68e4b3245e,930b004acc58f29dc43c52478a7fb94f9d2c9a038a1364ac93ea8672f927ac6f
event:cec45af494e3538c,イベント,活动故事,アリナのアトリエ～Factor of Despair～ (3回目) 里見灯花,阿莉娜的工作室～Factor of Despair～(三期) 里见灯花,1,1,cec45af494e3538c0c7c1590caa5e960e82daf5da30b471764b737656fcf8130,f1a6596b32516c11c294cce8cd672f4e84994730930e7f13fdf9952a00983edb
event:12d6b8a6eccce9b2,イベント,活动故事,アンノウン・ストーリー ～真夏の魔法と明日の記憶～,アンノウン・ストーリー ～真夏の魔法と明日の記憶～,21,43,12d6b8a6eccce9b2a838c741cca973ab59107d4871af95a23a8a36c039d20f41,47b1e6511e158eeb7437c144b96f4e5db015c939f0f8d4ee095702382381c616
event:d4501dbeb8746ddb,イベント,活动故事,ウワサアクアリウムへようこそ,由比鹤乃(由比鶴乃) · アクアリウムへようこそ,21,64,d4501dbeb8746ddb2ba435ad76807e0136d4bacc301af7421948eee7b817ccb4,10157145ff9391869b0c774beb1ce0842e4d3658cbb3ad4435b0cdfed7edf429
event:71fbb634939afc07,イベント,活动故事,オマエにずっと手を振る,永远向你招手,21,32,71fbb634939afc07d7e79c7c5b101ab248870d4aa4be77388b89110f8db88677,140ad69a546c39beea247bbbc8efdfc26acf21c27d80bf2d7ea3516139d0dd05
event:5928f0b7796cfb6e,イベント,活动故事,オモイデ・ドロップス,Omoide Drops,1,1,5928f0b7796cfb6e1c7eafb3f3851f0f22966029f9c87f1c3f2fbad0486c3c50,5c759af305cf53274f5c9f93076918b5a0a9d3b36f1d2285f8c32cde8df7de43
event:6ca3002cad7d253d,イベント,活动故事,ガールズ・イン・ザ・フッド,ガールズ・イン・ザ・フッド,21,54,6ca3002cad7d253db36610cb11ceabecc6611251e8f14679458550d6cd6f37e0,479e4b8534f3ad564d9168dce61e3cc809144052d0e8ca9c53d32e6e00eb1be8
event:17c66152e66d34db,イベント,活动故事,キモチ戦特別編 アリナ・イブ,心魔戦特別編 アリナ・イブ,1,1,17c66152e66d34db107580322c5e66b683bbaf0c3ed35180d86b732a0884156d,87e35ddb94ef4f0af813a7c66dfc7ca68ba35441e60abd817e79d9f46352d023
event:420900b88d8a4113,イベント,活动故事,サマーポップフェスティバル！～なぎさのアツい夏休み～,Summer Pop Festival！～渚的炎炎暑假～,1,1,420900b88d8a4113a1ba28fc5a205730880017a081f3bd465540e06e7c403b96,e351db4d2c0113d904353b6e0bf5a4fddbf4dc89b50c3979c89ce5fd4b79ff9f
event:b6f0b03a80d56c3f,イベント,活动故事,サヨナラ・ストレージ,Sayonara Storage,1,1,b6f0b03a80d56c3f74259a52738a3d1cca827c58f41178443ca49a5a3d5f2f2f,72aeeeef7d439703c3a43833652cce4ac2cd3fc04ffde70111b6085649c14c4d
event:e518fc1cde29da7b,イベント,活动故事,ディペンデンスブルー,Dependence Blue,49,114,e518fc1cde29da7b775f5ee8beb7372bf6376ca3a7c08559c5cf5d5143f77b67,90bffba04ddbb77f3f0070118ec5f83d8480e49a4e412649796653fd69471c0b
event:b54635ab77e312a9,イベント,活动故事,トリック☆トラブル☆学園祭,トリック☆トラブル☆学園祭典,1,1,b54635ab77e312a99d28a0ee5fedcd52c93a5708f4d3b587d82baca7f08d0be8,b4f46f329b5a66f44d1132393836fca70bb365d6e0dc818313d01ba345e60d1c
event:c57efdd037e1674a,イベント,活动故事,トリック☆トラブル☆学園祭 BADEND,トリック☆トラブル☆学園祭典 BADEND,10,16,c57efdd037e1674a1ccda5956394efdd71cb4e0ce8cf0771439bb51f13f2a8ba,046fe72278061cdf0458b8c5deec3af837a95139cbabed2201d8e3dcbcf8b219
event:b99c7f8c7334e7e0,イベント,活动故事,トリック☆トラブル☆学園祭 トラブル編,トリック☆トラブル☆学園祭典 トラブル篇,17,21,b99c7f8c7334e7e00e73a876fccc7e9a396cfb9e8ac35ee35af5070b46cc35d9,487597ab9a7ac08925f551e437b23703703fafa2e3109dea60101eaa4b49aad6
event:4b9a778b1526e6ce,イベント,活动故事,トリック☆トラブル☆学園祭 未解決編,トリック☆トラブル☆学園祭典 未解决篇,12,17,4b9a778b1526e6ce12e205f52c87ab569c6e747e8eb5f5cca3e6f9f56328babf,6a3c19fddaac888829d10eed2279c1ddbecd5d759b683fcb6c602459985effec
event:56102bdd73760e37,イベント,活动故事,トリック☆トラブル☆学園祭 解決編,トリック☆トラブル☆学園祭典 解决篇,13,15,56102bdd73760e376dfd6ff1f7de14b380eba743ebc5a4b07f2588c3b46389ba,dc61fec7013de8f085d277e05d38f1342775e01b739cbe36a0d83393c132753f
event:6fe237b9b000ae02,イベント,活动故事,トリック☆トラブル☆学園祭 通常編,トリック☆トラブル☆学園祭典 通常篇,9,19,6fe237b9b000ae028784fbed385d6b2d90b6afc35d57d28b7333dc763685ec6c,c1b058213db032e99847e64afbacd6676672898c47d9e67c5b293d962d9a5c6b
event:3a5f9879569a43c5,イベント,活动故事,ドリームハロウィンフェスタ ～アリナ先輩！いい子になるの！～,ドリームハロウィンフェスタ ～アリナ先輩！いい子になるの！～,48,90,3a5f9879569a43c5e3446b40f4cedcea02bcd81bab5a4a5732881e84f279f027,d3c22b0da39334f258b07b66e75cb27f9029913023aa42f1d6c1781a14a40fb2
event:461506568a586be7,イベント,活动故事,ナハトメルヒェン ～水際に君がいた～,暗夜童话～水滨曾有你～,21,54,461506568a586be7a82efad1351026fe919cd9fbf289102d0cf134c7bf9cbbff,07b74c9349c5ec9c715218b2820b6834dc94a4a02ac46737c19c35821b26e8a5
event:b3205bdb398346f0,イベント,活动故事,ハロウィンによみがえる同胞たち,在万圣夜苏醒的同胞们,1,1,b3205bdb398346f0a1a757c808463f7b3ad5c6f41e1eea301697743b448bf0a5,2efde514110e04a3e115565d3cf39851528ffa64a89112f90db0488659007a0a
event:ca0198dbe55841c0,イベント,活动故事,バイバイ、また明日,バイバイ、また明天,1,1,ca0198dbe55841c0215f7a03c80adaf45d5f816127101f578c2f5df11faeb5eb,18bfac4df135ca8886ea38f805e8ccaeb8e86ee310f7fefcce35cb4a16e54de6
event:e3a73981971d6e30,イベント,活动故事,バイバイ、また明日 せいか編,バイバイ、また明天 清佳篇,22,33,e3a73981971d6e30fedc19c9265be1421e2c42d2d8953e0351b9f780cf65c0b5,5a6e84cce935d25303d83fadcd9d71872d8417507b0929eb6478ac61fa4690f8
event:c1e038a34e2346f6,イベント,活动故事,バイバイ、また明日 みと編,バイバイ、また明天 未都篇,21,33,c1e038a34e2346f6ac747d7c8adc4c7487bf2b891950eadb2b7e5478ec2f4edd,a02791f2086e7dee66cc8e9d58490a8716bcc54391d239958d8a75aaf303b826
event:ff4409e2f1179239,イベント,活动故事,バイバイ、また明日 れいら編,バイバイ、また明天 丽良篇,23,31,ff4409e2f1179239dedaa4826d0a8d57bc48b8f09fcdfee61967914a5030e165,729639c5116d0834cdc5e736d535540c0b4f4eaca7fa160589d0b4e4b9881a17
event:436fe15a1b5d671b,イベント,活动故事,バイバイ、また明日 ３人編,バイバイ、また明日 ３人編,8,14,436fe15a1b5d671b7be228f4fbbed87f4e30834da9c4f3ddd7b17eed9cd436a0,a940009b6a8478451fadfabfd6878043e18d7fed6844a013bee935ec6d61f16b
event:9905619e036c73c7,イベント,活动故事,バレンタインメッセージ～思い出は淡いくろ色～,情人节祝福～回忆是褪色的黑～,1,1,9905619e036c73c718e895ef1717a897e0b668af9bd55fc67f1687894517cc63,4b49444fdc6c5a0dcd604ed71762b1f432d40e8486d507de4436650159eb5764
event:6810b034f9bc118b,イベント,活动故事,パラダイスシフト～帰還の物語～,Paradise Shift～归还的物语～,1,1,6810b034f9bc118be37d76e835c47bd4283c4ef19583737c7fcbfd6e1a44e4e6,c9f6f014227bf2f20f2e25c87f5a7f9ea0e164b83cb1813251f78fadd6cceda6
event:82ba33c534fd7ac7,イベント,活动故事,マジカルハロウィンシアター,Magical Halloween Theater,14,52,82ba33c534fd7ac794270325c04743ce544b368719721b51461fc16d09fab12d,2ed75e0bf44d0d174d0f2d8cb607a4e09b5807a84cdfcb1e9ab9e7acffe37a68
event:564e467cbdb44225,イベント,活动故事,ミラーズランキング,镜界排位,1,1,564e467cbdb442250e935938be552d2fc36bade95bb565f81dfc3b0badad01ee,b8816775381bec48ed581b69fae1626bee53ce36ba06616871416048dcb6dd23
event:81e5000fd8bf2e86,イベント,活动故事,ユメミルサクラ,做梦的樱花,21,68,81e5000fd8bf2e864c158e3c953e173d1c30ae8869704f04aa7a2c8b55c5ca76,ccd359ac53e74b544738e053b7f9c2cf657d3d23a8d684b8890afb45ce429105
event:0d1cac8432d0d645,イベント,活动故事,七色夏模様 ～ノートに記された日常～,七彩夏日绘～笔记中记录的日常～,1,1,0d1cac8432d0d645f963fc65fb6e7125e2b78d50ecb2b4b4f5a95d405712ffe7,dc50ab397c235293cdc5ff0fa16bbb070596ca1d8a9ed4091d019cbe4af3592e
event:187ca8648c58668f,イベント,活动故事,仮面生徒会の逆襲 ～魔法少女たると☆マギカ（聖乙女学園編）～,仮面生徒会の逆襲 ～魔法少女たると☆マギカ（聖乙女学園編）～,21,74,187ca8648c58668ff92e4f305c003239640ba94c93a0f34761222ae66177c158,4345d451abcc5d82e98dac7a270416f1e44212069038fa6bfbd21f6625ff8c5a
event:e50d3fbbb17b334f,イベント,活动故事,伝説の終わり、光の果て,伝説的終わり、光的果て,36,144,e50d3fbbb17b334f6a898353f6c7d6645220b013c4d85b3975255df296afad4b,546e70ad07608e0859ea3ede6a7a53ce35b275565ef3ba11f362a301d9a6987b
event:587cacb93894074a,イベント,活动故事,全神祭で遊ぼう！ ～私たちの小さな休み時間〜,全神祭で遊ぼう！ ～私たちの小さな休み時間〜,31,50,587cacb93894074a53cdc58a5d82b1a2e6cd6e04f8dd8c01d3c973ed9a92da5e,fb16369bde3fe6d4719118b94b4a52413340f0c8efe3726cfa1b3ead52d77c0b
event:24183fd60e79d1cd,イベント,活动故事,千秋理子のぶきっちょでもいいですから,千秋理子之笨手笨脚也没关系啦,7,22,24183fd60e79d1cdf34142ca9b11135fe6c97d91bc788b3824e5a7792ace5a2b,7b3be5aa93dbc546cbe317de71f7fd0ff52b71b785f8ca7832b7d4880bb4e304
event:f940317eb97416cc,イベント,活动故事,呼び水となりて綻び,成为导火索的裂痕,17,40,f940317eb97416ccf1a40a0ea97f2aee8512d8eae571fc239ffe71d1a8674b0f,dc97bdc8b4f064fc7900f1f572ad914851ee5b6fcb5210505af396f34c1f712a
event:950308fcc6e9be58,イベント,活动故事,始まりと永遠と,初始与永遠与,19,81,950308fcc6e9be5847556d8364745839984b4854434275ce8a50e27cf4be724c,ee7fb340caaf9541fe114d31f536c5b1644ba20b8c757ee3fdbb9877f514a09d
event:16159f6d1aafe463,イベント,活动故事,巣立ちは空を見上げて,离巢雏鸟仰望天空,21,49,16159f6d1aafe46362d1de53f0e0a8eb9ca7d2f4d18208de4d15027070d92198,fc506c79a9806268e2aa39f348e204b5390c459901798a89b8058ea505476f13
event:cd2a0a293201345b,イベント,活动故事,常夜の国の反乱者,常夜的国的反乱者,40,160,cd2a0a293201345b42bc04a4bddf46d65adabc0c05632b7fd83a62f808434fa8,8f7d29b6fe9b6c60cacc19b9bc674222892fd7a7e2672d24fed929cc5565cc59
event:ab8d8cff65c0847a,イベント,活动故事,彼方に届いて希望の一編 ～魔法少女なりたて物語～,传达至彼方的希望之诗篇～成为魔法少女之初的故事～,21,26,ab8d8cff65c0847a49cee609e917f6450de9864e564192028e7c66ffd6a52fda,9e30306f056f873e1f8441d8c035ead6f748fa0bf30959ac6b436e735810ac07
event:2de970e5ba50166d,イベント,活动故事,彼方より、あなたへ〜神浜大東団地の黄昏〜,从远方，寄给你～神滨大东团地的黄昏～,1,1,2de970e5ba50166da866c7993e32014d9928e5dd142bdf686f75e88d2b603f7b,9b97420970e809a2e184e93d2413a021c43b636247ad315d52ee49756fc9f912
event:fb0343e435aee7a7,イベント,活动故事,復刻 CROSS CONNECTION,復刻 CROSS CONNECTION,38,68,fb0343e435aee7a7d692ee32e27cbda95699a627b7ca551cece433d8fc343de8,4f9287bcb9c89d9194557c9b6f2e8da714fd54180fdb16c5d3b2119302b8d1ae
event:a9f1c94b1b83d3ac,イベント,活动故事,復刻 あの日の一番を超えて,復刻 あ的日的一番超えて,15,31,a9f1c94b1b83d3ac9117e8762befc20bc808a71fde380bfce297bff5348250ee,6ddfeccaaf73b313fbb9e3210ad0273c298dd2942238ba0a0247e8e4d15c2cb7
event:b05c6cf46597d9e7,イベント,活动故事,復刻 そしてアザレアの花咲く,復刻 そしてアザレア的花咲く,1,1,b05c6cf46597d9e71bfe666aa1445780d163a1a32e1109814059d5908cd4f08b,b3dfc6920aa3528f62734076357a0194a5c9d4066b6eb492e20f80fc35fb38fb
event:03b7fbfdafe95699,イベント,活动故事,復刻 そしてアザレアの花咲く あやめ編,復刻 そしてアザレア的花咲く 菖蒲篇,10,21,03b7fbfdafe956999ad0f5a69458c0e1310a35032b7174c5bc864f3bfb820c8d,4245af8159c9a7e21ffd0215a4f49b7ee4e3eebf42c32dcfd1daf33d10532ec2
event:3fd130e90aa6a335,イベント,活动故事,復刻 そしてアザレアの花咲く このは編,復刻 そしてアザレア的花咲く 木叶篇,15,30,3fd130e90aa6a335cd896c4df0fdb23e0d387244d21172ea419abfed4e8abac1,4f8a6a96414d64d75e4b165a6769f9ee53df8cef87603c7b6bc173343597d07c
event:0daad33aa6fe044c,イベント,活动故事,復刻 そしてアザレアの花咲く 三人編,復刻 そしてアザレア的花咲く 三人篇,2,6,0daad33aa6fe044c135e1c6a05f378d73e12ca30ecf8d107844c0340fd825584,adce7f6b8199e9cd1f1c209fe88e699b025cead5f424fd1cacec1de2a288a5a2
event:6a3637da48cf5fc0,イベント,活动故事,復刻 そしてアザレアの花咲く 三人編EPILOGE,復刻 そしてアザレア的花咲く 三人篇EPILOGE,1,1,6a3637da48cf5fc087a26d763cb74acb39f7b04a055402eabc782c1081efa591,98797dbedfa39f3e0fa8c5e748fad0075f0eac78b91fcd06b229ad85119804c0
event:9d4e45f540f57a3f,イベント,活动故事,復刻 そしてアザレアの花咲く 葉月編,復刻 そしてアザレア的花咲く 葉月篇,14,29,9d4e45f540f57a3fb6ff81d4e6eccd2568b9baac0f64ca40c03045d9c9e44f04,a1a405fa1b0fcfbe5952476386761e39ff62aa66c7a048c1005889ea083b5f98
event:72b10de88cb875e1,イベント,活动故事,復刻 みかづき荘のSummer Vacation,復刻 みかづき荘的Summer Vacation,1,3,72b10de88cb875e106fde7b73e9dedd2f634063b1f341e829e2ede9ce582c928,9800fe8265e7fa7eb7c4120e7d625f5db1e570364e9d41b0670d9e0c4ca9f1a2
event:e063565763b25d86,イベント,活动故事,復刻 みかづき荘のSummer Vacation 1日目,復刻 みかづき荘的Summer Vacation 1日目,5,8,e063565763b25d866b65d08f452df3b88f2d46db3074d3d105ac862e5abe0326,9f8dc75e63ed4fcfe9a7c3dc76e66cf14f81d0558f080514b39c5a433aa8a66a
event:3db6030cbea88237,イベント,活动故事,復刻 みかづき荘のSummer Vacation 2日目,復刻 みかづき荘的Summer Vacation 2日目,16,43,3db6030cbea88237c9a309e13718b6e7db326d06a37dbd507f9e9f6d2ec3eef2,4114c2b6be82d9e58d40013740ce72974b35abca94d9ea467245f9d68b5d6e03
event:687d5f155c0a7b5b,イベント,活动故事,復刻 みかづき荘のSummer Vacation 3日目,復刻 みかづき荘的Summer Vacation 3日目,16,40,687d5f155c0a7b5bbad73b3239e1464a28962b1d723a0905b5e4f3f1aa0dd5e7,99e9a3617699e109825b0a4767e801b2aeb7decda45f3b28ceca0b282d9a592f
event:3a194ac3c9f1a6ec,イベント,活动故事,復刻 みかづき荘のSummer Vacation 4日目,復刻 みかづき荘的Summer Vacation 4日目,1,1,3a194ac3c9f1a6ecaa411b6b65f15c5ba3b251adcc2af5f95894f815dfb88e71,7ec58ce0585bfa90135cb7d2dce6642bf6bcabd3d0b9e46b910ef4f9986e1037
event:a354224b7900fbda,イベント,活动故事,復刻 みかづき荘のSummer Vacation 5日目,復刻 みかづき荘的Summer Vacation 5日目,16,18,a354224b7900fbda65bfd1bc5bf10cdd3dd660ef78e54f558ba596296c4de00f,d5ee05e2a30b3379643cef96090b66f819d03419d43dfa9a1f341586cdd340d0
event:da5e8fd0a9b1e515,イベント,活动故事,復刻 みかづき荘のSummer Vacation 6日目,復刻 みかづき荘的Summer Vacation 6日目,16,37,da5e8fd0a9b1e515244dadc9bf223658d263a6718b16b2b33aafa03d958fc8d6,212c0b7f438f02f69f9d9cc7bd5852bf8b2b4cbba48178cac55dc5333e7fa9ce
event:d9d872846524f502,イベント,活动故事,復刻 みかづき荘のSummer Vacation 7日目,復刻 みかづき荘的Summer Vacation 7日目,3,11,d9d872846524f50260e96ed81df7938cf2432ea2490ee371a5a7c6b89cfd2375,3840545fbec5a3c620cb856b3d8b9a25540b9b2ec1f9d97dd47dfc79a649bb30
event:e0b7b14bc469431a,イベント,活动故事,復刻 サマトレ！～火に消えた夏の宝～,復刻 サマトレ！～火に消えた夏の宝～,26,48,e0b7b14bc469431a0b437497cc6ab06b6efc9c5e9cd052934e51fec0e1ffb9d6,bd7942b9ecb55156b3b83393c2ac30815451ca366fa30bc6ce7a2fc375ef7c33
event:b4cfd335b4e3285c,イベント,活动故事,復刻 君と綴る日記,復刻 君与綴る日記,16,38,b4cfd335b4e3285c80274deb674759c7ad3c29d8efbaca2c70fc6405769ca3bb,5d37758337afd8561d62fccb9b9837b43f969552578f80f487adba9cbac12be1
event:0d1b1d9f8f2ce18c,イベント,活动故事,復刻 時を越えて鳴らす鐘,復刻 時越えて鳴らす鐘,40,89,0d1b1d9f8f2ce18c38b17f9638af2da03003546ea2ff3a1d99cfd0717de0d5c8,416ec7196bd2c69ab55e77648ddc06ea4209e960354a9be53411278fa3584d3e
event:0af2d8091785c8c6,イベント,活动故事,復刻 祈りと弔いのハロウィン城 ～生者は惑い死者は黙する～,復刻 祈り与弔い的万圣节城 ～生者惑い死者黙する～,7,46,0af2d8091785c8c6303e579bb5d9e6be48d7441595fa6cc88f6505f894a9cb92,4243d2c67dc7c528bde44d2cbf5bfcc57b5224f35146414fe4be4e4fadd86c3a
event:fcde34a4cb5742a3,イベント,活动故事,復刻 耳を撫でて彼岸の声,復刻 耳撫でて彼岸的声,16,41,fcde34a4cb5742a33e33bb90f172b58109988eefa753077b21a7680528004b64,715bf303628df74a2581abcf7eb70293b079ee16768e81df8b16ab9488e8f529
event:72f972a4ba0234e7,イベント,活动故事,復刻 駆け出しメイド十七夜 闊達自在,復刻 駆け出しメイド十七夜 闊達自在,21,48,72f972a4ba0234e7b0eef33f3e7641377aab76eabc44398ecc07ec37af380d03,bc994687c6dab71b38147dcd915257db2ef67af98d6594da0d6976a431af5b4c
event:5f547ae8186880af,イベント,活动故事,忘却の輪舞曲は久遠に睡る,忘却之圆舞曲永远沉睡着,1,1,5f547ae8186880affa4bbf2b9c47ad976b7fd34bf6318465a68f517938203768,ba01ee2823a4d93cd24fc9edc386e76a1f931c50e618cbd7e3a3e64376b459fd
event:14cd93fac8ba9d0e,イベント,活动故事,忘却の輪舞曲は久遠に睡る ACT I,忘却之圆舞曲永远沉睡着 ACT I,5,10,14cd93fac8ba9d0e118fee2a6989b52580db1eb1531d9dd5143d4eaf53ab201a,f78a0d116313c9d04c54c6b484486b6eba69a91d142b35c8ded264f0dd4b2cbf
event:171d6b21a5705544,イベント,活动故事,忘却の輪舞曲は久遠に睡る ACT II,忘却之圆舞曲永远沉睡着 ACT II,11,28,171d6b21a5705544ce92a8ffb3e78f6a23ea24cd0288c4d6db152d9ec3457ace,3395f6d8dffb9b50b3b1c170b66adde31df197e96b0e04d924bffbcae3a9c308
event:76261487f24fc902,イベント,活动故事,忘却の輪舞曲は久遠に睡る ACT III,忘却之圆舞曲永远沉睡着 ACT III,7,29,76261487f24fc9026fc0343d51aeb5244951ad01fecfcd0456928aad0ccfe68c,03a03be204382f2c6e4d8f48807146ea5fd72dbcb1d6b047129a412ef38786ee
event:e1389f113f29daad,イベント,活动故事,忘却の輪舞曲は久遠に睡る ACT IV,忘却之圆舞曲永远沉睡着 ACT IV,8,21,e1389f113f29daadc43e38d67b341508b0c8e31d8d53037e8677ad32b3b8a55a,278a4eb1ce8d3ff08b238eb492ad1c6529576e486ca8061e757bbbfc3f78b06d
event:3368beb30a360c09,イベント,活动故事,忘却の輪舞曲は久遠に睡る ACT V,忘却之圆舞曲永远沉睡着 ACT V,4,11,3368beb30a360c098a7d370ccc5276b6510ecf268b21127b06cc38f71807474f,5b3593a6790df2fefdc5be1f813351204e0660b8318b7b457b19cacb8214b0f6
event:69ba3ed4eb530d88,イベント,活动故事,忘却の輪舞曲は久遠に睡る ACT VI,忘却之圆舞曲永远沉睡着 ACT VI,8,32,69ba3ed4eb530d8837af44a6c6d115c18437b9fef08795c28e043aa67beb6521,6de43a4559724041b0d4378d3cd41ba5ea9da39f1f1c3de5eb3b3ea0021a8370
event:059af345d2352870,イベント,活动故事,恋は△ 愛は●,恋是△ 爱是●,1,1,059af345d2352870e72c90c7caf6fbe29c88e2c922d5b862c3ce28acf6d4b090,7556ef59a3f5dc68580f7d6bb4cc1871b29483268cfcbb9d288baf9feaae88e1
event:2e9cd92aa4bd8eec,イベント,活动故事,想いを継ぐものたち ～魔法少女たると☆マギカ～,思念的传承者们～魔法少女贞德～,21,51,2e9cd92aa4bd8eec5d44764fe8dbd18484249dbae0e54c9e9222f174a54329b3,3cb12281e9652a3454ae754d3d5930e40af1ec1f05ab5640b599e08156169a3a
event:ecd041d13c543a59,イベント,活动故事,散花愁章,散花愁章,1,1,ecd041d13c543a592596e50e26a7ca89e3bd01989f0016a214541cd06e32277d,ac9a7aea9a53396184603a1441c9457f00a08c40c65b87ad3b637627757cc2d7
event:101742fd1536fb59,イベント,活动故事,散花愁章 大東団地編,散花愁章 大東団地篇,10,15,101742fd1536fb59ae808e241a12bab73c2c4c8e66b946d9ab40788bd597748a,9c7bde7d072d3684cfd8a76882116186c9b07a480330e47e315d2944bbb5dc0c
event:995826e4880e8b51,イベント,活动故事,散花愁章 混沌編,散花愁章 混沌篇,11,23,995826e4880e8b51741f083b5f471168d32f7d28813969354509d630c0111eda,972333cc39289a9b7e7cfa2a0104c2454add38126192b5c6d66a7db140fe3bac
event:c91cfd04328c9b75,イベント,活动故事,散花愁章 逃避行編,散花愁章 逃避行篇,10,23,c91cfd04328c9b75dc906194aa39711b6b82cd01d5c3823c10d883db4d777208,4ef2987ea76c10718d883f00bcdfda3a3965d7062a32b2da7394ce6a2f893cc5
event:d790530876cca5f9,イベント,活动故事,散花愁章 飛蝗編,散花愁章 飛蝗篇,7,11,d790530876cca5f984c3f0f18744a42f703394e7f57cf6f897ee616b6bbd8a85,fedf4b5517a884c41fba5173d635d291a256d39e3f1cb73e9aac9caaac44177b
event:988e14aeb0356a51,イベント,活动故事,新たな息吹より,来自新风,12,47,988e14aeb0356a51727211291021a36d64ec8476d72a1eb419cccd87a30e5f82,2b97b67bfc70fe4811ec88523e1ff545e8f71e4f8eb10bc091c50c99448351fb
event:04afc2332669a06a,イベント,活动故事,新春☆初夢スクランブル,新春☆初梦Scramble,1,1,04afc2332669a06a54222e8ed6b2458c5a050a51f4649be073030539746670ed,41749c2481bfc9f73a0d2d3703293bc776f1d48fd1d142066d8a42fcb2cf3034
event:5771f22c3ff7ac71,イベント,活动故事,明けまして初まつり！～恋ごころと真ごころと～,明けまして初まつり！～恋ごころと真ごころと～,21,35,5771f22c3ff7ac7193b1317b4a6e2aff058f8e4b48ec1f537fdb0e483b986ce0,5001b00d2f64fe1693262189ea5805c849f57330d260167b4bb8191476a3ea60
event:9ff53173bf21195c,イベント,活动故事,明けまして竜突猛進！,新年龙突猛进！,1,1,9ff53173bf21195ce7d4d2c0ff0e6bc789ee278cf1e2b26d18bb0b04332f2b7c,c31f62afa3f3cc29303e5f0b55cc97b7a0cf663d82b797b37b071fe87dc3d50c
event:5fba6421ddc4d3ef,イベント,活动故事,星屑のミラージュ,繁星的幻景,1,1,5fba6421ddc4d3ef609e052e9c69fba2c9af4478b22949f79eac1fb2bac27b86,abb5bc9e74418151e45de176ee1e2bcf9c09acd50a1809666eb3bf1f9c429494
event:d88abc51ec124499,イベント,活动故事,時を越えた大宴会,穿越时间的盛宴,21,59,d88abc51ec124499c9590e78e1e9a2d9724c8607518e449cedcc6c3462642d87,feb743caa6cac8246e75ab5f8abead1812b5cca92151e5669ce10a5b75cf4bf7
event:1e3237282c069e61,イベント,活动故事,時女拾遺物語 ～初日の出を呼びませう！～,時女拾遺物語 ～初日の出を呼びませう！～,21,46,1e3237282c069e6195f0820f57a60c539ccc4054cbb9a00d655779f830d0b0e5,d06ff3160b3d86092e874f7a8c3bd8b0405b9ff95a1dbff928533be87d374bf3
event:9c989d021cb4880e,イベント,活动故事,未命名记录,未命名记录 402,85,85,9c989d021cb4880e383dd9cead8aafb59a48d97103aad51f83ebad207498b45c,6ef98fa20fb43153393ddd9373ae3d21604f1232ef9addec0fb9737e4e6de4a1
event:313fdf8a4b27d197,イベント,活动故事,桜の轍,樱之辙,22,48,313fdf8a4b27d1970a39f5c75021c095f504fdd93916fcdb896a9aed3467b768,9268da08e49c273d918fa61c912bc1d01c0f7d47503864549b75277e35ddbad4
event:ff8c314e15380cea,イベント,活动故事,梶の葉伝説物語 ～揺れる思いは、重ねて魅せて～,"梶叶传说故事～让摇曳的思绪,在重叠中更迷人～",21,47,ff8c314e15380ceaf24656ed5857dd990e6e9a3b459fb4dc3db9474f5bbee411,60d27ae8c8aaeeb9a9d25fb4b479541f990ac041a6f57d000a8994bfbe8e5430
event:7abd238be6266755,イベント,活动故事,殲滅戦 魔女たちのパラドクス,歼灭战 魔女们的悖论,1,1,7abd238be62667559bb12ef708797c6564d219f4489689d628f9c4325fef6593,c425db2810a82e2b0878b70759568de619bb71db1d09c536bd354c9b6d16f0ee
event:becf9898023aae1e,イベント,活动故事,殲滅戦 魔女たちのパラドクス (1回目),歼灭战 魔女们的悖论 (1回目),5,23,becf9898023aae1efb99d8946caa9f5cca239a8b8d32677edec3bbec9460cdb6,e47cb903a5b4707d5ea14db4fdb5ed5c3deda6b5590fc59f96653586fd28cbfa
event:675a938ae0e437de,イベント,活动故事,殲滅戦 魔女たちのパラドクス (1回目) 最終話,歼灭战 魔女们的悖论 (1回目) 最终话,1,2,675a938ae0e437de8d5332e85e4f0d4d685756ff4965781546d2b9e865a13abe,100aed951a5b00af2efdaf5b1514764d0a14e6c0b507b365d05bbf79f8a73754
event:841b61dbf9f793e8,イベント,活动故事,殲滅戦 魔女たちのパラドクス (2回目),歼灭战 魔女们的悖论 (2回目),1,2,841b61dbf9f793e81bc834f1eff66e06743cf2ee421b3ebf86f32b037fbf6215,fad3388110c2fe220d53e0da2f4816fb1f99b52e544d73d78592681b159d790b
event:53e6363d6a39066d,イベント,活动故事,水名神社でHappy New Year!,在水名神社Happy New Year!,19,57,53e6363d6a39066d962dc91d493ff9d5753162a44f50e51253c146b77a012bab,3a7934f2c0b6574550a7618c45ceb6589e5918d9b4ec0fddbc6038ef7b86220a
event:d8ac18afa588b58e,イベント,活动故事,沙優希ステップアップ仕る！ですぅ～,沙優希ステップアップ仕る！ですぅ～,11,20,d8ac18afa588b58ed77d5d91ce88e793d4de83fe9d535437e4e00aa5d57c9314,374dae18d4316783a73c88483957626452bbd2917fe79363f148339818ddb585
event:2f31a5ca9fbed079,イベント,活动故事,波打ち際のリボン,海边的缎带,27,44,2f31a5ca9fbed079dc7d71498a47b53cd9e36189fcbbce582810e08f57714a03,6c8a240cce33e778a9690f8ddf575c87894deab8c0ebeb474772868bcff5bd7a
event:067112f9220682f6,イベント,活动故事,深碧の巫,深碧之巫,1,4,067112f9220682f6b4f5112f0c112ca87eaef145df85c2c3e01979f717886ff9,ec9810c85859b735d23c7ca1d61d9062eae6f2d6f253297ea83dde0031168abd
event:2c14326bf4a3e97e,イベント,活动故事,深碧の巫 すなお編,深碧的巫 すなお篇,7,10,2c14326bf4a3e97e1d8a71aeadafdb6cb3821df598bc08f980405ec9718ca58e,02153213a1cc62d4bbf138fb1b918311a814f3fd38608ef8a1a0a18a45d1c303
event:89f7304b720c4860,イベント,活动故事,深碧の巫 ちはる・静香編,深碧の巫 ちはる・静香編,8,15,89f7304b720c4860abfc66396bda1ae85b5a9a0a00b0ba97f898f1c489aeda38,76495274029e5e3f2c1c28fe7e2a63fc5d7ddb3abf4e6d2efbbebcf873237b39
event:9c52130a859810ab,イベント,活动故事,深碧の巫 ちはる編,深碧的巫 ちる篇,13,21,9c52130a859810ab4cd61549a0e658623902c9c9ef956c0490bf6a7e10113d97,1d38dcb015a4efec70e366b2d65c9ffddd92366089b1a956e374a248a81c34e6
event:5375b80abf1f8876,イベント,活动故事,深碧の巫 全体編,深碧之巫 全体篇,29,37,5375b80abf1f8876c62693a4782a80fa4790e6b21b951b7f51e6d22a3c177923,c0ae470be65737235e3414af74af3ca76042340cc6a2a33086a74e2f53e6a9d3
event:256e24dc142f0a99,イベント,活动故事,深碧の巫 静香編,深碧之巫 静香篇,5,8,256e24dc142f0a9910704aa7525f7764e5dd279ba200221ed2f32d8dabbb488d,f9a8bfc293a0a0c0efb02863b0901c026109cde612031703d6516042c515c367
event:933f894b55d8382c,イベント,活动故事,灰色の革命,灰色的革命,31,46,933f894b55d8382c8554bbe78fff747a0d85471e0e40e32011439f83e8e8ecb4,c0ad46b3a82c6d86809794eac1311832f661c5434235f807f7cf8e472afe8d00
event:5ce45e22dd873311,イベント,活动故事,百江なぎさは願いを叶えた,百江渚实现了愿望,14,23,5ce45e22dd873311e0f147989d4309f24578cb96697f4c206df632ddf55f46cc,f448d80b6ae90069f18626581b737d9568b196b8777bef94b23c4f9baaca199e
event:fa1b66c39991d3ae,イベント,活动故事,神フェス,神フェス,23,35,fa1b66c39991d3ae5fef04e1807596e2b1667aa60af08b1169cd44349b7e73aa,c17fcddaa8d1117b45de7580ebe03c3fee687c4609141db5f576044807419055
event:a881a4e908372f19,イベント,活动故事,神浜MVD 環いろはの事件簿,神滨MVD 环彩羽的事件簿,1,1,a881a4e908372f194bb92906d12573460e6e75152498e0a1e5852c6d26f604d9,22ae45590b6fc622cbcd7ea5d621d41a1fdf0cd15f5e8499904b18ae6cde06f4
event:f3ed7ee47f7aee6e,イベント,活动故事,神浜アルマゲドン,神滨末日决战,23,47,f3ed7ee47f7aee6e8544f0a444f06f9c13a1ffbba96f8053012a5f2d1c7e3e8a,e204d79b95aa8231df2f762fc4778867d0e02dd968d4e8c7ffde9e9a8c914d58
event:b732ea1744fb9f3f,イベント,活动故事,神浜スパアドベンチャー ビーチに渦巻く悪魔の怨嗟,神滨SPA大冒险 席卷沙滩的恶魔怨叹,21,37,b732ea1744fb9f3f05c15a820e625c892b840c0d1f389c5f0f4b25d3ecbfe04e,b8567a3b5ea43e7ce94d576579cac6e9e99dccb654012851260349e1edfdcb69
event:90e23bdac4e2f0b9,イベント,活动故事,神浜チーズパニック！,神浜チーズパニック！,9,11,90e23bdac4e2f0b9705796904671e961623304802e33967c3bb6f34ab4810b64,03fcc0078d38e6ef931593a931852d05786c20fedace57bf66f4ed12d5247fe6
event:58a0943329cb5784,イベント,活动故事,神浜レアリティースター,神滨稀有度之星,23,23,58a0943329cb5784207ea8a87b9bb89ec160d8a9aa10da0d04cce17418940fb3,4ad9e90d32b364947d89fe0ce807e59b4a3df47b13ee2d3122a68d298fd2b0ca
event:c3b1eba1503640c5,イベント,活动故事,神浜大運動会,神滨大运动会,1,1,c3b1eba1503640c5161f43fe1825b21d1731e7833ad8da2ed4858132737302c6,45949055a00d65aafb011be0db46540c59996fbe8b475439ec22107821ebfbe7
event:1ede581c889bb49d,イベント,活动故事,空ろな心に咲く花は,空虚的心中绽放之花,21,49,1ede581c889bb49da43f2621f99c242aa9730d203e7fbcd5264ffe7a60c1a571,815f070271d3f424d08b3d70efc035bc9907d95f1f1ae72e3941e42dbaa28869
event:8c02d09eed662761,イベント,活动故事,聖夜に刻む１ページ～君と、ここから～,聖夜に刻む１ページ～君と、ここから～,21,33,8c02d09eed662761f5fd8264e03acf32062ebf2cff177a2d5d9f3e96cee33c9e,b8261a448f4bef76532eedd883f2cf43a79da0f2fa52cb32cb5c72793c936556
event:15f88cd3640c3444,イベント,活动故事,覇王の生まれ変わりの僕が、“奴ら”の陰謀を華麗に阻止!!,"转生霸王的我,要华丽地阻止“他们”的阴谋!!",17,17,15f88cd3640c3444da75c29f52e5b5f9823bd9f6595b729bd7c9085679cf1075,5955863a56895ded246c816f96a0c2c3f0fcb5ab965e38e920e1b2520d532df0
event:0cac65c97458a0d9,イベント,活动故事,遊狩ミユリの現在修行中！,遊狩ミユリの現在修行中！,21,49,0cac65c97458a0d9344e96d81b725e2ef9b9bafee1670e627392d4d4fb0a65fd,1f2ffafa9b90e3e23dcd75b3f0e54b5a6c60bcb8292b73368f8ab0f56e3493d2
event:aec50ddb5985b294,イベント,活动故事,那由他さん家の平和な日常,那由他小姐家的和平日常,21,36,aec50ddb5985b29486e8dc261c13f9152aa81472b88580a20a46e49e2c6c81bf,19b119c73311a3838fcafce59f88d0574b82e7e2332c12f03fcaa0ed3f20142d
event:7eaa4b23dcbdd443,イベント,活动故事,鏡が映すほんとうの私,镜中映出的真正的我,21,63,7eaa4b23dcbdd443b3216c9f8078704f754db963b78d7976f12c85bbdd47fdd1,188dd9fb950567ddd0ff71070d9bc99cd5464266a8cb120b48d76a1560a9b189
event:bfc602a657c0468f,イベント,活动故事,鏡の国のショコラティエPart1,镜之国的巧克力匠人 Part1,16,42,bfc602a657c0468f3df4d5f046fdb7d1198f5e8fa415fabdf9275c119cd71e01,26bb4ca4af988303b4e6891e7c3dd935b38bb2ba044715ccafd3ad7c25375ef1
event:0023c8d6eb71360e,イベント,活动故事,鏡の国のショコラティエPart2,镜之国的巧克力匠人 Part2,11,23,0023c8d6eb71360ed37e54300ef3895b9fd1d872d5b7594d2da69d2f7debbdf2,28cd34ef0a6a801c018eb0c513b820f6aec345f243a8fc86c1907bfba817e0ff
event:fe22dd8d90277555,イベント,活动故事,闇色ハロウィンは恋の色!? ～繋げて・恋の東西最前線！～,暗夜色万圣节染上恋爱的颜色!～连起来呀・东西边的恋爱最前线！～,1,1,fe22dd8d9027755521a383dda3f6eb8feaf6686f67ccc0d13707f751bf88bc03,ed949544ecebcff65ff9790d88b80a6d0a4fc728f17785dd6bbe1b5a28497a34
event:778024dcb8a2bac3,イベント,活动故事,雪解けのベファーナ,融雪的贝法娜女巫,21,33,778024dcb8a2bac30a35c411f862c10853eba49fb9d14eceff369810a4d81204,dc526e051e43e613968056fe002bb7a384a4692040ea98d70fe0c5070c274afd
sticker:be9cbad7bb26bdb9,シール図鑑,贴纸图鉴,#001 まどか先輩,#001 小圆前辈,1,1,be9cbad7bb26bdb9a94fa7bf009a0c82bc5ba7c1d8f4031875e156c25ad9dbc8,88ec0838facc5a8fc3239b8ff957bd0b40b75c284c0c1118f967aa3f1387a181
sticker:47ebf170b16d042e,シール図鑑,贴纸图鉴,#002 まどか先輩,#002 小圆前辈,1,1,47ebf170b16d042e10bf49f0da811bfeeaf0761f08b4ba4e679a3741f6a0a8f7,5ca87ee057987ea3878a40b02985e27199d9a53870c7aff6f5f864ade523ccd3
sticker:20e8b02b1df4da18,シール図鑑,贴纸图鉴,#003 いろはちゃん,#003 小彩羽,1,1,20e8b02b1df4da1823d767e5d55775e51aa1beb6e448396fd3b08f1dc4ea4a6e,6cdcb4d1a8dac772a3fedc6c9fb3e2365ccfb5794fae5e9cef41de32104cb665
sticker:fe9ff3f92a3c0c0d,シール図鑑,贴纸图鉴,#004 いろはちゃん,#004 小彩羽,1,1,fe9ff3f92a3c0c0d3003334006c8b10084ed002c82a01d27df2c19cef8581518,fe2df4ea42dec26dad61e6ce9074771f25d0381a90503d7377033afd7a166dc9
sticker:63bb92d31a96ca6b,シール図鑑,贴纸图鉴,#005 七海やちよ,#005 七海八千代,1,1,63bb92d31a96ca6b23919eb34dd546b96f18f6dd614b64a48991f1d5e4498e8d,912978ffe2f7ff16f3ef81061e6420e6e945e68f84b590a297d0c86091ad122b
sticker:5992c89c99d53c0a,シール図鑑,贴纸图鉴,#006 二葉さな,#006 二叶莎奈,1,1,5992c89c99d53c0a68c15dbf71f1684630b22ebcf6dc39572b5b667a014e8fd8,aa3c007d4c599359150efa944170ccf55bdafe7ef1bfe4389a568656e366b761
sticker:48766b5d837ebe9a,シール図鑑,贴纸图鉴,#007 由比鶴乃,#007 由比鹤乃,1,1,48766b5d837ebe9a4d1641b0fa97aadb9df7411ff48aadf9ad0e7850bb5b83b4,08ab70731594ccd3e55a1a2abc9df7460e4f7661481ab346fb3a4f87a2ea6114
sticker:484356983cdeb485,シール図鑑,贴纸图鉴,#008 ウワサの鶴乃,#008 传闻鹤乃,1,1,484356983cdeb4858966e0e18efabb6af2018e26606371be828f6144948ad9c9,c63e71d13d36d13f6d58d99c0ea2db0f397de6838c37dee42189860772906df8
sticker:7d553d2c615c54a3,シール図鑑,贴纸图鉴,#009 深月フェリシア,#009 深月菲莉希亚,1,1,7d553d2c615c54a32a8a6089b8c83da3f03b0d60e52713c81e84bce113c1aae7,5ea33bffaf53d16cb005dff9eae31bd18644c08aea091b2dd73287e0cc27db23
sticker:d69322166e1ada43,シール図鑑,贴纸图鉴,#010 天音月練,#010 天音月練,1,1,d69322166e1ada43b3e855953a1c24fe7bfaebf8fad77ed74d1394036f9d9d48,77ab5156b48c405add3b85aaa821d7736d85908cf967c0b71a081d523d2a59bd
sticker:f98fe9cda7dc91fd,シール図鑑,贴纸图鉴,#011 暁美ほむら(眼鏡),#011 晓美焰 (眼镜),1,1,f98fe9cda7dc91fd4035854e2b2da3fed34707f1eaa88eb3b661def479707f7e,0d10533f9bf40604546349f91d0288ccc7cd7a503f2707d7693093940751a473
sticker:e633e65de9d7527d,シール図鑑,贴纸图鉴,#012 暁美ほむら,#012 晓美焰,1,1,e633e65de9d7527da657111c2edf0124d80bfab778d6cc171ae4ac04a3a9df1f,eb0153b1cd73af23c6d00671369ad89102d10ec970df21f803a29f70b55e5b03
sticker:600c3912aa40b5e5,シール図鑑,贴纸图鉴,#013 巴マミ,#013 巴麻美,1,1,600c3912aa40b5e54ba90f27e866a0e6521ed8e76a37fd20e285d0d25c761bc2,0e125f98867096140d0e6cf353bca862439f5e5b7887b56988d005f8719a39f4
sticker:6cf592f9b71f3fac,シール図鑑,贴纸图鉴,#014 ホーリーマミ,#014 圣麻美,1,1,6cf592f9b71f3facc32a63807d0b944235f2007c23491728f26eb11d716e6174,a700fc58172b65b0da1797ccbc232ad72826ed080ece0edca2388178d9d31530
sticker:2eac31225129acb3,シール図鑑,贴纸图鉴,#015 美樹さやか,#015 美树沙耶香,1,1,2eac31225129acb3f29c492d66bb160286d1a427ed130acc162931cf2990e0f9,2678b3f1c4b86cd3ff0f666910f1d6818377f4dfa9e5bb27c9bd3a943eed01f7
sticker:5d9f25d3a00c2919,シール図鑑,贴纸图鉴,#016 紙袋の魔法少女,#016 紙袋の魔法少女,1,1,5d9f25d3a00c2919cd8270205f869b4714112f7f39a1c2693c02850f61138444,bd1ec1b2595cbb7f09d3549e4b5492590c037066956a92460d90ba38a155267f
sticker:99917f56065d24eb,シール図鑑,贴纸图鉴,#017 佐倉杏子,#017 佐仓杏子,1,1,99917f56065d24eb1dfe03da35925469c8ff10b181980c6988834d10f0eaec4f,598817ca8a50fd6dfba508b775d08d3b8655885c32e73988edbbe336b119714b
sticker:34e42228d8c92e7e,シール図鑑,贴纸图鉴,#018 佐倉杏子(神浜のすがた),#018 佐仓杏子 (神滨のすがた),1,1,34e42228d8c92e7eeb3617e28ec18a4ffae9c633b45df756c4a4badae8827617,2495606394691d9b5e116adf09c807e8b7080b58a7b082baea00a23e2407f1e6
sticker:a66ed741cad8a306,シール図鑑,贴纸图鉴,#019 百江なぎさ,#019 百江渚,1,1,a66ed741cad8a30650a2f18f6ca185d7541c3ded4aceb2371a237a5cf1e4eb7a,84b7d393f03538b17a621b95848c351568afe6541bcd8918bff3ebcc7eddf10e
sticker:6102aded7c9dea5d,シール図鑑,贴纸图鉴,#020 お菓子の魔女,#020 お菓子の魔女,1,1,6102aded7c9dea5d9d5e56ca3d987316baa6e6e3825371aba681c9ca2f700887,6b0d7cdd3d2cfe0f8f0693d7f93e4c983fea22a353b3247154e02fd930b27115
sticker:9c7d2af2e16294b6,シール図鑑,贴纸图鉴,#021 十咎ももこ,#021 十咎桃子,1,1,9c7d2af2e16294b6babae1da9076b591b6ebfeb603e284e07b43aef8975c1546,8f60edf1b1855174eb66fb5f9919e45fdc402140685f148b0148542623c4520f
sticker:4388125ec0d2761b,シール図鑑,贴纸图鉴,#022 水波レナ,#022 水波玲奈,1,1,4388125ec0d2761bfd27f21e6c49848844768e2e6433eb9b43e78060d69e0ee9,694db30c42c35774eb32e06c06f790f04f171e990bd03ff6cf6e5431be325794
sticker:fc2613691e600f9a,シール図鑑,贴纸图鉴,#023 秋野かえで,#023 秋野枫,1,1,fc2613691e600f9ad0228ca688525a3cbeba445265049fad991050188621745b,4e5e3fae79b9f7f1063deb888b272199457d160e811813491e5abbe0765ca056
sticker:dc71a501114f4e09,シール図鑑,贴纸图鉴,#024 御園かりん,#024 御园花凛,1,1,dc71a501114f4e09949858bdefd46b4e161b304e62fbf55f30a60fe2c3372500,91fe6a38bca74736399d822caa704b36927c0d8cefddd38ff17dc9de3d863f28
sticker:e62457336fdef095,シール図鑑,贴纸图鉴,#025 静海このは,#025 静海木叶,1,1,e62457336fdef095e8f3887036833a9397bc7124facdbe9b512eb5984eca696f,9d33f4a6b293fbce80575292c386d97bfd451218eb08a629e2105cdacbe6b488
sticker:980f2f38f4ec17ed,シール図鑑,贴纸图鉴,#026 遊佐葉月,#026 游佐叶月,1,1,980f2f38f4ec17edaedbcd13f81e771c09fe6cae78de8f5c6737e6c966816054,9a8cbbdc30ee8472276b526ad1e13c77efc75ff51ffb8a624ac914a817dab587
sticker:0cfe3e555c0fcd57,シール図鑑,贴纸图鉴,#027 三栗あやめ,#027 三栗菖蒲,1,1,0cfe3e555c0fcd57337e87c095b7742f104158fb02b24b628dae974ce268452d,1f37ee0ba0d5c8f5dde00ddba0a930ad0f8a5b945733205bf6ef7fe253ce0dcf
sticker:f7cd8d450d0d8dac,シール図鑑,贴纸图鉴,#028 相野みと,#028 相野未都,1,1,f7cd8d450d0d8dacfd1ba9dd39ebcd6c7b9c8341373bb728856a7b8b5c4e8277,cb372f1e355fe01dbe44a9413a58f030fab7bcca82fea2901fe5241bf68457a5
sticker:06fa9d98fc7b96c9,シール図鑑,贴纸图鉴,#029 伊吹れいら,#029 伊吹丽良,1,1,06fa9d98fc7b96c9ef9c5a19c747f1c258bd8882830e60207b3a790ea6a0685b,e25a4728e6984e6e64e78d03492f6a0e61d3337e01815deaa14156bdc3544ecb
sticker:7f5362bb057a14b0,シール図鑑,贴纸图鉴,#030 桑水せいか,#030 桑水清佳,1,1,7f5362bb057a14b067728927afd0ebcdec466a940d81532cd33ba4cd0563fa1a,a39a1a96acb983a83751f6acdde78f03e3e0768b1720e27c7ea964f3bb3eb31f
sticker:cf4516e88be33da3,シール図鑑,贴纸图鉴,#031 常盤ななか,#031 常盘七香,1,1,cf4516e88be33da3f506feebcf46978acca6acf0969851693bbc6032b82029f9,91c24944a506054a3136aff663741fa3713522106acc408a0a72eca7cfecdbcf
sticker:71f76b5dc91bd937,シール図鑑,贴纸图鉴,#032 夏目かこ,#032 夏目佳子,1,1,71f76b5dc91bd9377fa1fcf85bb50f610a68faaeaa07983450911159a293c284,792236a1064100166dbc49d26fbfb7dde88ed768ede328c20a073dc8e703845b
sticker:10d9f3e863a07c61,シール図鑑,贴纸图鉴,#033 純美雨,#033 纯美雨,1,1,10d9f3e863a07c6182c21c1e1067c834be1c65f37b3b0a2681ae1fea3d7e9201,02812cf0799a9dd342e1a90b6012a2884da39de50eeca84be8c97159236aa44b
sticker:3f4d528de73bd142,シール図鑑,贴纸图鉴,#034 志伸あきら,#034 志伸晶,1,1,3f4d528de73bd142d757be0f3b1a37ba1d8b031ba7380465bf4abc5385a29202,670294f397ee91cde97d7240fdabe6faf008f4f4e2994d4694e7f7268f9cb862
sticker:b34ec39b66a50ba1,シール図鑑,贴纸图鉴,#035 五十鈴れん,#035 五十铃怜,1,1,b34ec39b66a50ba15848a7bd53d88ff8c979e1f5f08367ca297a79203b2aa2c3,baa0046679127fc2880d1992499d969096cb1d6a41e3f4a053fa80149e5f54fa
sticker:1464675e4a0d054f,シール図鑑,贴纸图鉴,#036 綾野梨花,#036 绫野梨花,1,1,1464675e4a0d054f997ec6bd56a17d2771e37758b281b71e1597aa3dfa5ebe38,ac41cd083205e7018de59aaf6f376180a51fe1cc56212dbdec6ff1005b58eb5a
sticker:1f510dff83848986,シール図鑑,贴纸图鉴,#037 粟根こころ,#037 粟根心,1,1,1f510dff83848986e1adb10043db5183eb7921f6e4024d6cbd8187e6bd95d8c8,cef90218e52640bd31d5a9db91b429fe4262edb82ea10bb803c8efa5033c7283
sticker:de3bed775202d440,シール図鑑,贴纸图鉴,#038 加賀見まさら,#038 加贺见真良,1,1,de3bed775202d440f28b542e4515bd495e3fa9c17e04cd9b797ffe9055c9be00,a6ad7ebd02e37b41614a587968a6edd8bb7819c96523a3a0cd69956bc77c4fac
sticker:224695f495130a61,シール図鑑,贴纸图鉴,#039 空穂夏希,#039 空穗夏希,1,1,224695f495130a618cd1416ab30504561b176c1f153f0de656a23cb948da5644,ca49751bd50e63ea3d331a94bddbd46f53bf2659188457507a3660a675ab9332
sticker:9ca918328712a0a4,シール図鑑,贴纸图鉴,#040 江利あいみ,#040 江利爱实,1,1,9ca918328712a0a440840f26d97b7631954d4a570782167f5cc5274eb589955d,a38ba71832761fb75626739e09a086d23834022a085c43318002c8c675d5c1f4
sticker:b4b89333e049cd7b,シール図鑑,贴纸图鉴,#041 阿見莉愛,#041 阿见莉爱,1,1,b4b89333e049cd7bf11e8ef9a85e29a07ebfafd7285a64599ac95edc83bfd271,c8fec32036b6b2081754e5d225bef13894a228114ccc63ef09bff735659a8311
sticker:ff24908bc8bafe1d,シール図鑑,贴纸图鉴,#042 梢麻友,#042 梢麻友,1,1,ff24908bc8bafe1ddd123c6a9b2aff73ef0ed57e8079d3c581d9f46c41ea7136,36cc956f7a782da11eaef054a66ef226a90a4ec0a148147d34866eadbffe5de1
sticker:983df2852cac2618,シール図鑑,贴纸图鉴,#043 都ひなの,#043 都雏乃,1,1,983df2852cac2618156d767e465d9cce92c89dece6cd82aa4a180b988de74ea8,299dc8bf06ab0cff39f580851faf50a08941cefd8283fd633d76a037d70d0671
sticker:2919a3561e698279,シール図鑑,贴纸图鉴,#044 木崎衣美里,#044 木崎衣美里,1,1,2919a3561e698279df73b7fc3fc303bfc1ac625ee6a4d4be8e2fd6f32291beb5,29bc8c77ac4ed87b6dbecc10dcec324c38ecda5ce5feef3528aa4c8311bd4a7e
sticker:00577ac5515957ea,シール図鑑,贴纸图鉴,#045 竜城明日香,#045 龙城明日香,1,1,00577ac5515957ea66486f77328c1d7a585de08de376a278c6d71c9fff10574e,7d633fd14b9ef395adcc9ce13478c9fe36e00ca204321611bd3f6af516c30c36
sticker:4c3993b7ef924d94,シール図鑑,贴纸图鉴,#046 美凪ささら,#046 美凪纱纱罗,1,1,4c3993b7ef924d94104f0620e9fba8e580c40a97b7588581517bb647caeedd37,bb50cf7036b4df2ad5e8d52fa88564525422b8675992492d043f51d16aaaf620
sticker:3626f52a84a9fcae,シール図鑑,贴纸图鉴,#047 眞尾ひみか,#047 真尾日美香,1,1,3626f52a84a9fcae39292dc946e47212a9d58a0cd8bebfedaa53a7d9fcb275d5,42cceba5ef7fabab2abfdf04be0d91b6d867e2583d7027213dd0a082d84c4c63
sticker:b1193dce4223ea10,シール図鑑,贴纸图鉴,#048 矢宵かのこ,#048 矢宵鹿乃子,1,1,b1193dce4223ea108c87cc9f03e229f2c2513a942585fbef9f5bb73eccb4f043,3929455001fc00743658f9b672345b875f5ecd9650a732a74249df2a039ba26c
sticker:6484b144d56eee49,シール図鑑,贴纸图鉴,#049 毬子あやか,#049 毬子亚弥华,1,1,6484b144d56eee49bca84a3a63d9255a23a5a1f7f972efa1b600f8b16f97febd,00ed080e847477f838f3c2c8aa30df3298187c6a69bd412daa998f363c3e8e01
sticker:0adc2d5211ffcbac,シール図鑑,贴纸图鉴,#050 保澄雫,#050 保澄雫,1,1,0adc2d5211ffcbacc9b2eb1808443c706fb7403effb70dbbdcb759efb32d27d4,b27ee17b6b2b1b87be2cb36fa964e839f5b8b1f25e10623287ea05709f8e40b8
sticker:537d98af16094572,シール図鑑,贴纸图鉴,#051 千秋理子,#051 千秋理子,1,1,537d98af1609457276b40d2d3ab257624eaa1a5cd6c24e4ede9c4389804b8593,05fdc5ee37b50e3a42e3b210910626748d3e961b620712a1baa0b6c78d8735a1
sticker:1b3195316110c754,シール図鑑,贴纸图鉴,#052 胡桃まなか,#052 胡桃爱香,1,1,1b3195316110c7542501d0f6f84e20e4bec3f164e7f41856d388307747bed98d,db284acb4b2bbd7812bfd7aa6dbde52dfa149fdd56fa95dc06a083ae4b53503f
sticker:737b2f7f7630830a,シール図鑑,贴纸图鉴,#053 史乃沙優希,#053 史乃沙优希,1,1,737b2f7f7630830a0f723f1c8b2bd908ab79d0706dbbc65009da57bedd919299,415b08e5681790c7b66f1afb6dae9795868206c8978de22f12ec76274593a3b8
sticker:3a3fd806a2bb190f,シール図鑑,贴纸图鉴,#054 春名このみ,#054 春名木乃美,1,1,3a3fd806a2bb190f3b59efa1e9b5c7d0ada33a86654eabd5629dc1dd3129eeca,a3d608ef5a96f011966ae45559b82e95c513173ef5d45c523494dcd9b6a6f1ea
sticker:4313cc2c0a4ac1cb,シール図鑑,贴纸图鉴,#055 雪野かなえ,#055 雪野加奈惠,1,1,4313cc2c0a4ac1cbc2043e25ce4f9e3da3a587cd0c171a417ce67b2c99fe4701,1ee49a5581f680e958e84fbaa800ecdebefcffe02cf1090ca0780db152f4e7c2
sticker:ee10d396bbf17ead,シール図鑑,贴纸图鉴,#056 安名メル,#056 安名梅露,1,1,ee10d396bbf17ead1ffd3c0886f71dd6ecc55678c6d050ef79110a59d8549352,2b6a57bfbe0cdddc6f1aca38d11daee7c5b7e1651e4ada1cd8e5bb22b542bd14
sticker:ad27af30a92bd501,シール図鑑,贴纸图鉴,#057 和泉十七夜,#057 和泉十七夜,1,1,ad27af30a92bd5017af2c47a76259fce9972eaff7b84b414ecb7e29a6efc5739,5a5a977a75602d21344738c18419af245dd13db45198b3730c9029baf44a258a
sticker:b52cb7bd9e10f1f3,シール図鑑,贴纸图鉴,#058 八雲みたま,#058 八云御魂,1,1,b52cb7bd9e10f1f37ffd477ddace63019f57501b258c7dec78b99f6fc9045de9,f139e5f103e55ca54545a0bfc3f9e605a5fbeffb9e879328114f6294a6c8107e
sticker:c10dd5a91a846068,シール図鑑,贴纸图鉴,#059 晴着みたま,#059 盛装御魂,1,1,c10dd5a91a84606894a10ddb1ab4527cee33d5c90ed02ccea3be1b49b1040640,86c0df6d2627c9ee55e2bf8834ce9824949ee42b97d9d23759bcf779fea2e124
sticker:8eb847269be3fe2c,シール図鑑,贴纸图鉴,#060 小さなキュゥべえ,#060 小丘比,1,1,8eb847269be3fe2c09f8537786c1f4e4d44929f9634bf40a1ff337de37e6c7af,5d6d3300d71a3f94245ae85fc2c248975f068a32dfa8747ecd835be22b97381a
sticker:e3f0740cd7b8e7d4,シール図鑑,贴纸图鉴,#061 里見灯花,#061 里见灯花,1,1,e3f0740cd7b8e7d47269cb37a7a8f9726880704545ad3a20cf1c44c1bb5352c0,a69992f50963a0a61b22fc35ccee01219586b5a6ceb79229d7ecbf9386d9e056
sticker:9b3db2e6b220a083,シール図鑑,贴纸图鉴,#062 柊ねむ,#062 柊音梦,1,1,9b3db2e6b220a0834b6034b4fe8eda9bba82256cec21e342bfd353402154a19e,f4feca7f698b190ffdb41959a5e71308c3142d87fdfc914da7df168e5b678071
sticker:915604b7241ba8df,シール図鑑,贴纸图鉴,#063 アリナ・グレイ,#063 アリナ・グレイ,1,1,915604b7241ba8dfaee4dcbb1d8f030723366b302ee0e98aedc72c219905b424,c6765e7ecebc16419eb9278a573a1c576f1e5239afd398a42de96043fc0192fc
sticker:b414951c7698db89,シール図鑑,贴纸图鉴,#064 梓みふゆ,#064 梓美冬,1,1,b414951c7698db89a3b46b8e8f05eef493e51a1b172bc805685919797d443a91,0b7c067743ae984bc521e00c29cc0e81e32a817e9a97dbaed094737b3f9613c8
sticker:e6808650434a7b20,シール図鑑,贴纸图鉴,#065 ホーリーアリナ,#065 圣阿莉娜,1,1,e6808650434a7b2056fe0e174168d53890d090a030d0f5b323fb916487244d81,aa7990e2f8a62cea11c5c4a6ca5b158f30aef8861dc7b31af8131d44bd5b61ec
sticker:48647374ddaa0477,シール図鑑,贴纸图鉴,#066 キュゥべえ,#066 丘比,1,1,48647374ddaa047740ed583b47819618809ed32be8dcdf75dbad11961a950e37,9dadcc9aab1a0e25276a1d11ccc4ae4c3691fbe3ed816fc04c0f7e3412bdf993
sticker:80b497e657aba392,シール図鑑,贴纸图鉴,#067 天音月夜,#067 天音月夜,1,1,80b497e657aba3928f21a43748d88d1f7bd2b35851c94ecf6e2cc9fd14e272a6,24a54533f1b4f9eb0af8e9237a41a38033211227792e600269dbe65ffdd34aca
sticker:31974ac85944386b,シール図鑑,贴纸图鉴,#068 天音月咲,#068 天音月咲,1,1,31974ac85944386b7d254f5a02b28bc0c851533571c8365cd1b044ddb4bfb471,eb0fb0d58c67eafc0b943156ec6d8bd20e7d95e161c1ffd9ad958abbdcd9fac7
sticker:1004b9d7d014210d,シール図鑑,贴纸图鉴,#069 牧野郁美,#069 牧野郁美,1,1,1004b9d7d014210d623ec3b8eb53fcf291fd0fdb14825ebfe24d72781823b443,d1a4ce7f494ad6371f8ea8788df5e25b4280f43a47c87699b78e7a44e8c1ec39
sticker:a4502547ed79f679,シール図鑑,贴纸图鉴,#070 観鳥令,#070 观鸟令,1,1,a4502547ed79f679a8c3d6a575ddc2ed0ad654f8ed460a91bc62fb1e5b5b3650,72af99cb833111d0dcd09aee46a60a0663dbf0a9dcec6371d6d895806afa5b4d
sticker:b84b99d2df16f54e,シール図鑑,贴纸图鉴,#071 白羽根,#071 白羽根,1,1,b84b99d2df16f54eaf7a7977052bd6afabe2f83cfb12b2591501d580acf75732,9b3f8d853cef253d417b8335f75d00b00e4dc7fcb0108a294fade9fac4aa131c
sticker:fc24ca71b8217ca1,シール図鑑,贴纸图鉴,#072 黒羽根,#072 黑 羽根,1,1,fc24ca71b8217ca1838ee6d90ea64edc7df501c595813757465620a88a387684,c5ccd20fb3398b1a27f5c2a6b22f85ec58e4cd4eb607e4c571b1f88624bccf7a
sticker:7e6cf6e4f12ac9a5,シール図鑑,贴纸图鉴,#073 美国織莉子,#073 美国织莉子,1,1,7e6cf6e4f12ac9a52a4c751f15e3654ad747867e159f6e24d46155798bdd703b,e8d2e3cd77a756d2983e65421ed3c4af38ed87cf0a0b839eab0645ec188e5ee8
sticker:9dad9ba6d380eaf9,シール図鑑,贴纸图鉴,#074 呉キリカ,#074 吴纪里香,1,1,9dad9ba6d380eaf9c17d93fa6dec1753eed1f5fdb4fba54b360a02b5f4e3facc,70a4d4406de309cbca3d56ef917e304751b1c293cca9e6cec68f1ff153fffb19
sticker:cc6ad2c3a765867d,シール図鑑,贴纸图鉴,#075 千歳ゆま,#075 千岁由麻,1,1,cc6ad2c3a765867d5d16e76d422a847fb3948527c7746d16344b4b5195ed0b4e,3caa99e9a2710504620ebe0d45a7f8b99c48e12c3bf5a2ab1ba8e4c3e8e5c5ca
sticker:0a9423896dfa0e4a,シール図鑑,贴纸图鉴,#076 かずみ,#076 和美,1,1,0a9423896dfa0e4a0bc29c1a2f59ecb85e75eaa5af17b60e21636adc9c757484,fd63eb0e879fb0a1dbe0f17900e6cbfd52832b938b667f7db524b240ee8508a4
sticker:7ab30b5f1bb4ccca,シール図鑑,贴纸图鉴,#077 御崎海香,#077 御崎海香,1,1,7ab30b5f1bb4ccca040a492d71e8e9cf1fcd1e15459efc78d8d9dc2785e72d2b,d28a3341416166c2bd45f3c032e392b9b97bb11f830d37bee41b16a90731fe10
sticker:c8501fb8be83b6c1,シール図鑑,贴纸图鉴,#078 牧カオル,#078 牧薰,1,1,c8501fb8be83b6c1abeeeef9820226ae1825338ae8861a06836177c829fb11f3,3e7a61af3346ca2838ffd76aaaf424d494d4d45eb94175a1ecca52a3d75e2001
sticker:88e7187112f833a7,シール図鑑,贴纸图鉴,#079 タルト,#079 塔鲁特,1,1,88e7187112f833a7362eff2e8fa74d39c34dd30533cb0c38b8a4cd25e462ff4f,aa20beb7820cbdd220724499578432f67a79154dfb745bf6acb4b2c15a2e534d
sticker:75f226508f606719,シール図鑑,贴纸图鉴,#080 リズ,#080 莉兹,1,1,75f226508f6067198afe37be9af45d9fd854acc3f1225d4bfa9e8a22c65b7b89,62eb58c9bbadca15723552bf9bff4ba6538a7f30da42bf36d6dba100f04087b3
sticker:1f2387969b5485a5,シール図鑑,贴纸图鉴,#081 メリッサ,#081 梅丽莎,1,1,1f2387969b5485a52ec2cc2dba4dd64e15299deeeb33e851d22f7d2a4c3bed0f,b6b6bba3664409e2e53e334df7d1fefc99707c17c991eae00bc49f8f395d2fa7
sticker:65801c4f5da08e96,シール図鑑,贴纸图鉴,#082 天乃鈴音,#082 天乃铃音,1,1,65801c4f5da08e96e36cb51d8ee0159a260c5fd20f7eb4235145c0f941103268,f4d4efff72900d053eaebd402adf41dd93d6a9bd86cf493df22f6f5010ffbcb4
sticker:b86ccc620557b977,シール図鑑,贴纸图鉴,#083 詩音千里,#083 诗音千里,1,1,b86ccc620557b977da24e78af86eebcaba7b81ad3deb793826dc640f7efd0ea3,51d36219719fdf6b35b25a8d156aaed83cec053ece008d67118e9ba92649bd5a
sticker:c12f216ae120d748,シール図鑑,贴纸图鉴,#084 成見亜里紗,#084 成见亚里纱,1,1,c12f216ae120d74834edae9d6554c92d8b88b550945d5e720ee02f9274fca2d2,abdef8500cf9c8ea0e86cd69a3ef5d2a9b9167c92a4c71a3bc80020a90cac902
sticker:c544aa85fe829dd5,シール図鑑,贴纸图鉴,#085 晴着まどか,#085 盛装圆,1,1,c544aa85fe829dd5c443b850c1f6a2b3e30715c2c0147cabfb4e1fa0ca949400,8953e673cbaf9941b21d33d316f579ca53de65d4741b0ed5026f33b77e035b57
sticker:d80c192966420d6b,シール図鑑,贴纸图鉴,#086 蒼目まどか,#086 蒼目圆,1,1,d80c192966420d6bbd96b0f8fa39e204bb608fd3183afb3382f7f109d90edcce,7a6848f8066e29d2d64e5e4d3ff7601a7b0341fc79a6b7a2153bcbeee8e393e2
sticker:b37ccf3bd65549d7,シール図鑑,贴纸图鉴,#087 水着いろは,#087 泳装环彩羽,1,1,b37ccf3bd65549d7cc49ffa723bfbae84877a0e62ab2048164123e9692a3b88f,e1b9cc28cf0ae2714c50a6491ee058e847e37233dc3d917c78fac7ed0a62e4f4
sticker:3a485001ca821046,シール図鑑,贴纸图鉴,#088 水着ほむら,#088 泳装焰,1,1,3a485001ca8210468180015aaf8df898d18b620bd39a13c7010f493df39aeb34,e610cf17f8cae4584720895b7433a688cdc5b713345044a93cb152fbfb0e8b38
sticker:7d5e12f7910c2929,シール図鑑,贴纸图鉴,#089 環うい,#089 环忧,1,1,7d5e12f7910c29299b7a4367e5703ae1f5d1746d0586645701b47fd833415175,d3148e0eeec70b24067307c035b6d42a3521164e27bf13e865003f1479692a77
sticker:01237934bcde8190,シール図鑑,贴纸图鉴,#090 万年桜のウワサ,#090 万年樱的传闻,1,1,01237934bcde8190eb8dcea9aaf8af3f2357c645ea227dc3939a60288547bd20,8d0ee2cbd1d08b7ae28a35234806ed9fbde925a9e6cfcf14f4e9b88e760e0934
sticker:6827ac597940f3db,シール図鑑,贴纸图鉴,#091 アルティメットまどか,#091 圆神,1,1,6827ac597940f3db19e0502e81acf668ef53418910f065894369ea341b376b70,81431461f6a31b1664ae01fd3a7b6d8b70ed9e8631bc62d183920b1f2e53359a
sticker:30fbad0139c4ecf8,シール図鑑,贴纸图鉴,#092 いろは・やちよ,#092 いろは・やちよ,1,1,30fbad0139c4ecf897f76eba258259746bc13502beb0f91c4d21174b9ae21d48,aa62d4ccbc99b02cd0f80aa7db2e2d625eac0acd1fb518fc77847611dbb3a17f
sticker:a8836ac783f99852,シール図鑑,贴纸图鉴,#093 水着杏子,#093 泳装杏子,1,1,a8836ac783f99852dc5cb27a852c1b8c45f5dec151822fd042cf9a9bc0331181,7fd2591161a48621c4f9ae258dc7b9a797d7cbc08378b3c05c83e3d0dd946355
sticker:a0949eda5bf5ee14,シール図鑑,贴纸图鉴,#094 水着天音姉妹,#094 泳装天音姉妹,1,1,a0949eda5bf5ee14ad2c6a8128c8c69b749bf2df3d61882441c849d2d7f897ba,109b57bbda5eca15f3d991dd10cd7269f30ccaf85d3f00e894855a3cc08b11b1
sticker:c25cc465e0bd0a6d,シール図鑑,贴纸图鉴,#095 梨花・れん,#095 梨花・れん,1,1,c25cc465e0bd0a6dcce4531f51e712a947e642582454269fc6ee79f7b8bdaa48,024235b3478ce8b1e26e2c741b30257967b107c339532fbb75261d66e0516e2f
sticker:0f45ae1b0191acf4,シール図鑑,贴纸图鉴,#096 更紗帆奈,#096 更纱帆奈,1,1,0f45ae1b0191acf4a0dc64952b926b1fe7c6e81068a519d952fea0f630a66f9e,37b54054c37d93acbb516bc9704de47dc7927780b065ca55af65af1afd1a09a6
sticker:9db97ad8b25f3e42,シール図鑑,贴纸图鉴,#097 七瀬ゆきか,#097 七濑幸佳,1,1,9db97ad8b25f3e421a08da978f2a1d2f13cef6bdc2325ae4613ef56765c353b1,c486513dcad5bdadd83d25a15456c4c76e7514ec903e7b1c58141d3101af831d
sticker:07e1ceb88b8f90fc,シール図鑑,贴纸图鉴,#098 柚希ほとり,#098 柚希步鸟,1,1,07e1ceb88b8f90fc0c32bfa0bdc5d0346a745fde5d9173c1c99c6341653dc8aa,18c1f938795c7a59a507937a4010e882c092f7c975a304d2ed0665d58aba2d72
sticker:8307352a63c71f03,シール図鑑,贴纸图鉴,#099 柚希りおん,#099 柚希理音,1,1,8307352a63c71f03d948ce7a251096d817d7e542fa79da3745ca0ec038ba6afc,15e465781d3596689c5b3286224186a4b72b2ba8db010acaa05c37dc88808aea
sticker:b996b19fa8664a2a,シール図鑑,贴纸图鉴,#100 エリザ,#100 爱丽莎,1,1,b996b19fa8664a2a4557a719300e5e81e1e34b75f1af26c47ad0b0af32dabaa4,a16741833beac235acebd30d0a8c0e12582cf97345cc6dc7f3e1e66c06e45a4c
sticker:64306bc4a6b9616d,シール図鑑,贴纸图鉴,#101 コルボー,#101 可鲁波,1,1,64306bc4a6b9616db2ddcd73646623b85738440898e2e52faa2c6f3dfeb82584,ae38362634ea30c013b561e6702a62de67b612f81e6952d4f50d5e66894c7907
sticker:0419fb1e9b623d80,シール図鑑,贴纸图鉴,#102 奏遥香,#102 奏遥香,1,1,0419fb1e9b623d800d5ad409eed1b258a29f600b37542f860b24d489991f9e72,e47604aea2d11217d15d03b07f1357f9056f97c1eed003a62ebe7c0e9ef46be7
sticker:0db4e4fee2504856,シール図鑑,贴纸图鉴,#103 日向茉莉,#103 日向茉莉,1,1,0db4e4fee2504856e2263d37ce36dd67dd9a64144588730a6e160cf0f91d9366,093ba6a2d5eeddb76181dc095ff373b27b84bc8fedf33f5a18e663510b20f598
sticker:4fe054877b46f21f,シール図鑑,贴纸图鉴,#104 時女静香,#104 时女静香,1,1,4fe054877b46f21fb0bf1478d0088ea84217d1f32a25a730303ec4d23c250ef0,cc47df9f09448c91e147ce7c25ab79a2a57e3cb174959e043ec0e4639d7cf14c
sticker:3be56ed2b06a7f15,シール図鑑,贴纸图鉴,#105 広江ちはる,#105 广江千春,1,1,3be56ed2b06a7f156666c06658bd6adc170852a936156dc49c5d4e8809305894,386a6059b1c8a405bee0a69d2b97f14546ad447f3bf31e2c5f9d437ab919948e
sticker:6aaaa61859a69d0a,シール図鑑,贴纸图鉴,#106 土岐すなお,#106 土岐沙绪,1,1,6aaaa61859a69d0a8c0682c277b4a5cb289e7b9e6ee278f99fd1758cdc2ab2e7,83ff637d337a0bd126c9a0bca55b29593d2f97bc32d915ba7acddc7ac6cc28cc
sticker:ffd0df031b79924c,シール図鑑,贴纸图鉴,#107 紅晴結菜,#107 红晴结菜,1,1,ffd0df031b79924c083ea8f348f84786bdce54b7380228ebf86b776234c4b813,6d3dedb8e6e534eacdc5949d82b3ab20f594f89dcf57c91dd106d1f6742c7d25
sticker:679f0b882a7b7498,シール図鑑,贴纸图鉴,#108 大庭樹里,#108 大庭树里,1,1,679f0b882a7b7498b353d83763c088199eb624ba562e63aafd2dd2c7a934fedc,9b1a0186c1728589a747652aa0cff69fa39f01f5cbb803d7b6d08dd49bb43908
sticker:25f59e3f686be792,シール図鑑,贴纸图鉴,#109 笠音アオ,#109 笠音青,1,1,25f59e3f686be792f815b2ed8ddb28f7391655257ef5ebf97b1f42da64857790,b91eaac710a12f55124f8876943becd9dfde190338fbd8668459b51602ac0499
sticker:8cd65a9e83702d33,シール図鑑,贴纸图鉴,#110 煌里ひかる,#110 煌里光,1,1,8cd65a9e83702d330feed9d2cd9de437d31db5bd292d9930af9543e6e0a37ded,05802d6dff935ab73bfa411ba5a5f8bbe84de4df4d5bb72f49f8feed2a67e724
sticker:f7daec35a5ecc089,シール図鑑,贴纸图鉴,#111 智珠らんか,#111 智珠兰华,1,1,f7daec35a5ecc089c3fa933d66bcfb0c94bb36eeafcc3bd460babb60816a0da1,2cdc80102f6ab79be3b7439667eed920510a2c41c30f9d9c588010d6f8a05605
sticker:3e52a8a7ab37f6ba,シール図鑑,贴纸图鉴,#112 鈴鹿さくや,#112 铃鹿朔夜,1,1,3e52a8a7ab37f6ba4d1bb840402a4f7b5cb2f18043e7564252b0b457f097a01a,2e1a94f22518c16a695a0538c021dafda66199ede3af01f0da74d1be12feb5b1
sticker:4f72014cc7748724,シール図鑑,贴纸图鉴,#113 安積はぐむ,#113 安积育梦,1,1,4f72014cc7748724046d1d1432f35acff99c50e64ccb6f599829358ea287e145,a22da4fc6331ee37b809e5752aa2f032972da1f6d5738b7bfadbe41b360985de
sticker:6c3b3c994c172e4b,シール図鑑,贴纸图鉴,#114 宮尾時雨,#114 宫尾时雨,1,1,6c3b3c994c172e4b4327873cc4fbe2539dd6d45adce1188ee94d54d0a3c67bd2,0e3d1fe55c35bade613b5fbd86cddae2dd05673508973e5d34b32ee91ab78475
sticker:eb959c3c44ca7c9e,シール図鑑,贴纸图鉴,#115 古町みくら,#115 古町美仓,1,1,eb959c3c44ca7c9e429a91f7dc23335dd0ddbcb09fd037416e89098bd07480b0,9a0182e0a069afc4bb454c2d02fd1fd69b7160c6b891cd78d202f59d84906116
sticker:c79cbc2c8af3623f,シール図鑑,贴纸图鉴,#116 吉良てまり,#116 吉良手鞠,1,1,c79cbc2c8af3623f6ede2975f69ee11b16dae141ec679e052dbae8be31646bc8,36ed318459df5084ddf99351fce64768c7662cee7151b98e8b4a8df2d937e2f9
sticker:75dfb140d8b8bada,シール図鑑,贴纸图鉴,#117 三穂野せいら,#117 三穗野星罗,1,1,75dfb140d8b8bada2aa5cad2dd2aedd6b462b800787f6c7b3fcf1cbb2e8e19c1,b2ab2fb92a4bba9b4ab496f2f3ea2a28158bb1a0bbdbff5b8f4700ac5fb46e23
sticker:f46165c98ecc09d1,シール図鑑,贴纸图鉴,#118 晴着さやか,#118 盛装沙耶香,1,1,f46165c98ecc09d147b583e66b2209d821d3b8fbbe30e482d8e4dc44801809c3,fd35aeb0e3ce4e4215ff124e9920722ca2afd2f942f32495d0ef0ce0a8c96f6b
sticker:5c39f497295b9937,シール図鑑,贴纸图鉴,#119 バレンタインなぎさ,#119 情人节渚,1,1,5c39f497295b9937d79f587ff3714eba841419eabc708fa4b8c461bb141bfdca,952a352ee9d07b39c051685ab795eb4c4ecd56b9a7476364d105777b049676af
sticker:d1ebd1129f1bfcf2,シール図鑑,贴纸图鉴,#120 水着レナ・かえで,#120 水着レナ・かえで,1,1,d1ebd1129f1bfcf23e7c7de1eb3acdc70a246cfc105a89338409902410bbd7ed,fe754f26ad263e6e18d9f776bc47d4f5417e62c8124679185ae16d4e0a9305ed
sticker:f1a72f5b9670b733,シール図鑑,贴纸图鉴,#121 水着万年桜のウワサ,#121 泳装万年樱的传闻,1,1,f1a72f5b9670b733a9e14141c71109c10a934a658a60a5e64b73a016faacbbfd,1df2143cef757c944ff43443e5f7cf36d69bb596ddff1ce390baa2929c9a58ae
sticker:0daa6d27400b700e,シール図鑑,贴纸图鉴,#122 水着マミ,#122 泳装麻美,1,1,0daa6d27400b700ead31d34e2d9937888289b146b73e784e14f9231279482838,b4b5f51bfc0de5a0703a45fb4b8c843a946a6c2b8a379423fc58aa84a032acea
sticker:416d6149ca296e60,シール図鑑,贴纸图鉴,#123 やちよ・みふゆ,#123 やちよ・みふゆ,1,1,416d6149ca296e6079bd8e1848bed46e0580a38049b2168eeb1710f206f4dd1f,06a3132b06f576af28484c52b9bb76eb52d9c6a7151bd2ced076d44f0f452720
sticker:565dc883a5d81dc8,シール図鑑,贴纸图鉴,#124 シスターももこ,#124 修女桃子,1,1,565dc883a5d81dc8cfaa7f36b024bcaa383220cb366c617d7fe3cb7cd3494c61,cb8483c0c27c840670daa17bf037316f2de20484258c8f6a0f6a151278853457
sticker:733a3f8721139b9a,シール図鑑,贴纸图鉴,#125 ヴァンパイア十七夜,#125 吸血鬼十七夜,1,1,733a3f8721139b9ae44fe87fe298579e99a0565c6acd9287df66a9a05110f33f,a2c7929e2cb4d39cd3d33818bb311657d389c90f3adfcf976718c044b9faca48
sticker:24d385ed766dc4bb,シール図鑑,贴纸图鉴,#126 鶴乃・フェリシア,#126 鶴乃・フェリシア,1,1,24d385ed766dc4bb49c10f9d01ec852ca6544dfd61baa7a055b2e943ed7c2403,43c73488c61852a420502f51f6ca824a2fee6336260b0a1ee369f99a0ae70ff8
sticker:e4bd091e8cbbb69a,シール図鑑,贴纸图鉴,#127 灯花・ねむ,#127 灯花・ねむ,1,1,e4bd091e8cbbb69a58075ae0b68ab174f248904410ead033ab91a09d941f219e,97fe9287c34c113d474dfdafb3956ff2b13b14eb816e983e671bb9ca14bc4947
sticker:e9c787b96cdd3858,シール図鑑,贴纸图鉴,#128 南津涼子,#128 南津凉子,1,1,e9c787b96cdd3858e0eff2b409ebe68bbc6fe69519f68533b97c76bd4b8e902e,2500a32da964dc0839926adeb6deb6849edac6349b6da0bf3585b93f4af76c79
sticker:f57df995846784bd,シール図鑑,贴纸图鉴,#129 青葉ちか,#129 青叶知花,1,1,f57df995846784bd754da3e5659c277abfd9eb4ce237a93507aa12cf82db70df,fa78d19026577d242328d260a23af58f13c001d9d40e9533ca5cce0ac972a355
sticker:ce5643504bd3aaa6,シール図鑑,贴纸图鉴,#130 リヴィア・メディロス,#130 リヴィア・メディロス,1,1,ce5643504bd3aaa6d3d48338f2d70d0643a6e69486d4a414eeee46b480e4213c,f3c477c0aea444307ecd1924321e15886cd9ff0777dcb8a4dcb3aa0578ae6121
sticker:66794b82f0db84da,シール図鑑,贴纸图鉴,#131 篠目ヨヅル,#131 篠目夜鹤,1,1,66794b82f0db84daa2535314450c09be700a1ba9c75e6600c4da001c29db6ff2,64a623e397398713f6b701e73c54d6123a00c13c920fc51dac2acf8dabfdae3a
sticker:87fecd00c482d052,シール図鑑,贴纸图鉴,#132 佐和月出里,#132 佐和月出里,1,1,87fecd00c482d052e5a27582e27d19ef3dfe7bd5d4cf299460cefdc045642499,242e7d3c800f918e9884d08837db3b596aef743458442c5a293864765c85cc4f
sticker:9a82b9654489bf19,シール図鑑,贴纸图鉴,#133 八雲みかげ,#133 八云御影,1,1,9a82b9654489bf19bb90d50ad12b78378e12e683ff257a9240e3751191dae2c9,27b950d8504f23cf5d1a2831dfae9e64776c532fd5f9e2e66c97963a9b80da4c
sticker:31d4d5f1615d63b8,シール図鑑,贴纸图鉴,#134 水樹塁,#134 水树垒,1,1,31d4d5f1615d63b807aa2618e849a754c3a50a0eb9b350fe6f9f2112cda4559c,802357f56eb6a8f3302ab3825cd86fa72b1cb2d374c97018010cfb0c00fd0076
sticker:870e08273281719a,シール図鑑,贴纸图鉴,#135 若菜つむぎ,#135 若菜纺,1,1,870e08273281719a3fcdbfcce689bd1409f088a15082e2816bc790ecb62f6ee7,55c3c92f9c1809ab11319f9542f26e225352ee718e8d7fe94194abd254bb1639
sticker:da03df52aa497578,シール図鑑,贴纸图鉴,#136 飾利潤,#136 饰利润,1,1,da03df52aa497578ff59c0d6d97437aea63b54990f9dd83845a49330ae3e575d,49827e85ae72ef4242933d89f899b9e25edf39f03a279749be65e790aebb49b7
sticker:4238f9118e0e5a1d,シール図鑑,贴纸图鉴,#137 三輪みつね,#137 三轮光音,1,1,4238f9118e0e5a1d37beae95938ee998c160c6178e25f75d99208a66c3148933,b159c353cc52f5f3887c67fd71dc2927d24c1ee629340eeb3204c1d914eb3594
sticker:bfca7270ce818604,シール図鑑,贴纸图鉴,#138 由貴真里愛,#138 由贵真里爱,1,1,bfca7270ce81860435c5038462874ab654cf0d905857fcdc8f9908c29b469827,0fb1da5341ba9aa905b8e3933a9b221f3d4dd561fb9193711d266500ab2df769
sticker:725dc1995ec4d834,シール図鑑,贴纸图鉴,#139 恵萌花,#139 惠萌花,1,1,725dc1995ec4d8345bf3cb2a9d65f910bab02205a2c4b5819cd41169edb3c108,3e06a48b68d79bc1bb4ad845e28a3b771176193344a3ae0b5daea142faaa1404
sticker:77590680bd9aae1e,シール図鑑,贴纸图鉴,#140 香春ゆうな,#140 香春优奈,1,1,77590680bd9aae1efdb017a63c8423a641bfd5ec87ed9ac1579395f2a67154e1,461766003ed21aaebcf5ccbb37e0c41cea7278eb7eb1e7208987f9d205526fe0
sticker:af11a157fa610afa,シール図鑑,贴纸图鉴,#141 枇々木めぐる,#141 枇枇木巡,1,1,af11a157fa610afac0f6d76a993df22d929b79a88c8cecf1308d0b5cbf77aa61,6020536231125e74df33a9d7c86cb0b445c1f3939864332cea2522469ca19085
sticker:a986a9e0c604c3b2,シール図鑑,贴纸图鉴,#142 タルトFinal,#142 塔鲁特 Final,1,1,a986a9e0c604c3b28926c0b106c0307c666c44262dba7a3876f0165c3e6ae4ad,8bcdbfe6b16c923ba66fc6f69132dd0f366cc4bf2b139ceeaa22c9327b4596fc
sticker:2baa7f215463d8e7,シール図鑑,贴纸图鉴,#143 ラピヌ,#143 拉皮努,1,1,2baa7f215463d8e74d655da90bf8d8ec077512e877e2abbed3b2b18c3b86afab,42b4c78579dbaf1d8b40bd1b56941b5db096f4b9206b80d047af48577886ab73
sticker:d8f3529b653fb9e2,シール図鑑,贴纸图鉴,#144 アシュリー・テイラー,#144 アシュリー・テイラー,1,1,d8f3529b653fb9e2fec38dc8933efd69b717603d44ec046131d247b7d73c67e7,263b648cd8cd5ed567e403c9fdec3629df96f70ee0750b5732006a0d70be47a5
sticker:d03c9099806779f6,シール図鑑,贴纸图鉴,#145 アイドルレナ,#145 爱 ドル玲奈,1,1,d03c9099806779f6fad7b94aa072c395a9b8e2afd02a1a6fe693b81d9e079d4f,8fcbe71a9fc2900aa6f574d06bd6a08db00216032e156750255145716f073825
sticker:b85d0dd1e62f8dda,シール図鑑,贴纸图鉴,#146 小さなキュゥべえ,#146 小丘比,1,1,b85d0dd1e62f8dda2bca64fc5f728b9c52957f49a42c3cbcae4532f01d14b218,f00c9ffacff32502724b3e5f9c57ac063007b585d904a389d7b619f9a103d606
sticker:81c79e462d71b4ea,シール図鑑,贴纸图鉴,#147 巫女いろは・うい,#147 巫女いろは・うい,1,1,81c79e462d71b4ea29cd47603a7f747f6df42d492c247abdc37cef69e2dfb1fc,f41bd1a5641fb6e93ee3aeeac399936d818469b8d7a3500cc2b4d3d96d3291a4
sticker:bf9939c1b8b116bd,シール図鑑,贴纸图鉴,#148 美琴椿,#148 美琴椿,1,1,bf9939c1b8b116bdb35f9605b000b513c13d68b0529e9afab5d2a5b3225eae33,32f2a72bd6b33a4520a54583aa8719e6e9b012d15736e2497884ed6615fc12be
sticker:ca64e0b1ba405b25,シール図鑑,贴纸图鉴,#149 ウワサのさな,#149 传闻莎奈,1,1,ca64e0b1ba405b2517d3fbd47a87fb9841435d4f2902ea67df1329be55216910,871aa9cd3b5193b6254c2cdaee8ce061592c4344a28d5b488e2eb5655d3b5a90
sticker:2b3ca7771da4dde8,シール図鑑,贴纸图鉴,#150 七夕やちよ,#150 七夕八千代,1,1,2b3ca7771da4dde8d345c5951df34a4b9aaa18859c36cc2479b845234547cf64,8ff0aa0968c5d8a2f3e3a77b230a7d001cfe601e784b19109be9df2c1ff2cc75
sticker:0133da89677ba457,シール図鑑,贴纸图鉴,#151 波乗りさやか,#151 冲浪沙耶香,1,1,0133da89677ba45799d0a812d01757206ff30413aec8324a4b38c97aa424c781,1573fe607fc33827cb48d6221dd837ea40ecbd423d0db822cd906c26790f0b98
sticker:d806993f39dee2b3,シール図鑑,贴纸图鉴,#152 人魚ももこ・みたま,#152 人魚ももこ・みたま,1,1,d806993f39dee2b34eaf64fe2f1005d16ece1af13261b53ca402cb4f128507af,790ff2edad5a6e07d9540e9509c0cf412888f85f56f23743f66a35f480d2aeae
sticker:5ecb1a49dc369b72,シール図鑑,贴纸图鉴,#153 いろは・まどか,#153 いろは・まどか,1,1,5ecb1a49dc369b7255bce37c97383ad2dcbca6b34a8f688200c5dea1391c6985,400a103e7dcf0fef95b228975d95610e96390cbbe0999c72f4324eb07cb737d1
sticker:506b39b37cc1bca3,シール図鑑,贴纸图鉴,#154 ハロウィンかりん・アリナ,#154 ハロウィンかりん・アリナ,1,1,506b39b37cc1bca328d6f6e6bc68a29b267e8af3b336ca3500b7b807a1488f45,a263e17d758dea1ff240e68953ae02652fcd2672f8dda9ccc6cb063dda05dfc7
sticker:20614dde6ac2b5ef,シール図鑑,贴纸图鉴,#155 X’mas那由他・みかげ,#155 X’mas那由他・みかげ,1,1,20614dde6ac2b5efc8a65c7bb31730e0ffa19a7a8366786451cbeb49ce3f18a8,685f10215978483837c49bb4ff462e2e013ff9501f66ec7ceaf9f8e5a7b25ff8
sticker:5a37097fc20f40d4,シール図鑑,贴纸图鉴,#156 里見那由他,#156 里见那由他,1,1,5a37097fc20f40d4d5c74aadcb51458ad34f2387dc71580e526c31301f173954,e15ea006a1d96594a3a8dabb2351d785e6d8f3218146a3efe9ebd57c68e56074
sticker:16a682fdf8c8f46e,シール図鑑,贴纸图鉴,#157 栗栖アレクサンドラ,#157 栗栖亚历山德拉,1,1,16a682fdf8c8f46e0faad4f773b01f8f0fccfd11e761cfb2165744b4e4dedfa6,6928d212196b75a46ed9d9f2a0ba9de0a06bf219c516d738c321bff114a3b9d1
sticker:96a97c4ff7554768,シール図鑑,贴纸图鉴,#158 神楽燦,#158 神乐灿,1,1,96a97c4ff75547685fd3bfd7905da8bc32afd2b1ce16e0bb386d31c19c0e747b,981196f44878238e687352cec0e07ba72cc2a023a054113d66c3e31932d180bc
sticker:5060364ae18ecbe4,シール図鑑,贴纸图鉴,#159 遊狩ミユリ,#159 游狩美由利,1,1,5060364ae18ecbe4ef2277fec194f3e040513edad3aaa4f4a555cfa92e3b722b,9be5d5e50448f30bba05707f6a2d52b0f119d7328f77f3e81978065cd2d526c1
sticker:7344e5a237ac29a5,シール図鑑,贴纸图鉴,#160 このは・葉月,#160 このは・葉月,1,1,7344e5a237ac29a5934999c604f0ec96870045d0ab25f9e48dd028d817ac0ddf,5693456ce8b06907e62d364435cf775fc8d0db5862d84529d2772d902b769b95
sticker:2f0ad111db4a3547,シール図鑑,贴纸图鉴,#161 桐野紗枝,#161 桐野纱枝,1,1,2f0ad111db4a3547890459fc8814be5658c1c5000dd4b0457f47a8a2dd5e52e6,8a1480072d9406d53575eed7271d50be4e9dd720c76cf434a6f78ff5a8ba6a34
sticker:02776ca2348b9350,シール図鑑,贴纸图鉴,#162 入名クシュ,#162 入名库什,1,1,02776ca2348b935079e8ddf618b87a5f2655057aea2f6bb5f700c708bf7230c4,3aaeb4b8bf85bc784d427f359229c26b603618d8025ee6b964299e082685cd65
sticker:5af108fb864123f8,シール図鑑,贴纸图鉴,#163 由良蛍,#163 由良萤,1,1,5af108fb864123f8e20afcb706327987206101e283c29dcd8fe0f4261355ffc6,627ac7baf023115d3ee5839b41bf29c3ed8f0792db1d2410fa15e2a95b6754ee
sticker:678e8d9368bba763,シール図鑑,贴纸图鉴,#164 イザボー(魔女),#164 伊莎贝拉 (魔女),1,1,678e8d9368bba76383ea0cc3d7af513f884666fc92211b1bcc4653c7c787f6b8,f82cd2244ffc51e8292be1555a49a7d0ace852757b4d0bbbeea9e3eba706ccd9
sticker:ddc7c636e59cced2,シール図鑑,贴纸图鉴,#165 ミヌゥ,#165 米诺,1,1,ddc7c636e59cced2837ee3267b51865444a05917303a21093cf01a35791fe89e,d449faac2eec0de69d9b9a28805d2b20f56584d0462433c281770f65e48b2f79
sticker:3aaa6417b98ec753,シール図鑑,贴纸图鉴,#166 昴かずみ,#166 昴和美,1,1,3aaa6417b98ec7533a35767e86e2b4c153350cd99db998cc1a99aa6111b7062d,55aedac28017a4ed74e3ef69252a87553744f074fd60971b4674dbb34ade0321
sticker:9ca544e4b6730c37,シール図鑑,贴纸图鉴,#167 ホーリーマミ アニメver.,#167 圣麻美 アニメver.,1,1,9ca544e4b6730c37d4ea7f6db8f67f9f790910c8dff2830150c7cbe2c2a9c925,37efc1f35733cd4ed7de40bfccdd044cbd3ed98eb21882009d99e9676cbdf917
sticker:f659a03e3c09b188,シール図鑑,贴纸图鉴,#168 黒江,#168 黑江,1,1,f659a03e3c09b1888736133bb080062e270f1537561f113568d6d174994da701,0cd8bff789eec650fa2b0e0c2e0759ff9ba455c1c17c242c02c321b4b0f95810
sticker:1cb5d48ba27eac40,シール図鑑,贴纸图鉴,#169 究極まどか先輩,#169 究极小圆前辈,1,1,1cb5d48ba27eac4057f37e9644633215c0e003e113eb78da87058d692d4664db,163ee86acc83f710e320e7cb615424d04346293367887d325bf16e1707dedda5
sticker:7c91dd584c4f5447,シール図鑑,贴纸图鉴,#170 出涸嵐マナ,#170 出涸岚玛娜,1,1,7c91dd584c4f5447854c72e02679d87926e866011179fda812de032707e3a100,fc8cf6973b5be4d604fef49015fa871f04734ce775989d4a29164b2044f8cb8b
sticker:eb8f33481c16d123,シール図鑑,贴纸图鉴,#171 初日の出静香,#171 元旦日出静香,1,1,eb8f33481c16d123d70bf1d37482ed13cff3c95fd73ba0d308ad131c4cef745d,846763a42559d3d1dcaf4d2638a811597c97d0eace411cce4ff32946ae1b0289
sticker:39f669c96fc2d7de,シール図鑑,贴纸图鉴,#172 ドッペル杏子,#172 魔女化身杏子,1,1,39f669c96fc2d7de691e8b8c8b71a7fc2ea2752399bf4cb130efd2af13955cf0,8d0fa244ffd101dc9511756cc8adba27daddbce5cbb8400052d6d32ad1fb1a42
sticker:4433b4749dd26507,シール図鑑,贴纸图鉴,#173 三浦旭,#173 三浦旭,1,1,4433b4749dd26507bee9fa7e9e7346798335274896ac131f81d9266ccf29b014,0ddb71b56bf75df0975deea6222248654ebe4892c5374a279fb9cb77a4695ad6
sticker:6b360fbecb97e6ce,シール図鑑,贴纸图鉴,#174 イザボー(魔法少女),#174 伊莎贝拉 (魔法少女),1,1,6b360fbecb97e6ce2e11d40b65ffeb84e420ffd1357ff65e08019ab0ece2ed25,03a55c2d708612707be046f9d66dfa7419b1d9872c9fe5d1eeb78a42fbf3d012
sticker:766504bc15035982,シール図鑑,贴纸图鉴,#175 ペレネル,#175 佩尔内勒,1,1,766504bc15035982498288dc9ea5fe2a716ae33f62618ec8a425ce194d40573e,35ef96ce15e1e247211019c482189cc53f3c2ff3a41596096737e928353ccdd8
sticker:2a20e6e0177716ea,シール図鑑,贴纸图鉴,#176 七海やちよアニメver.,#176 七海八千代 アニメver.,1,1,2a20e6e0177716ea2c4a4244b32d591464a092c041af8f4bb2f9b6401dfaf123,393715e783038ccd6d90e47e33fd6eaf79f91e0404d65f5d1590cda4f91ac930
sticker:d2698f69863cebb4,シール図鑑,贴纸图鉴,#177 悪魔ほむらちゃん,#177 恶魔小焰,1,1,d2698f69863cebb4d5d26c3d521af8d9a1cac85791253a9d0f7b694d55a03e02,a96286e6d96b0b996e66f96c94dff53973ff52285975f5f43611cb649ad1bede
sticker:c86eb11b1b78e710,シール図鑑,贴纸图鉴,#178 水着黒江,#178 泳装黑江,1,1,c86eb11b1b78e710f8f0a52d50c0a893f95506ddebb42ce779648232c73cf152,abf5356c0098cd972974e6c34daa54ff68dd449c2ecf172cbca7abe5fde039ac
sticker:ab2a205d85fffcd6,シール図鑑,贴纸图鉴,#179 水着まどか,#179 泳装圆,1,1,ab2a205d85fffcd6c1562e83d313cbf117f378ef9bf7b5ccb5fa21cddcb36620,b71b8eedd9b2728c509c7b1d2c0400f8f2e2d7622922d158f7a7fbcdd45d9586
sticker:2184fc5716580c75,シール図鑑,贴纸图鉴,#180 おとぎ話みふゆ,#180 おとぎ话美冬日,1,1,2184fc5716580c752b94f7b05fac42d7fca45b5ff413e3b73572601a23937038,494cd879d578d67afcca1203cb5de83d15c2d2221e82e27c748d99b9807c46f8
sticker:704d1c3ffa160b5f,シール図鑑,贴纸图鉴,#181 おとぎ話やちよ,#181 おとぎ话八千代,1,1,704d1c3ffa160b5f2da3ff9ffcd1ebb25826cec5747edddee36ad2712ed40980,fb220b02969e74e1a4b0457208bd6652483d7f1a381cf6baf593efe59ce3f4de
sticker:7fe9d719cc7c2264,シール図鑑,贴纸图鉴,#182 佐鳥かごめ,#182 佐鸟笼目,1,1,7fe9d719cc7c22648ee60f35bbe5ba0cdfcca4e94135b71fd1973723d458b381,b21e45ff0fae558de0a13d3c2bb7394156112bd76f6fcb5d974c73daf0972249
sticker:4aae7376ce110b6a,シール図鑑,贴纸图鉴,#183 藍家ひめな,#183 蓝家姬奈,1,1,4aae7376ce110b6ae6a3dcac059ed08629e7f1308a1759271e059a593f3d7723,33a7c5a9497446c2b35761bfcfa821afaf183f917a50443cd61403722e70e625
sticker:4c5bed4d70b15f33,シール図鑑,贴纸图鉴,#184 氷室ラビ,#184 冰室拉比,1,1,4c5bed4d70b15f33413be43f4b68f44133dde41610a17763d19bbac10d5d205f,5c98df3ae340f9e4a4856139b475a4f2b4494b2aafc5b700476b9afe34c8043b
sticker:72e490a34c7583f9,シール図鑑,贴纸图鉴,#185 有愛うらら,#185 有爱丽,1,1,72e490a34c7583f9421a0375a8105debf8bc7af0197c074a0e7fb2efe0323bca,ee9a90b2e0285368a83300365a11b8607a5a07698e4d0a6595d8d4573dac3c0e
sticker:fea01734e9dec12f,シール図鑑,贴纸图鉴,#186 真井あかり,#186 真井灯,1,1,fea01734e9dec12fc638ba4acb6f64e3161537345e3ccea79cb0db221f75042c,d01405876cb00daa4ef4580f9031cd257531f4ad1e6ac0de2c9c9ba31f6edc96
sticker:c2c48d34407e25f1,シール図鑑,贴纸图鉴,#187 常闇仮面,#187 常暗仮面,1,1,c2c48d34407e25f100015e89957eda99400db4a04c8830b918fb454de5cec7c8,cf0de36413cd3d99ee05e96e0428e94e3636d9e656dcd6a05706c74c3abc5c30
sticker:92c704aa18d095af,シール図鑑,贴纸图鉴,#188 常闇淑女,#188 常暗淑女,1,1,92c704aa18d095aff246bc9c0a36361e2bf2c48e4c55160748799814db207f5d,079f6f65a1101839feb7600299fb595667d25cf4d0f962470bc82bbbef06ced6
sticker:f25250bb04ddee90,シール図鑑,贴纸图鉴,#189 キモチ ラビ,#189 心魔 ラビ,1,1,f25250bb04ddee90c956a4a60b223ce6930f1cb81c4bdf55b8586ca32c4c036e,f4bbc10ea8d6402efdc0ace4fc7adfa3628d1b8aec144a4cdf15a1031f48f439
sticker:183bb04331db7cc3,シール図鑑,贴纸图鉴,#190 瀬奈みこと,#190 濑奈命,1,1,183bb04331db7cc36a168c8ab8296808f895f7bc89283b874d8ce794dd0beef5,fe9846c80b8b45df640efc266bb00660a265b57450d0cab0cc8b1d230ef59212
sticker:7f626230c567f601,シール図鑑,贴纸图鉴,#191 ∞いろは,#191 ∞彩羽,1,1,7f626230c567f60114004d6225cb176cb9b5c2752d26458e8bd58c83306b3632,7299203ae9068dbf8447356f8ec3fe36ffe8a3bae16fda1ede823e46bb496c61
sticker:45c004253b9c564d,シール図鑑,贴纸图鉴,#192 環いろは アニメver.,#192 环彩羽 アニメver.,1,1,45c004253b9c564d81bd19f88f75f8636340eeb1f3a5488f231ad749c0e538a2,dec0aac21fe917524c0c30d573bb115851684fa43f537ae121cb61bed9e0c72f
sticker:8ec8ea190cbec1c3,シール図鑑,贴纸图鉴,#193 七海やちよ アニメver.(武器あり),#193 七海八千代 アニメver.(武器あり),1,1,8ec8ea190cbec1c3df215c98b3a3b3c2a550a705f5435516df42450f26ca0aa7,400b99259394cc3f1bffb47f7c3249227e6a3326372bd254d8a0dbfd0fe08af7
sticker:f539d2e59a9510b2,シール図鑑,贴纸图鉴,#194 水波レナ アニメver.,#194 水波玲奈 アニメver.,1,1,f539d2e59a9510b23adf436d66e368377b82ccec9c263bcb1a19de19bdd171e6,b98ed8a259824f3018e44c93b99bd3765f07673f07bfe3d743f9d0a21bd1b2e6
sticker:d0a68477cbcf3215,シール図鑑,贴纸图鉴,#195 ウワサの鶴乃 アニメver.,#195 传闻鹤乃 アニメver.,1,1,d0a68477cbcf32159f5f8a251807757728b5b8116f81175b349b6aeec71f77e8,09d24259fed9902f6ed731e4d6303cd7f40d49ba316b56d61eb1a0d4787f2c28
sticker:4dbabc836c606783,シール図鑑,贴纸图鉴,#196 Final 織莉子,#196 Final 織莉子,1,1,4dbabc836c606783fb40a37a8186a849a25d71077083095e41c36f3c18091558,8b624fc623e2c9c9995a6e06c63aaaaff2d64b6c0e062ce332dc4dfa31988612
sticker:e06a0d6117ccb4e8,シール図鑑,贴纸图鉴,#197 暁美ほむら 晴着ver.,#197 晓美焰 盛装ver.,1,1,e06a0d6117ccb4e8f15f667987598686da17269c5d133e704aa1d2a4e2407cc2,ee63fde21969dba20ad5f5ce57844dc064358bce6c682b658cb4860326f97e2a
sticker:7e188444bbd1ad7a,シール図鑑,贴纸图鉴,#198 佐和月出里 バレンタインver.,#198 佐和月出里 情人节ver.,1,1,7e188444bbd1ad7abf55d08789f7dd363e229f9e46b281139237929de3b91804,819c12156b9fa11a6fba1b31e0211c7346a23296f242c867348e041e6b3502ed
sticker:812ae47b057c5cfa,シール図鑑,贴纸图鉴,#199 水名露,#199 水名露,1,1,812ae47b057c5cfa2e23cf1f3677f3a9f1a3b3b2a318a4b208890b992e7d33d6,7d68050d502d8199d75d7d2eb71bc3487bd09ffeb25595ec1909650025255b93
sticker:831242612e6cc293,シール図鑑,贴纸图鉴,#200 千鶴,#200 千鹤,1,1,831242612e6cc29349b99e59ecd3dceaa46477da0b3fcd8a447976b14b3e543c,c94ea22d5ffc8a222933fba11cf7733f952302973cf84244e56d28556098667b
sticker:660ea97e07ed1714,シール図鑑,贴纸图鉴,#201 エボニー,#201 埃博妮,1,1,660ea97e07ed1714d512997349f38f3130efe15993cd411df9718f29c469d908,f449bf0dda01e9528b767dcbce6f5e778c7c55d156208a1792c0412ee38cdb9d
sticker:fe05decaa4549426,シール図鑑,贴纸图鉴,#202 くろ,#202 小黑,1,1,fe05decaa4549426d64305e8f3a70b748f0795b32b3b1dd7b78904be8fe7f24d,04db8c75b9f8b5b38e12b3b14877aa78daada17bea98df10dd5d030145bc76b9
sticker:453c089556e4bfd7,シール図鑑,贴纸图鉴,#203 無限大いろはちゃん,#203 无限大小彩羽,1,1,453c089556e4bfd70aadb9053520eed540f0b0d2bd05a511d10ca705c57b0f7c,d357ebe7a44b58f9418d67a7c1792e18d4beda23bd7c5771a3ebc977871a6c62
sticker:f054c8f5dd7d1756,シール図鑑,贴纸图鉴,#204 オルガ,#204 奥尔加,1,1,f054c8f5dd7d1756636b872498953354db6a281fb7e4069111cc050c5d91cb0c,656daa238a5fd149312d975dbe996afc14ce3a1c8bb3dddc101c5b4302b3256f
sticker:15e7d827350ab361,シール図鑑,贴纸图鉴,#205 ガンヒルト,#205 冈希尔德,1,1,15e7d827350ab3610efebf7b24aa1b17ead1fa8f8028fb929b86b2e3406137ee,70403945cd6e1acbc107deaa1e5f03a326a205412f454b9821f58e566de960f0
sticker:6ab1a0befc13c019,シール図鑑,贴纸图鉴,#206 ヘルカ,#206 赫露迦,1,1,6ab1a0befc13c019524e63a01774197e358eec4fca84df70bc9ce739e6f2bc0c,78e3b85353936580bf2010aa0bc5911af0538515c04881da87f767831a093d61
sticker:5d37cd8637da59f2,シール図鑑,贴纸图鉴,#207 まさら・こころ 花嫁ver.,#207 まさら・こころ 花嫁ver.,1,1,5d37cd8637da59f28c756a579006332c1f1b7b7fa62debcf85e5c32584b53c4a,f1f232b9a089125d11ebe93f7e98c86243543eb98c8821e0ac6ec6371bee3a84
sticker:b3cbb8701ccd21d6,シール図鑑,贴纸图鉴,#208 トヨ,#208 台与,1,1,b3cbb8701ccd21d6fd58694d09892ce1f1f1f2d67043415909f3b5257a950d1f,1001f66020b767b7c7224aaa94c0985244078315565cbc1e301cae772a60dbc8
sticker:0138090d22b28f76,シール図鑑,贴纸图鉴,#209 百江なぎさ 水着ver.,#209 百江渚 泳装ver.,1,1,0138090d22b28f76fa0beb58228206638d27a1fcff451b33fb205717c6326b9b,635d2ad4ecb58e4b48d4f66f3f64aa931e408ddcb4bcaf11f78bf67da799213c
sticker:dfbd92c8eccdd641,シール図鑑,贴纸图鉴,#210 アマリュリス,#210 阿玛琉莉丝,1,1,dfbd92c8eccdd64106c8947a0fccb6f66c7012b87c23d19cb75307ebb6ea5e00,cf2a742c81495498ce032ab92d7af7509c3ddcb0a76699cdef3c3c33f7d2f2e3
sticker:4d090224d40cbd58,シール図鑑,贴纸图鉴,#211 佐鳥かごめ 百鬼夜行ver.,#211 佐鸟笼目 百鬼夜行ver.,1,1,4d090224d40cbd584f0fca87b3bdbdc95845e2663cc89ec7e2c32524996e2934,5cf48a33a15c618e3fea750e86b2fb638cf90913529092bed0274569ab8b3325
sticker:625e9c4cba6bb0fb,シール図鑑,贴纸图鉴,#212 七海やちよ ヒストリアver.,#212 七海八千代 历史篇ver.,1,1,625e9c4cba6bb0fbc29116573a9bf97e3ccbeae4647789b65cb33aa28088f52a,75c767ecfc1b2bdfbbfe1ce0784aedd934330b37189c2732c013cc4fc53d502a
sticker:bd9bdca4d8a406f1,シール図鑑,贴纸图鉴,#213 悪魔ほむら,#213 恶魔焰,1,1,bd9bdca4d8a406f17a18c3e2b0544f95c6a32c7a91c6e19b9046a491283c1bbf,04940f1e0208abfb9153231a88ab0713d69f178ee6e93a3358f265b343b82191
sticker:656d03946fd26bb1,シール図鑑,贴纸图鉴,#214 伊並満,#214 伊并满,1,1,656d03946fd26bb16a2b283768a17cfac2865767d788b059ebde0565597db332,24e60877a2912733b968c8d3f937ca0a1f6a136558ef687bd85cc1beebb325cf
sticker:68c5843671738398,シール図鑑,贴纸图鉴,#215 愛生まばゆ,#215 爱生眩,1,1,68c58436717383984bf9a6f825ac56739ca2d853aa84131fb6490dcb30dc2948,e28ed59a24f52ba8f49749df596f243da866377ac1ba602a2666a6257f7beb4f
sticker:d26e2e71f1d97786,シール図鑑,贴纸图鉴,#216 鹿目まどか scene0 ver.,#216 鹿目圆 scene0 ver.,1,1,d26e2e71f1d97786ffcce041d68c844b4267a448e72043707b728e6c85291028,29d5f7162594b4dc5dfd867f1fc77bc7b2931cefdc81994a62277079e9564f35
sticker:0ea8bc9029a68e0a,シール図鑑,贴纸图鉴,#217 結菜・樹里 ヴァンパイアver.,#217 結菜・樹里 ヴァンパイアver.,1,1,0ea8bc9029a68e0a201f7a8a03b856d96d0dcc809e89a6c462f2b0e97c68af88,317a57a3b812d8ee55f62570b63d1eff7347729bfc89796833c25061e64fdb77
sticker:5c6f739b2352a323,シール図鑑,贴纸图鉴,#218 暁美ほむら scene0 ver.,#218 晓美焰 scene0 ver.,1,1,5c6f739b2352a3236530e169597eae355eea5b5842471a4176a5438801d2dbdc,1ab8b1846812fa65a63f243e05865e28b8efcbfd2b2bfea0ae109696e870ddcf
sticker:34e7fe79668abf2d,シール図鑑,贴纸图鉴,#219 佐倉杏子 scene0 ver.,#219 佐仓杏子 scene0 ver.,1,1,34e7fe79668abf2d602bd9a018cc968c0cb036833b623586e3401444367c751a,97c8b934e13953ca2be941deb2ffe45070deafb2cc3f35431f2a21e03f5c2585
sticker:de4ad161ed5cdc7b,シール図鑑,贴纸图鉴,#220 美樹さやか scene0 ver.,#220 美树沙耶香 scene0 ver.,1,1,de4ad161ed5cdc7bc5dfc0efdf4b935380aa33f284a7d81548915561ae316093,82fdaf924c082ed393538a6f7e02eb5ea385dc17dc175a9f09d4b3b850608376
sticker:87b43386b130d0f0,シール図鑑,贴纸图鉴,#221 ウワサのみこと,#221 谣命,1,1,87b43386b130d0f09bf79cdd3f4318556c40f153abd4a2a8ba317a004caf7465,e49d970ce20551330e92c079e19415f957ed149d619314855fa7a2c4a7ad0408
sticker:ea6c73f1f0108de2,シール図鑑,贴纸图鉴,#222 竜城明日香 新春龍神ver,#222 龙城明日香 新春日龍神ver,1,1,ea6c73f1f0108de2d38aeadec1fdc24e58c0ef226a2f339ac8ac09289644974a,1770c5ab945d0a61b90d9b3a9a4748ead22e749abdb7c4346561c016f17bf50b
sticker:8911aa56eea46495,シール図鑑,贴纸图鉴,#223 巴マミ scene0 ver.,#223 巴麻美 scene0 ver.,1,1,8911aa56eea4649556b62734bdd47c4a58efbddd6db4cd51d90deba78973a561,2bdb161a1f5e54d91b41bc6232fb36fe4322d9b8146835917c738fae0058b48c
sticker:79c824e27ba505c6,シール図鑑,贴纸图鉴,#224 れいら・せいか,#224 れいら・せいか,1,1,79c824e27ba505c65edeede2496533976e242c61887486c3e1cd0e40b3d58e86,5a620aefa6ac1fe9850d9f602fd55a9847df1b23047559fc56c79a96b57a7d26
sticker:a94957753717c63e,シール図鑑,贴纸图鉴,#225 まどか先輩・いろはちゃん,#225 まどか先輩・いろはちゃん,1,1,a94957753717c63e168560902ccd715cba350f562eef2615efcd3e4e5e50226a,75207bdc010959a440779f36521d76e73953d7075978b3e6d02733c495932229
sticker:70c3acd0720d9531,シール図鑑,贴纸图鉴,#226 ユゥ,#226 夕,1,1,70c3acd0720d95311fcee08c2fc04e6def36fb34454349ef1dd3dcbd45eec18e,7339335cabc62f01b2e0e0dc4ad541193b33dfbf0d81a5d3afb1b23eb219ec11
sticker:9344baa766552b17,シール図鑑,贴纸图鉴,#227 シィ,#227 思,1,1,9344baa766552b17f1e1fbf2fcffe941e2f8a00f9e34d560b84c2bdbd0b86f21,36ac10f677250d2cc314b7e3b6374997010798439192d7d19fffe9214992df74
sticker:6b4a465f7dcdf0f7,シール図鑑,贴纸图鉴,#228 いろは・黒江,#228 いろは・黒江,1,1,6b4a465f7dcdf0f71563b724448fb8b4df44d01f75acc5805c7d99856aad02b9,1b4a2cdf7fdb9697d58deadd96b96453bb6a29afe6b57a241259874ec5225ce3
special:c540984f76ab4127,スペシャル,特别故事,Kamihama Kawaii Collection Ep.1(英語版),Kamihama Kawaii Collection Ep.1(英語版),1,6,c540984f76ab4127e30c254d63eb46a82aa78395c53b5fb884bc52db736d01f3,175ac5f9c68671c4e09fb62c24bd601ba0cbfed60d78b99b671b0ef168958748
special:4cf12e7ffa1ab356,スペシャル,特别故事,お月見はゆらねむパジャマパーティー,睡眼朦胧的睡衣赏月派对,10,24,4cf12e7ffa1ab356a54f9d0f3b79ece3e0a2e4543e9d4e32c7d4ca17441f5940,149039c9d7717ae7cd626cd049a48ce0eebda8b33ac1cd3c941e8277afa9f78d
special:905f683472a380e7,スペシャル,特别故事,お願い！水名のかみさま！,お願い！水名のかみさま！,7,9,905f683472a380e7f021af13a353d48ca2f42c79dfe43744da95edcb26a44844,814f3ecc71e0276b715177b7116f4e7c77ec2004f5e74fba46f8fbfb46a24c21
special:f36bdb58f546d994,スペシャル,特别故事,ことし1番のあったかい日,こ与し1番的あったかい日,2,5,f36bdb58f546d994eeac357f807de4aae9ffc77446bb5e22636d585ccbac9835,90762e86c8a6f1edffa16679602622f906dbc68aa08de7428cb4950bc42cd33e
special:7864abcb0512c5f1,スペシャル,特别故事,それぞれの福袋ドリーム,それぞれ的福袋梦想,7,9,7864abcb0512c5f198fdb05699f0c8cad52b3c40acd39b40814771022c2b7581,c473ed490b5223daca17535d70b2bf8365ff4f6f562804bc010d001343cb1321
special:60e49507c7057310,スペシャル,特别故事,ちょこっと伝える「ありがとう」,ちょこっ与伝える「谢谢」,1,2,60e49507c7057310562f641f5578f0e68a72cca32cfa0a21bc11657ba02fbf80,02344df8ee68234d8e8e529674e52d2f404a2727a1ea49ba862662d222545f70
special:290249ff3fef2791,スペシャル,特别故事,みかづき荘の平和な1日,みかづき荘的平和な1日,8,9,290249ff3fef2791b9f5763f63af8b77d387214a1ff0809ec437ea41a0188030,64d4021555ee05e5813f18cd38262784a83ffc2c5f7f2e6c2bf99465d04feb93
special:fc0bdda0bbb0441d,スペシャル,特别故事,みたまの撮影会 前編 2018 エイプリルフール,御魂 的撮影会 前篇 2018 エイプリルフール,1,3,fc0bdda0bbb0441de11115d9ec3405480ec7ddf9981bebdf3ed3e25175cad933,32a148fd18db8bdc32fdda734bebf75286a06e298b20dfccd5a9921042469e9f
special:4f309bcb8702098b,スペシャル,特别故事,みたまの撮影会 後編 2018 エイプリルフール,御魂 的撮影会 后篇 2018 エイプリルフール,1,6,4f309bcb8702098b80dadbc8ab22df200e191b2ecc9a5ddaa2f2968dbb6fdfa9,498a84b3339dae795a0dff88f7211b20a996c86f95ac977be3b72ba4c406631a
special:0dcd5b7c9ad7319c,スペシャル,特别故事,イチカレーと10辛級のクライシス,イチカレー与10辛級的クライシス,9,29,0dcd5b7c9ad7319c6f8a41561a5f8f22c016759b9118ba94ee5ebf59f4c59a09,8a4004487ebd87d1afe1224bfa9c59ff60b2ec2533097cb1f1e79116ce98a756
special:01003232eb9f1be6,スペシャル,特别故事,ウォーミングバレンタイン,ウォーミング情人节,10,20,01003232eb9f1be621d371bc6e485e1aae4148dcdedf35de77fa1c80ec74dbdc,5f8e710b971600c04edfed3503ba3e059b84bbf0bc4084c41230ccd433c84326
special:5ab304445a79a654,スペシャル,特别故事,サンタクロースには涙を見せない,サンタクロース于涙見せない,1,1,5ab304445a79a654a68018ffc38d81b31614c491e282c81c64bf3919db1a0e94,718fbed34db8c07605a3e8391d2d93ee354026b8a4637ab6cca405845bad7ab1
special:8a4759b60811ebd0,スペシャル,特别故事,センチメンタルを見つめて,请看着这多愁善感的心,10,26,8a4759b60811ebd0a2c3bfbbbc64ed359034f835bbe89104fc6a12a70a1dc19f,3ac3bbb9e3f9e9ea4a7d7010875e49165074623da80d0e53b78c90130b811023
special:ae714699be0151d4,スペシャル,特别故事,ドキドキ!パレンタインデイズ,ドキドキ!パレンタインデイズ,6,8,ae714699be0151d4cb7beba60b872055a5f9ca4ef0a0634705740b8a04a0fc54,c012eefe72411e1bfb29e6ea585f8ae6592929eefd73632d2c99dae8c69bbe04
special:06fcd0b57e49fbdd,スペシャル,特别故事,バレンタインエール,情人节エール,1,1,06fcd0b57e49fbdd61221f80ccbef8db6d1eb8e1857ffa1c797f2e85b822a50c,464d99e50f3ae4f241db801b8164f925303558e834b32238316b9ad42231dfb4
special:97bf4307c8a52a27,スペシャル,特别故事,ホリデーにゃぷらいず！,ホリデーにゃぷらいず！,7,8,97bf4307c8a52a2773ec15f5f27d4ce58e24e38ead2e9fd5df01743c74791c20,929355be2e82aec9587def75751d6038761f007701d50c903d1d5e2bae77ecd3
special:e1df0ceba1a6511c,スペシャル,特别故事,ミラーズインタビュー,镜层インタビュー,2,16,e1df0ceba1a6511c11c82d6ec326a5ef3a39bfcbd60da1f233404775588f3f7d,5aeaae6701cfe5ca148bbccca4c67cb0463434ed085ca7865ba1fd4e4caf52c8
special:613b882d4c64e0c9,スペシャル,特别故事,メリークリスマスはみんなの手に,メリー圣诞节みんな的手于,1,5,613b882d4c64e0c9d0e068a081a8b7fda4c4719d2342391e568ccb9553e7127c,003af28453ba6b20ca407f15e8f0911bb94f866073c4917d48ef81cb61ff352b
special:0585b32c4f3725d9,スペシャル,特别故事,レジストする者たちに祝福を,レジストする者们于祝福,1,2,0585b32c4f3725d95da1bc907d88970d008b81beace21b5d13f067e12b05b27b,5a21c2290742416377dd39589657c8f3217cd547d9f77ea183239f357a665c99
special:bdc2ddb284a1fca1,スペシャル,特别故事,主役はいつだって私！,主役はいつだって私！,6,9,bdc2ddb284a1fca13a8521ac9adf6c63d5d7ed2a2318d25566e26c151cf26566,21433a9140dccbccb95f04bf2fa48650de062fe2b8bf4ad98da9432cef8fe48a
special:f80bb2bfc0ad044e,スペシャル,特别故事,双子サンタのイリュージョン,双子サンタ的イリュージョン,1,1,f80bb2bfc0ad044eebbbe3d081a48d853fe45876f2a279f5c4ac962f633a43e7,4bb8ca2fd4a2f4788613b69ef4bc6acb00423471423d323edb9b0302f90211ac
special:6e741538dfcd7d5f,スペシャル,特别故事,大凶は雪解けの予感,大凶雪解け的予感,7,13,6e741538dfcd7d5f40e09da7cb5042b0e82229adb2a9145c59c8c19e356217cb,14d7e28223883737e1266eb0f84a4fcee1231c8a9cb380db423583e6d7304264
special:cf69bd776a81ce28,スペシャル,特别故事,女神様と不思議なレコード,女神様与不思議な纪录,1,1,cf69bd776a81ce2857e0b73d4a427c3b12f452e5886f15dfec1e586da7031f57,877a418ab4c4c47abeb458deee4fe0b023928eb031336b3810a5b52b3c573682
special:6e6f259068c271c6,スペシャル,特别故事,女神様と見守るレコード,女神様与見守る纪录,1,1,6e6f259068c271c698ebfd9c8a7faa79ad602f1f1a25e3e134d5e2ff44addcba,e6ebb2fac59621f78918d87ae9c2ef0ecca9214a6974347ed8ee425d0403b0e9
special:36cf3f2c26059048,スペシャル,特别故事,心は一年一万年,心一年一万年,1,17,36cf3f2c260590488b7bc7b8296847fe14f16444f3ae9f684b3b5ac4bb54d38c,67a3be85e5ab0bf3f3831ddc19053b99f05ddc9eafa692e7f0944547085350e7
special:fec06cb46b26bc60,スペシャル,特别故事,想いを包んでバレンタイン！,想いを包んでバレンタイン！,1,4,fec06cb46b26bc6029231d22e6dab9f8f8f786ce92359c44cd9aa2246f331f5e,de85c8da203c14c867b22e4d25662c7bb2287a03faf5eaaf91eec6c290a4d679
special:def40a730633c536,スペシャル,特别故事,愉快なハロウィンへご招待！,愉快なハロウィンへご招待！,1,8,def40a730633c5366250d2a2d3736db61cabcd60a0e9f5a48ad1f2b9f36ff522,674b8cbaad8adfc8af3bdddad95508e5478160a857bba11a0e9f0339d8cbb901
special:cdf9b14bd89f6f35,スペシャル,特别故事,新たな年の風を感じて,新たな年的風感じて,7,7,cdf9b14bd89f6f3592d632cbffe20a18063755972445b42ed4b3de96270116c6,39489881cc6f3cda1e83600576334e817cb1ff6f3839bad7d528788b4e3c35bd
special:7301a29e12bd2881,スペシャル,特别故事,新春ラッキードリーム,新春日ラッキー梦想,7,7,7301a29e12bd28815a88566bf5409f31087df5e8e519465b66875ca6f4670d0b,9dceb50696dd4bdbe53955dd2adbbd20442966889077edea98b001f667647067
special:b0ec733ef93d3aa0,スペシャル,特别故事,新春！もちもちお餅大会！,新春！もちもちお餅大会！,7,16,b0ec733ef93d3aa0419270847f4d0ce1773d8dc2044c9e0a96017e52d4e97ba1,2b2841ade6dd01e312940a0fd35ac6fe8da9041bee4f2ba01c3d5dcd1c3375f6
special:2e7c78288892181d,スペシャル,特别故事,未来への装関関係,未来向的装関関係,3,19,2e7c78288892181decc104f22dac1ad0a174d10c946fe8e0df8de2d78dd35ffa,7191d9a3b646788d411e3e7d77189f16eb29b7b856ca1f081ee156121a530dc0
special:3d5b8a87b4508d69,スペシャル,特别故事,極彩色のキセキ,極彩色的キセキ,1,13,3d5b8a87b4508d69ca92aae43576a097e8baadd231bb3d9e33c6f4309d1a4d6c,91e002b259ee7eafd0c46df1ae785c236a18aa6f2d916ba90fac70e36d4883b3
special:0d68d13982690d0c,スペシャル,特别故事,楽しい手作りひな祭り,楽しい手作りひな祭典り,1,6,0d68d13982690d0cfcc3c58f7431d751fd9f4e1b876e6faa19704c5ce6a68297,c6bcf6cfe77509600708d8af7fbe22863645a947f588596ef64a359bef6d290f
special:04a565c865e1f685,スペシャル,特别故事,正直になりたい神楽燦,神乐灿想变得坦率,10,24,04a565c865e1f6859cd0cf2773ce067f7a4b479a24ef9e678d4930ce028ed10e,525f92673a2a89663c6d3cd9ac6318c5ffa56fb6297d7b804a694bae63053739
special:f210469a09d86bf0,スペシャル,特别故事,海は時をつないで,海時つないで,1,3,f210469a09d86bf0963fb273cbfcbe78fa9aab1acff43be959422279955d826b,181272d6a1c8232d3aaba0a828b373f9696d9854621190101d1b08b6a00a6060
special:6ac5d4acbade5e13,スペシャル,特别故事,環になって神浜,環于なって神滨,1,31,6ac5d4acbade5e13de2f59cfa99d8799a5edf82c145f12546f4890c35c3ef089,0dd8caa820d4e9847ed48cdc72824a06d3f9158b544697958d618756ebb0510b
special:d37aebb735518ef2,スペシャル,特别故事,神浜KAWAIIコレクション,神滨KAWAII收藏,1,8,d37aebb735518ef22b0dcec881e4b404ad8bc6cfc87bb7da9fdd1d7f7a54bea8,969ec6910a01107f7045f9ca619cc41d7528f90106724cd8a7d77db984448743
special:1939176dba725003,スペシャル,特别故事,神浜しあわせ宅配便,神滨しあわせ配送便,1,8,1939176dba7250039131ac797769055e3d7f8ed1e7d0353f8cbbe5acbcb33238,f7b722554e113cfe903588d512f5dde44b1232579725aaeb0d8f3661c841d64e
special:77aa76f9091fa65f,スペシャル,特别故事,神浜チョコレートガールズ,神滨チョコレートガールズ,1,9,77aa76f9091fa65f7b0d9ab6f0c5d53794ac264cd7d21b368f8baad314793af4,cbd867f7c13ad6a9f5b623de72f427d9525cda332a378b691b3035dec98e8394
special:9831357056a9402d,スペシャル,特别故事,笑顔の？ハロウィンライブショー！,笑顔の？ハロウィンライブショー！,1,4,9831357056a9402d0be8746e195b49c68217374e8fdd7ca212ca82c4758944f4,3a07c83d7e57d4bb175f677d1828d0f8f9656478197d31a5aeeb047022595d86
special:90fa152e9b89856f,スペシャル,特别故事,笑顔をお届け!トナカイサンタ!,笑顔お届け!トナカイサンタ!,1,3,90fa152e9b89856f51900564ef95c0ead21832bb974767e07e39777c5a4a0fbb,90c0a53e9bee38b6381e7974f8d7334ed9c2d9e83fcc9ce62e88a6a4a4e2acfb
special:2d6e1e1aac31bfa6,スペシャル,特别故事,筆染め掲げる今年の抱負！,筆染め掲げる今年の抱負！,7,7,2d6e1e1aac31bfa689dd52b75065c94b057a1be33b1993d51fd545ea5c18159e,a98c7b6920071d9cec5ecc46885fcd69011ec6fc2477eecf6a8ce7eeb81dc2b4
special:e28d335d1246b56b,スペシャル,特别故事,素直になれない14日,素直于なれない14日,1,2,e28d335d1246b56bdd6217f32ad69b27544507df1cc3b51a12077510460bf5b7,2591cc48e048fca7c007239ca5169d2ba1bf87d268f89e9af052e2f5ea94114d
special:6037248bcb5d4546,スペシャル,特别故事,行かないでバレンタイン,行かないで情人节,1,1,6037248bcb5d4546531c9fa48e3d96c306e64204a743505cc1ef7fcf7d67349c,dd5cd35c04dfd7160a7a4fb5ce7c652e69ca4584b9f57006b6bc0f91e9def1b1
battle-museum:83e4b8f12f7d5681,バトルミュージアム,战斗博物馆,プロローグ,序章,1,8,83e4b8f12f7d56818d7e22ff1c364d9dc03e3237f5510b454103dd7a89251557,2bc8a40b6938edebb60923a91941721fad684079aeede2394a546cb683a8ec73
battle-museum:b68555b5dac03885,バトルミュージアム,战斗博物馆,五十鈴れんの「記憶」,五十铃怜的「记忆」,4,8,b68555b5dac0388597f8557a3c6c595a805cde4eb725b0b0e83b0a5c9599c8c9,eb0140049fab14cd32b4fb0b3b9840e49b959786bf3195b7d0998cf0f7f73095
battle-museum:4f4abe75254594e7,バトルミュージアム,战斗博物馆,佐和月出里の「記憶」,佐和月出里的「记忆」,4,6,4f4abe75254594e7dc146b861914bc4fffc6aba5dffb63f8a4029fbd75dd1094,cc537b54700a51ebbd160d09ac76cc98b0cd760da56a35c8d2d6162d3d70f87c
battle-museum:a777955b095e8195,バトルミュージアム,战斗博物馆,和泉十七夜の「記憶」,和泉十七夜的「记忆」,4,9,a777955b095e8195388da6e309d42a63c39014513045b1b81c8bc043ff0723b5,ab173f887e8e0b38344e1144272c20393195fd2fcbc7707a4de2ce446d729262
battle-museum:33c6137298840b05,バトルミュージアム,战斗博物馆,常盤ななかの「記憶」,常盘七香的「记忆」,4,6,33c6137298840b05170af9d50f81184243d17a868d14ee39bc3521a333903489,b3b501a48b8fe42d7c12b36bb458f5c5946cd1fb1f135b4d9927f0dfb02fdac0
battle-museum:f86210684258b90e,バトルミュージアム,战斗博物馆,篠目ヨヅルの「記憶」,篠目夜鹤的「记忆」,4,7,f86210684258b90e2f0afffa19f276128c2b343d513cc74cf0de3db39de76dd6,45e3b371aafc98577a01bfd9b63f6b477b89a829e7950b388569e24bfc7c2d5c
puella-historia:38106dfd7026277f,ピュエラ・ヒストリア,魔法少女历史篇,Pillar of Tomorrow,Pillar of Tomorrow 9,10,10,38106dfd7026277fd458a09a53896d9c7405e8be152747ba13815c7c12e57119,a3fd6be7134e2e2b47a2c51659e42f5ee017535525bcbc71ed8b5c2a2e88481b
puella-historia:cedc56ece3659cac,ピュエラ・ヒストリア,魔法少女历史篇,Pillar of Tomorrow アマリュリス,Pillar of Tomorrow 阿玛琉莉丝,1,1,cedc56ece3659cacdb0d0b80a461d7da0179111a5d94984ed9a18062935d5c9c,ce604f49a7ea5aadb016118f600fb34017a6c34968846400a61cdf2fe9c6d7ad
puella-historia:b21b5c93aacd9f10,ピュエラ・ヒストリア,魔法少女历史篇,Pillar of Tomorrow エボニー,Pillar of Tomorrow 埃博妮,1,1,b21b5c93aacd9f10fcb111acf040456777a495e437065ee5abf20f82307a1b45,3fb8a4fee022451fa131a278b804d62f0d43c18dff1b2958a60f2b9d7884e68c
puella-historia:f6927e8933e9780b,ピュエラ・ヒストリア,魔法少女历史篇,Pillar of Tomorrow オルガ,Pillar of Tomorrow 奥尔加,1,1,f6927e8933e9780b08a35123ef580872b84c900ea125866316006ae818046421,51a57e31a7a7b4c80ac9b906e340dc17e12276584a85d7c05c911374c6a847c8
puella-historia:62760fe144071b71,ピュエラ・ヒストリア,魔法少女历史篇,Pillar of Tomorrow ガンヒルト,Pillar of Tomorrow 冈希尔德,1,1,62760fe144071b71ef90413d32412ca9b8ad1fae21cdfdc4c201a93b2971776b,83e572b4a08e7ae9c518c4566624a16ba76f69b05b642c3df03b684655315816
puella-historia:dbb9700d9f5b65f2,ピュエラ・ヒストリア,魔法少女历史篇,Pillar of Tomorrow トヨ,Pillar of Tomorrow 台与,1,1,dbb9700d9f5b65f2defa2bb3d0f61cbe4f59551c994e38568b2efecdc7d97a6c,d5478c4495d2f7455df6f3577844feef3715638d82600f6650865629b58c510a
puella-historia:044647292af9be6b,ピュエラ・ヒストリア,魔法少女历史篇,Pillar of Tomorrow ヘルカ,Pillar of Tomorrow 赫露迦,1,1,044647292af9be6b032af5be77cb398a0e3dc7bd7e548f2818f29b676331eef1,e868926354a40dd44046768db8afd162fcda5a66434e79c8515c4672d30ae1c0
puella-historia:9d190624109e3fb3,ピュエラ・ヒストリア,魔法少女历史篇,Pillar of Tomorrow 千鶴,Pillar of Tomorrow 千鹤,1,1,9d190624109e3fb321f05bad49e532d57a1d47b6d6dd5edd0dee407a20f20e61,369d7bbb1770306d2651ae1ba2126e81636d26aa9bbc0d4c9f6189b32b56ae28
puella-historia:3c3de2b4fb57b660,ピュエラ・ヒストリア,魔法少女历史篇,Pillar of Tomorrow 水名露,Pillar of Tomorrow 水名露,1,1,3c3de2b4fb57b6600c5894b3a82c2ea1c7154558544f48716b80d475adf7ed48,7ed78762c131366fcfdbe4b1571ff3720d4c2606724b259bf142184df3919067
puella-historia:7c46cea2f3a8d4c8,ピュエラ・ヒストリア,魔法少女历史篇,アレクサンドリアの蜃気楼編,アレクサンドリア的蜃気楼篇,34,45,7c46cea2f3a8d4c8f19f405838f588aa9adc0f591a38940a054d704396c9ae47,7d5adfd42bdb86ce69e33a9c57037abde48bbad42b1511b62264f2b5efcc7e5a
puella-historia:180d0f7d4b411e9b,ピュエラ・ヒストリア,魔法少女历史篇,チベットのラクシャーシー編,チベット的ラクシャーシー篇,1,1,180d0f7d4b411e9b2ee3b24b948988b33bb20647157f4d89cd293429ff44a3f3,a4cfe883dbde4b1dfcf6b6dba35b75e1dce4a9f7388a7a6e96d48662c024cf54
puella-historia:32739c8181047c1b,ピュエラ・ヒストリア,魔法少女历史篇,パクス・ロマーナの恋人編,パクス・ロマーナの恋人編,1,1,32739c8181047c1ba8d2941d5983962473b33328ccc731786d3a917603b3ad5a,87d73f4208310b2754917192bb640ff03f885965cb3a6bcce41b9f1f02121a71
puella-historia:93e025c5b45dc362,ピュエラ・ヒストリア,魔法少女历史篇,ヴィークのワルキューレ編,ヴィーク的ワルキューレ篇,44,51,93e025c5b45dc362366af2d1be2f53168c2ecbf2a97ca35716e4d00a0f773ec2,c5a2d9a42ef9bab6c591f0c82401f2e33292cd0ffa01cb121adb79af98ffb629
puella-historia:a0936e1b48933f7f,ピュエラ・ヒストリア,魔法少女历史篇,未命名记录,未命名记录 279,37,37,a0936e1b48933f7ffa197c5345aaf722fa10b737e518d531e223951fc9619b90,59dcf4264edaa325fca1d47b091102a06fb7b132d4e996d691807cfa00baa862
puella-historia:eec57ced6f4396fb,ピュエラ・ヒストリア,魔法少女历史篇,現代神浜編,現代神滨篇,7,30,eec57ced6f4396fbfb9e662e40bff499d7575350c7d8c3b23b1c9dfc705250f4,a980f0f21b8ac96d072803d193310f4e6d967f8b4a0338cd5223612f4049b39e
puella-historia:65add47970faeac1,ピュエラ・ヒストリア,魔法少女历史篇,神浜の戦神子編,神滨的战神子篇,47,99,65add47970faeac106b981a900b4049fb955b0ff1bb10b49ff898efaf4c58d89,bcb2b7ba531b73159680355976599d695ec313b9e380d5e3114c553b34021cf6
puella-historia:be71e856858dc363,ピュエラ・ヒストリア,魔法少女历史篇,邪馬台国の跡目編,邪馬台国的跡目篇,1,1,be71e856858dc36338ed7554fbd4057e93a477feb9710f5419cbb45de0431d72,dab00621942d42ae0c6b9632e3578385e2f3eeee5198a3bf6c803f244074d533
mirrors:867c6a6d4c0d283a,ミラーズ,镜层故事,第10鏡層,第10镜层,1,2,867c6a6d4c0d283a2fe7a3fcca1c44545a11b90ea9418759df20c17825edaca3,6741349fb409b542b00cf90a3b53076055c69f48936d4287f5d538dfe9ec210b
mirrors:eaff8b77cb5aa4ea,ミラーズ,镜层故事,第11鏡層,第11镜层,1,2,eaff8b77cb5aa4eaf6f939be41aa9c82bf223a201b9ca25d491d5d0b1cf291ed,bc5c4fd73530e58e36f1cb535524440e0a9138c42685f216e90137d929b60c82
mirrors:935aacbdcb8749bb,ミラーズ,镜层故事,第12鏡層,第12镜层,1,3,935aacbdcb8749bb73768715709d3d94ea950bc0765103c00bc523617f06b0a5,8d55383aff763542897f0248aff816cb8ad2683de71fd38f724fb5a0463eedeb
mirrors:744ce3688542c6ee,ミラーズ,镜层故事,第13鏡層,第13镜层,1,1,744ce3688542c6ee534e42201e066c178938e3bc6e4858ad50f5819372e628e3,8be2f96a4dbd5fdfe6b37199c11cac8a4b81025261e0ba2cb9b993a39a2683ba
mirrors:85ff2d22073ea8f4,ミラーズ,镜层故事,第14鏡層,第14镜层,1,2,85ff2d22073ea8f437c31707f219790c21da06dba4e51738c94a5f5de01b6f5b,497db8765c2304f3f4bd471d07f30007d042901c3fce2db365ace254c09de025
mirrors:81ce042fac41eca9,ミラーズ,镜层故事,第15鏡層,第15镜层,1,1,81ce042fac41eca9b44a290a840c0b7b1af11febfbdfe5d4931772154d141eaa,e213d31f98ffca9ed13361c548a405a3f293d0e9b74e9d4a87c1dc50ddb71269
mirrors:0487ce5dca654bc5,ミラーズ,镜层故事,第16鏡層,第16镜层,1,1,0487ce5dca654bc51f39987b5009947aa3bd07f0407fa68d62e11813eedb8d4c,d0feccc6e42c8ecb83596d43381e5730f820b5f18711951592a9133994a57a58
mirrors:82664200e8855d1f,ミラーズ,镜层故事,第17鏡層,第17镜层,1,1,82664200e8855d1ffafa594624fad278ac3e548ad4bfdc4b774e178636eac27e,98580b8851a67be046dfcc090330d6b8b642842e10cfa079ea1a579ee0b5327c
mirrors:dce1601f87e34eed,ミラーズ,镜层故事,第18鏡層,第18镜层,1,1,dce1601f87e34eedf56d40e7506c6e7978dc1f7eeaf014bff802cf727332aba7,82fe04d19713d1d2b199d7a715d5e95d5762fb3683c231075badb158026b61d7
mirrors:03dc13d1a5f0f70b,ミラーズ,镜层故事,第19鏡層,第19镜层,1,4,03dc13d1a5f0f70be2750f5bfced44bc310550c09a10b1a6c3548afc546b646b,6af5551097a05bee218e7a2bf838b16c211011cc4f10ee205d2a38c4247fa929
mirrors:f35ff4acc0571581,ミラーズ,镜层故事,第1鏡層,第1镜层,1,3,f35ff4acc0571581763cf4577bdf3153f6fd68575524903e77e8aa0d672da3fc,a215133ba04bef9fd3c386538bcabb88ba7b7eb1fe11119779ef1fb074401d50
mirrors:20d438bf43619ebd,ミラーズ,镜层故事,第20鏡層,第20镜层,1,4,20d438bf43619ebd26e93143f37ff75a46782687d559760041379924481c0361,8f06f96576432eb9c5848ec688e730db060259a0ff5682ffa1cfab3658ed6303
mirrors:67ce98aedf2e1ffe,ミラーズ,镜层故事,第21鏡層,第21镜层,1,3,67ce98aedf2e1ffe0145775f45cd935ba59d4d8b1be32a6c59122fc4c0ab8d40,3bdb3dcef4bb706b6aece58d8085a0d9b5c24f191795dd0443a144934b7f41ca
mirrors:039c0d6fe6942d67,ミラーズ,镜层故事,第22鏡層,第22镜层,1,3,039c0d6fe6942d67920548890e3ce599e54fd8e339b76c7ae75dbc7c834f0d6c,229fb97ce31b61464fabf0af5721c59e52e1a2e3ac85fc49bb96aaa6865640c4
mirrors:db42fd359cf53e51,ミラーズ,镜层故事,第23鏡層,第23镜层,1,2,db42fd359cf53e5195a57022044d151f0c54180a44c7092e83bb2124d1514824,b092e921be582d1ffa074974206b04095f48aff1a5f9b9555239b25446cc32b4
mirrors:d2d48d026388d7d0,ミラーズ,镜层故事,第24鏡層,第24镜层,1,1,d2d48d026388d7d0b2aa69c391f607f76cb1f9d5383209739189f7e3389fc359,ea5fb378fd4526e72290bfb902d53ab6c43795cfa1004cb6ec87e27d8e0b231d
mirrors:c661f7730d9eb984,ミラーズ,镜层故事,第25鏡層,第25镜层,1,2,c661f7730d9eb9840ae227aa8827d9b437cb781d23e6193195afbde6ee0df10a,ab1743a655884887f4ddbfd62ce8cc1ded5b58e0e53b716ef15c4b69f065c599
mirrors:4f136d181597c2d1,ミラーズ,镜层故事,第26鏡層,第26镜层,1,2,4f136d181597c2d181aa11838810eadbe1cc780dcb22a8bec22c0bedfc7a0840,e8f5d93f3d90d0eb5cd300eeb7560d5595b80efad56055151f96e482eed28096
mirrors:72e12a7c58daff3d,ミラーズ,镜层故事,第27鏡層,第27镜层,1,3,72e12a7c58daff3d746cbc84457878184c17aed95a5a8adf7116798aa47cf36d,67a4ac087338ec37424b8fe7f582da9c5b467a34e1adad357445048a35342204
mirrors:0779fd732ae48367,ミラーズ,镜层故事,第28鏡層,第28镜层,1,2,0779fd732ae48367b36f5a8c303441473253a7fcaabbf8a4da8cafeeffd7f4b9,c0284bbe26f050b51863cef175f382983bd096502834633a668796747be3cc15
mirrors:ce36406582689b62,ミラーズ,镜层故事,第29鏡層,第29镜层,1,3,ce36406582689b6230866d42aa0815c6055fe6fc87dcb752b94fe8d4f4b1667e,b13f5161befb985ceae92aa926df4bcc3b841b7273aafc09710b0fa7f6c7501d
mirrors:e566c5bf92b56dca,ミラーズ,镜层故事,第2鏡層,第2镜层,1,1,e566c5bf92b56dca9519e0ca82965567e8a46ab6cec4555747e756eb53aa6038,6e8933bdfaaa4f21fb0544a40ab18dbb9d0fec6e0f6513fdd3f6dd293195d182
mirrors:323aba5574a42c6d,ミラーズ,镜层故事,第30鏡層,第30镜层,1,2,323aba5574a42c6d59190d658cf18697b2a01363eacb6345b0309e3a8f3d24b6,7e8799d49b5b892ec29074352b507d8480f12d8f034477ebaf531889ab520541
mirrors:b6322e700d85e9e1,ミラーズ,镜层故事,第31鏡層,第31镜层,1,2,b6322e700d85e9e191487d88eb49c5cf461859e0ca13cbc81a9337ec220b977c,d2ac8c51d3b9d1b13656a841700b52a5b196157f04f471a5d24116c38959388b
mirrors:874af3ed57e3513d,ミラーズ,镜层故事,第32鏡層,第32镜层,1,3,874af3ed57e3513d844ad946bcb3f72e7ddd2094aeb22cd3d2f2c0ff9d3bb16a,a506cb2244d8e6b85e4f9cf0ea942263eb3b76e4fe9d42c75764a39cc25aec8b
mirrors:09fbd5266634eb7b,ミラーズ,镜层故事,第33鏡層,第33镜层,1,2,09fbd5266634eb7ba045b6d494a655f59cf02458ac27510c867f4e5c65638a7f,46f4fed9f36f9a7d182e45899ddce77116e673278287a3ad139f2ec5466c5b45
mirrors:8f509638530507eb,ミラーズ,镜层故事,第34鏡層,第34镜层,1,1,8f509638530507ebe84884a3802dcc9e6767fc7e691e5e33cb2279b26b642d1f,1aa401ac17e6bf757b3f1322c23a1458b419575c99f459497f927db55cfdae45
mirrors:816fe5ce7ae9f8f8,ミラーズ,镜层故事,第35鏡層,第35镜层,1,1,816fe5ce7ae9f8f88771450d004933ee6760f3cc486620aec4b30da47899607f,651fd3374c4647b30624cc59f8b80baafbbde4eb81e61ebd88045a1846d7ab61
mirrors:a907c52c127b5b79,ミラーズ,镜层故事,第36鏡層,第36镜层,1,1,a907c52c127b5b7995ac57b8a05200e55f630a3bc9ff7a3d3017765ea35fe6eb,8c67ce8e7aee05c21292fe2136a0cb8b8871c508db38d9217a729a157464e5b5
mirrors:4985a058c0c8a327,ミラーズ,镜层故事,第3鏡層,第3镜层,1,2,4985a058c0c8a327b58010d73e606311659e9ad86f7e4838415c330df0127a65,c4209fb815f808a65fa1266e9ce4769f0edccd7b1dc0c56edd76fe55afd73f00
mirrors:ae025197d016cdf1,ミラーズ,镜层故事,第4鏡層,第4镜层,1,1,ae025197d016cdf10c97ee34d90a4b10bb927ea933de923bd905bc3f187959ef,35b76ec56091f3edc37744776d0c596345dafd74559617a306bd5cd43f634fc0
mirrors:9425ddd43da94b01,ミラーズ,镜层故事,第5鏡層,第5镜层,1,1,9425ddd43da94b0180e032554920c71154a826ce82bc8ffdca782660cf74c6d9,cdc348b2b8e77c9dc208f3319a9fa599075f09067ae887977d6762a9b8ee3a15
mirrors:0273c737b780d254,ミラーズ,镜层故事,第6鏡層,第6镜层,1,1,0273c737b780d25489f00972fe3883cdcf47f10e430ea604900bfd3c57a2b493,cd0a6b73c7ccdbd056eefb4d7dcc56e7f57d08944641bcd7225107f4c3ad8ec5
mirrors:aae2067449247a0a,ミラーズ,镜层故事,第7鏡層,第7镜层,1,1,aae2067449247a0aa366ed22ed22616a875c67c8219bf80804ad312517717c62,1144447aee57c619d99f1429d3515dbc414667c741a94d29ce906c4ff7675a4a
mirrors:54efec723422bed2,ミラーズ,镜层故事,第8鏡層,第8镜层,1,1,54efec723422bed2a89d607fb1d0c10e258aa4fd3c60c38a09bab45a9b226e13,d53598f80cb7d64e2c11c6c1ad3644dbb635c9913af37b02ae9548c3bb2de350
mirrors:5dff30af9d6bcb9b,ミラーズ,镜层故事,第9鏡層,第9镜层,1,1,5dff30af9d6bcb9bc7d3d961d721c7f2d8e853246254ddeaf945b1431c97a6f3,32106c1f6900be59ae1b7dcd7a0a9ea62dd8040a40af80736712eda224341912
main-1:8934fe1033ceafcd,メイン【第1部】,主线【第一部】,10章,第10章,5,155,8934fe1033ceafcdae671c27a489e3fe704cadf652b0dfbfb2ba26fb6e62601a,a351a6fb74c9f3e28fa7ff64dfa4896d23b1e8033b84c12ab142e9fba80b38f5
main-1:b13cf83dd5df8131,メイン【第1部】,主线【第一部】,1章,第1章,3,24,b13cf83dd5df8131703f4eade41e534c40d274b4818d8ec4942fb99f4d8677cb,b4630679bbeddcd0aea1e42d4e1e025b654b7e3319b2df27b6ddeb386253bfa1
main-1:2e586422f93d834f,メイン【第1部】,主线【第一部】,2章,第2章,5,38,2e586422f93d834ffd9c22013782875294eb406352a8e2332bdfe3329d3be238,111e880c285a9c7ab37970d3221c71e5f1ac0f0be1e5c8afa92871da04a6c03e
main-1:53b32b8f9da79bfd,メイン【第1部】,主线【第一部】,3章,第3章,7,30,53b32b8f9da79bfd24194789e6344fc4c984fd14c94068f24bae7ab32d668677,9cb3dccd034c5464c5516ad7dcc28a3043a164ac7d8cfa8a254fdfae01855e70
main-1:b9b65077144448e5,メイン【第1部】,主线【第一部】,4章,第4章,7,33,b9b65077144448e517f23fe0ff3f1b0361de19107641f23b3d3e9e39ba1ed95f,0478eba9fb0b749957b5e43316f60b48f0a98d6eebbd47b959697fa89fd266fb
main-1:e7becc12d9c4d2d5,メイン【第1部】,主线【第一部】,5章,第5章,7,51,e7becc12d9c4d2d54761991dcc7c579851bc3ee43f966c16641fe0fc6ec16bb1,f166cc2e21f7b2b9e88e823963548ce9ec61abad0a2c89d3137e35fac07f240f
main-1:a9f005cc131072aa,メイン【第1部】,主线【第一部】,6章,第6章,7,94,a9f005cc131072aace5614de9ea06091f582d105b57560aa78d97830867e6c7b,21934142a69afc174a5c7498a6a1af707599d797b631602348b8a6a21eb1ce97
main-1:34e07c5b3e6cea39,メイン【第1部】,主线【第一部】,7章,第7章,18,86,34e07c5b3e6cea391f2d3c64bc2817cbc2549d4c0c3a88813c27852dd17ffdbc,31b2110ce5a6324c212b2e669b007110e5399d646d47e6bc8cfbce4629f1d944
main-1:0ddfb4041a3b065a,メイン【第1部】,主线【第一部】,8章,第8章,64,124,0ddfb4041a3b065a3e16b3164b21a14693a0afc21cb17dd65fbf6831f7157d79,cf0cd22e0bec31727cd9c4de5779a7e86517f1e71a75b2314c49468eb9b0b0c3
main-1:d81803e174cedae1,メイン【第1部】,主线【第一部】,9章,第9章,46,94,d81803e174cedae16aa514b9cfb8813fd9bb598e4c37dc818d26c2e1cc008f11,8081f0b300d9a9582e9d93a02aed36ff9c38c33c35178ff7db633cc9d3817823
main-1:e0507be8d08c9723,メイン【第1部】,主线【第一部】,プロローグ,序章,1,2,e0507be8d08c972306a9228baef23edd6fc601b24fb620abad38bfc4ce5c88d2,2bc8a40b6938edebb60923a91941721fad684079aeede2394a546cb683a8ec73
main-2:813aae7759bd9888,メイン【第2部】,主线【第二部】,10章,第10章,5,114,813aae7759bd98884c2340e47b26bc9d0fcabf5e0d46432d5b120e7eb4385689,a351a6fb74c9f3e28fa7ff64dfa4896d23b1e8033b84c12ab142e9fba80b38f5
main-2:6bf71c9a5a3bfd02,メイン【第2部】,主线【第二部】,11章,第11章,5,79,6bf71c9a5a3bfd02d6446bb627965431f22dcb96f88ebdd10ba8c2a289eedae2,cdbbdda9a6731f613dd7c4ce2db4de6f88067ca6add6530a62732527f3d7a81c
main-2:e2e1a1c65f131296,メイン【第2部】,主线【第二部】,12章,第12章,6,123,e2e1a1c65f13129695415ac9cc70aae162314c5f9b0a4915140a4ac335319b42,b51631472b06bd35269cf4b1c2924c624089c5519aeb7ebd585b12a5ab913e50
main-2:a93d82412d1f876e,メイン【第2部】,主线【第二部】,1章,第1章,4,99,a93d82412d1f876e374c664de6fc6333f9a3b4b894d5672a78327e148711825d,e408f0130b1cccabc028b34e1b5b1f043557447dcdcad86c301778a4996da465
main-2:28b30325f52148fc,メイン【第2部】,主线【第二部】,2章,第2章,4,148,28b30325f52148fc1e37e2a49731060e69b12c63394cb90f6ec767c9d89d98e1,3b8e8796e8210ab068536e722553ee5129729db69cfd8cc4d429f531395c4a98
main-2:cf266564b5eae399,メイン【第2部】,主线【第二部】,3章,第3章,5,151,cf266564b5eae399b69d87fe1cd33b547bbb802a3465480ae9dcb2849db8fd53,f33d30aee1e49fa6a634ff17f788f8831785afcaf13e91697e269d7b743021eb
main-2:1a14da352c2d3ab2,メイン【第2部】,主线【第二部】,4章,第4章,5,118,1a14da352c2d3ab2f5561a1683b417dcc61cbc2d5b4c8730d240ee7776c9a723,01f86b28252d906db7e4c4e05712d6b9a6f830078ec073598660b620662eba9d
main-2:d85410782bcf7bd2,メイン【第2部】,主线【第二部】,5章,第5章,5,164,d85410782bcf7bd21fb62b5f800c2737cc0a1d29c89c633b720f29fca3a50e78,3c2dd1c4bda767893f8a1e4dc71244a1aeb077d4c911f20cc1b384cdc94af507
main-2:e71d774856e9b5a5,メイン【第2部】,主线【第二部】,6章,第6章,5,118,e71d774856e9b5a5237db532845a98d04dbaf7493db1d649efbab8397252013b,427230a15d46e5b4d57df822c679c3e9fd9cb423c045f2508284569f6e018a0e
main-2:3473fcc4deafc4f5,メイン【第2部】,主线【第二部】,7章,第7章,5,149,3473fcc4deafc4f5a23f10f25e6b55ccd96de18249cead9d2ef063a4bd3f404f,55756af713a78faa4fd0b263959080e90767ae0519ecc42d05fabda5f56f7ffe
main-2:e4607a78ab4b8dd9,メイン【第2部】,主线【第二部】,8章,第8章,60,134,e4607a78ab4b8dd95db32d68bb36d19ae4bcbf35da55f73e7145fa3f51dcd33d,57f81979bb0decb33fdfe8107bc1cbf2dd1c7c93e0af410ba4dfcf22010d9a42
main-2:dd2bcb91a2a0d3eb,メイン【第2部】,主线【第二部】,9章,第9章,5,93,dd2bcb91a2a0d3eb5c608ca905837d612a4e9aaac792321a84156fd1659d6034,1395827cd2c58afbf0177922b8742906d420d065b788d4e3a2e355c824452699
main-2:c229666e2f0e8fc5,メイン【第2部】,主线【第二部】,序章,序章,1,7,c229666e2f0e8fc5ce855fde7cede0ed91c124583e6ab9cab43513f6c162c6e5,f206749f45530931ad2c67ececc154875ab186646a08e031a85ea152e568dd21
memoria:e3a08928d68b0161,メモリア,记忆结晶资料,No.1 薔薇園の魔女の手下 (Anthony),No.1 薔薇園的魔女的手下 (Anthony),1,1,e3a08928d68b016126d61e925b270164cccf30475d98d346cda2f5f8f66fa2e4,93ac37f90d89386a93f7ab2caadbd9fc9cc39defd5bbe65c854a2ba7d2540467
memoria:4e162d56c549928e,メモリア,记忆结晶资料,No.10 芸術家の魔女の手下,No.10 艺术家的魔女的手下,1,1,4e162d56c549928e7b34adc882810a78225f778f21476a487363a2ad1c7c3f2a,27fde645870bc118eb8f3aeae5989a7c06c65ba2aa7be4e1ba5a72b3c9e4024a
memoria:1f851afec4aec2fe,メモリア,记忆结晶资料,No.100 君と、ここで,"No.100 与你,在此",1,1,1f851afec4aec2feac5b42c589193abc44adbf618abebc62a7a07d18b632db09,02c3725d5599f14b0c1bba5b291cbb21310da6fe4a1e71bdda0fe4740789d9e5
memoria:ffe20c6d8979cb3c,メモリア,记忆结晶资料,No.1000 黄昏時,No.1000 黄昏時,1,1,ffe20c6d8979cb3c593db65d211731d21974ab7323edafccfcab7e0692feced2,6c340b5b892071d1ae2e6a50c01797460f4323b25b7cc841305c0a2a1a2996d2
memoria:c8ede7f411bd8e3a,メモリア,记忆结晶资料,No.1001 この道はこの先も,No.1001 从今以后也要走下去,1,1,c8ede7f411bd8e3a865e58d0da62fe628865d76d0e0e1ca487e90952f74a5809,76f069e272a62735063201ca16702f81cb5afd18a3dbfbcf171dfb4ed58381ff
memoria:424b9dc149c47c63,メモリア,记忆结晶资料,No.1002 いつかどこかの私たち,No.1002 何时何处的我们,1,1,424b9dc149c47c6333ee3b39bcebf78847a4acde73bb191fcea5767ff794c5ce,7a2bd9519ff1fa176528b2ccb1b0ba72a22d90256e274f7bbfdfc34d89a37a47
memoria:3c9f5008b7fe33d2,メモリア,记忆结晶资料,No.1003 心電図の魔女,No.1003 心電図的魔女,1,1,3c9f5008b7fe33d22df5647d292d08c6f9d3ff3dbc4052a20b0f92bb38b997fa,659d4c567fb6bfd014d97836488826f1d00dd70db0f09da0cc9c96085db522bf
memoria:5dac666746751000,メモリア,记忆结晶资料,No.1004 ヘビイチゴの魔女,No.1004 蛇莓的魔女,1,1,5dac666746751000939827c022ffb6cd3653da581a2b9650fe686c6bb7d5fa2a,e254a89f962227e2a8bbb0701076634b6e129617f34e843959d1cc823c788647
memoria:3f28f63020759e44,メモリア,记忆结晶资料,No.1005 スモッグの魔女,No.1005 烟雾的魔女,1,1,3f28f63020759e44e9003be79766210220df67de7991cb6c75faf48b27923007,e8134501d0bc02be20df4d1b5157d2b6a34984a69c19be5ea14a99518246e621
memoria:6b42308f761c119c,メモリア,记忆结晶资料,No.1006 風天の魔女,No.1006 風天的魔女,1,1,6b42308f761c119c2d842178b92f08a5ef1f3a8d5a1eb3494d261f3212942f2b,495576d40fa44af6619dc05d291c0e88fb5d36c4c3c355aba5db13fdb9402c38
memoria:889a23ba6167bf78,メモリア,记忆结晶资料,No.1007 ゴルゲットの魔女,No.1007 颈甲的魔女,1,1,889a23ba6167bf789efbb2b40557581620727d3d73eaa8bcd2e7410942d04f79,51475abae8b8062301d4ec4a9da9fe78cfb2c07da862ef3b8ecafcc32e28fb33
memoria:485219133c42b602,メモリア,记忆结晶资料,No.1008 メガホンの魔女,No.1008 喊话器的魔女,1,1,485219133c42b602c47e82bab33f9bc61de879815e14b7c7df392f24ab4ff442,8fd0d5dcb1f97fecebb816a946d2cf47806c83c5245c439b686a921ba55d8dfe
memoria:845e2724d4c6d59d,メモリア,记忆结晶资料,No.1009 幕間の夢,No.1009 幕间的梦,1,1,845e2724d4c6d59da13ad0b91548bd817dd10ee831b84974f1bec3f99b35bb2c,88652776db1eb693832cf812419ee9eedfc1e764f2dbecfc0c0564fc465ea1ff
memoria:330e31c93a469d08,メモリア,记忆结晶资料,No.101 光を知った日,No.101 知晓光明之日,1,1,330e31c93a469d0860374ebd82206429bb8fffa24a21148b22e3fcb249391b2d,418b00cc5ecc2b0649ed449b09f2edf3f0ce8b0d807c4130fcd770a3638fd17a
memoria:9e6e7c5532746949,メモリア,记忆结晶资料,No.1010 ドッペル炸裂！,No.1010 ドッペル炸裂！,1,1,9e6e7c553274694980cb25c17a1acbddfd6ce0949ac02f8b53d7e6a73bbd6246,25f50081ae32eb7b4c841d33b51b9c0245e57d448a92aca3eeacb3e549e406b0
memoria:af1a10bc44e21b24,メモリア,记忆结晶资料,No.1011 種目は魔女退治,No.1011 種目魔女退治,1,1,af1a10bc44e21b24bca93161c43637a75875d1c5190d1b2d6799774cb4767471,d8b74dd95888575d93d8701b4a0bec8f96bb5ca40e6ccaa41393796150fa4d69
memoria:a2bc0b1df9ea1f03,メモリア,记忆结晶资料,No.1012 マギアピラミッド,No.1012 魔法金字塔,1,1,a2bc0b1df9ea1f034b6c4f5cddecc9d7bb47143fc037bc2dc8c87c9632842fb5,d1803e37f8b72026baf14ff82420959bdeb43603a7ccf21dce89a228e5e1ec66
memoria:65ca35a9694f3bd1,メモリア,记忆结晶资料,No.1013 集結の好敵手,No.1013 集結的好敵手,1,1,65ca35a9694f3bd11857bbde8e84fd487b98eb30a8f1bb0c73a5f50a4eca6587,a1d6059f34cd9d0660722ed71fe90c391a060c129e607d8c76dab5458a64725a
memoria:c52300ee8cb06bd5,メモリア,记忆结晶资料,No.1014 なくさなきゃ,No.1014 必须抹灭你,1,1,c52300ee8cb06bd582c312314fadccdb0984237c2b36ba7698b7129aa51c2321,23a8bc10bb042ac4218bf568dc47033e14e9de505c7fb64501fa8c6102bdab57
memoria:f3694b9cc267b064,メモリア,记忆结晶资料,No.1015 夢と現の狭間で,No.1015 在梦与现的夹缝中,1,1,f3694b9cc267b064a92769df6397b75282ea398dfd11461022baf075925db079,f38988a795d0b0685b19716312245d60624468890955d5c4039d608dde52b58b
memoria:87a2422bf86a5dcd,メモリア,记忆结晶资料,No.1016 軽やかなる狂気,No.1016 爽朗的狂谬,1,1,87a2422bf86a5dcd0fbb96af8e3a7d6e2274b18e7d4b21cdbc9a153b01e5171c,609b615b1770654b27ecc34d11b20ecce59abc53c197c5cdd090a7b43411e12f
memoria:89aeb08a287d2e74,メモリア,记忆结晶资料,No.1017 ガラス靴の魔女,No.1017 玻璃鞋的魔女,1,1,89aeb08a287d2e74d274292315045e4547c5e489552e451afff23ba1990b23a5,bdafd23d5c5ad054748195bf943d6bfd1e1091f395f835c2a1f7247a91626edb
memoria:f832d5465eecd4ae,メモリア,记忆结晶资料,No.1018 ネイルの魔女,No.1018 指甲的魔女,1,1,f832d5465eecd4ae5f9c3a9877d4213c57e894f0f270d3629e37a51829f76c58,a49655725834c59f20dc14b353692c02364cfca6fcc3e7ab3351a93e9c81c54a
memoria:f81bf298cad4af1c,メモリア,记忆结晶资料,No.1019 敷地の魔女,No.1019 敷地的魔女,1,1,f81bf298cad4af1c68d28b7160f04cad1fbfdab078480d266ba56cd5773c870c,16e16bb6905fba7e8e730097f7f76e0da27f1b422096cb5de7a7974e783928bb
memoria:816861d5e3f0de5b,メモリア,记忆结晶资料,No.102 最初で最後の１ページ,No.102 最初で最後の１ページ,1,1,816861d5e3f0de5b881630ed52643183b40b404132e3a4ba6ed40ab7c2c323e5,cb294660ab75d58b1692f219a69b85e2376e7311432e4b6a90f23f954579061d
memoria:c740372306119d58,メモリア,记忆结晶资料,No.1020 暖簾の魔女,No.1020 暖簾的魔女,1,1,c740372306119d58a18f5aaadc104c23c4f5362f0f21ed22ff0cf967a7c56954,b3a2b5376d57bb3ffacb4def9556ce6fcf73e2757913c8945000de84c71cf2cc
memoria:76f3832e7e46885b,メモリア,记忆结晶资料,No.1021 裁断の魔女,No.1021 裁断的魔女,1,1,76f3832e7e46885baca63fb9548371f52f473cb0b62957a16bd011ade24f1875,cc7b9ee44f3e6b7cd5d05e5441d1a309793a9e1a49fdb5349dfb8bdcdec3cb89
memoria:6066c7c31d8a4fcb,メモリア,记忆结晶资料,No.1022 タオルの魔女,No.1022 毛巾的魔女,1,1,6066c7c31d8a4fcbd050e98cce4d400e18ad2cc43e55504d5be0781328300781,1a3e904028b440e73833dfa876e0d57682fa138a8fd1fb14c92a85e1cf55de40
memoria:5607aa3fcc0ea012,メモリア,记忆结晶资料,No.1023 腐葉土の魔女,No.1023 腐葉土的魔女,1,1,5607aa3fcc0ea0121515fc0bd8c51ba7e73751de2cbc8687cdfc6c38a82d4acc,13ccec6b85107e52d0114e0939ae6aaeb39e795b2afcf2db9791376f0bd8b7ce
memoria:b593a7253f7c8ab8,メモリア,记忆结晶资料,No.1024 一粒の宝石,No.1024 一粒的宝石,1,1,b593a7253f7c8ab87d42d4490af1ca10c2e830c2d8b645bbb25d832f819a1a00,6374ba7e5af8bf33fa8e824100886ea8f9bf81b1a6d31c13e545779ef0ef9afd
memoria:807273be5b0a339d,メモリア,记忆结晶资料,No.1025 別世界の光,No.1025 別世界的光,1,1,807273be5b0a339d674e806ded70d6643549697d48283993838381aed5d246d1,536f9779478fca188109b6e434fdd77974ce7c548ce43a8348e19fa81523fa11
memoria:2f76ca00c6223a91,メモリア,记忆结晶资料,No.1026 ささやかで、あたたかな,"No.1026 如此微小,又如此温暖",1,1,2f76ca00c6223a915c048bb1fc1ddbf9d8436959cce13b1d11d80c3cc69404e0,81474ebfa8eca635590be2c7cfc589bf82fff8acc68ffdf03d8dcb720c648eca
memoria:5b983ba618e3da07,メモリア,记忆结晶资料,No.1027 星屑の小さな願い,No.1027 星屑的小莎奈愿望,1,1,5b983ba618e3da07faec9fb716ba6c6f167b5fef958912ecdf38c3dbf43c77c1,46dae73e18145fc46dca22507ca36c1d6f6c6bd43fc122c407dc3799d87f49f8
memoria:60e0ca04307f1781,メモリア,记忆结晶资料,No.1028 悪夢の化身,No.1028 悪梦的化身,1,1,60e0ca04307f178127e15e14fe7dfc0f7f21f0e2ab975db906a3a97b912ca972,4cbac83d4444d56834375d7f19afd65ed98f2cc683c7fadb59e9b135e0034cb9
memoria:ef82a06a4403e6fb,メモリア,记忆结晶资料,No.1029 夢の痕,No.1029 梦的痕,1,1,ef82a06a4403e6fb40c295718c6a02a06f0c43e5a8636a085a83a2558e0a9be0,fa002b9031e4666bcabe71d39616b5465bebc7b2815896c330808ee318acc291
memoria:f8f92ba31812b07e,メモリア,记忆结晶资料,No.103 夢の続きは目覚めた後で,No.103 梦的后续就等醒来之后,1,1,f8f92ba31812b07ec74fcccfd1ace3c3eedec966750e4a796ddd42ccd853d1ac,aa38fbf4d44a0a61ddc2f86377cade105bf9a1961983bc515dcb90681639fc74
memoria:06e9f2395e0e3aca,メモリア,记忆结晶资料,No.1030 ひそやかな洗礼,No.1030 静谧的洗礼,1,1,06e9f2395e0e3acaf9aa4e8c27db36983cfd4dc53e4041a87eee6806c0189486,a5891cdb89246931249af9e3f02c79f5cc21ab158d9196066048f89eb5e9cdf7
memoria:20148cdecf14aaa0,メモリア,记忆结晶资料,No.1031 この世の隅でふたり,No.1031 此世之隅你我二人,1,1,20148cdecf14aaa0554e1fdf8b415afc0c87a4429e588d1dd493ce918fc295c0,912e8b167494d9052b2565fc5fa1e9763e27b38452306bc3367a80d8f52d2b4f
memoria:3f740cbbf17abbf6,メモリア,记忆结晶资料,No.1032 真夏の夕陽に照らされ,No.1032 沐浴在盛夏的夕阳里,1,1,3f740cbbf17abbf647a15fcc5c9228fe03f0a36dd453b8758b16f3492d5fd2cd,1e9a3fbe5144fa5974258e767ac00ba2e87277b58f31fc2dc29c6de92807c204
memoria:e29a146f5212db67,メモリア,记忆结晶资料,No.1033 鳥捕りの魔女,No.1033 捕鸟的魔女,1,1,e29a146f5212db6778b6c68a55bd531dab0f97f9eb2eaa3e2317489b6e9b4a61,9f86a3d2bf78567bb07e46b0e6809bb4ef1d82a1f303660efe0f7330ac36d4ea
memoria:a797677c1de45f2c,メモリア,记忆结晶资料,No.1034 マッチ売りの魔女,No.1034 卖火柴的魔女,1,1,a797677c1de45f2c389e697b5a936da971c996e84ee440afb1e8b6bdc3cdbe54,795e9824055335ed2760e8ef012c810c1d861aafc8676e0e0f4712f45ed22301
memoria:1ea5f42e465a93b6,メモリア,记忆结晶资料,No.1035 チューブの魔女,No.1035 管之魔女,1,1,1ea5f42e465a93b6586c49ef800cfee309d3b31de2ff46873d0ac2f873c63571,bbc39815922dee3383ef51658aaab43b52ad7d3ea1a8a86f2c36d3cb59a57986
memoria:3360bf109ea69c9e,メモリア,记忆结晶资料,No.1036 死番虫の魔女,No.1036 死番虫的魔女,1,1,3360bf109ea69c9e2f935d1d887090cd08e4cfdecd2184a4a3af2e3803a6102e,222d43855891385b9575f4b5cd196a9b68093eb7f14ec334b9f56db3c73c554c
memoria:5b66483deaa11cc7,メモリア,记忆结晶资料,No.1037 プロパンの魔女,No.1037 丙烷的魔女,1,1,5b66483deaa11cc783d6511d7361932635836b8dc9ac2387677ac9ea0718503b,17f30aa051c2204c9a4cc351c7ce2a0ec12dd2928bf10cd08c77d55321eddab8
memoria:b7b6b85e16b61f8f,メモリア,记忆结晶资料,No.1038 バキュームクリーナーの魔女,No.1038 真空吸尘器的魔女,1,1,b7b6b85e16b61f8fe4a6def64506fb58d4be43881d6efeece735d52d6e3cd9c1,ce9e44766159f892df1db85093dfed89d85a7f5eee3f085bd9833ae2cb88f425
memoria:3e11cb8fd909958f,メモリア,记忆结晶资料,No.104 ありふれたもの,No.104 寻常之物,1,1,3e11cb8fd909958f6eb30b8208377e41d0fb270fb0a75397693023fa9a8130f9,8752a02186b13430803d8fd6a62098a4011e1d07372e86a3eecb209c1495df57
memoria:4314c480eda1c3a5,メモリア,记忆结晶资料,No.105 あたしの学校生活,No.105 我的学校生活,1,1,4314c480eda1c3a5efd06bd59b4046adee01b9983c9bf7de0977044d9d1139d9,0fa4c1470f14ba4992310e07a357c950efad2d42e752ab0bdc6cf7669be6e8a2
memoria:eb0a15b34170de9d,メモリア,记忆结晶资料,No.106 曲げない信念,No.106 绝不屈服的信念,1,1,eb0a15b34170de9df7e6a9bff354d6cfa616c75d53d7762d8beb81f8a925ac0c,781914a1df4a25047bf509d02f72d9aab91244958d30b460089ccfce415a1a0f
memoria:9ce73dbd643ebe8c,メモリア,记忆结晶资料,No.107 花咲く家で育って,No.107 成长于花开之家,1,1,9ce73dbd643ebe8cae0aaa8bfc4aa73fd71e196d7fbbcec0e793d51628b65761,2ae02bdd1e9f660f1ea6ea58e44143b5304a28d4fb1183ffad3e6585b5a381ce
memoria:5b1eacc02fb77fb5,メモリア,记忆结晶资料,No.108 三人でお茶を,No.108 三人用茶,1,1,5b1eacc02fb77fb54e633486bbb4058699867afba2154304eb8a5eed583f9dcb,293b6c7935a5e45e3fb850ff1ef78d95264a3a486f7469e12814d79493b5310c
memoria:b7fbf0dfe51c63c9,メモリア,记忆结晶资料,No.109 葉月はいつでも忙しい,No.109 叶月总是很忙,1,1,b7fbf0dfe51c63c9d0bfe4fd30d65c38158e91b7fb5ab8297a72d59772f3be44,189ef963b72740cec6f7e97a44e309bb829c595edb8f916b8bb7ebec326c4f74
memoria:03eb8001eca28379,メモリア,记忆结晶资料,No.11 屋上の魔女の手下,No.11 屋顶的魔女的手下,1,1,03eb8001eca2837987bcc641fd9f64ed9e3bc7752b83ce248c402d7b5f90e692,9108189a5dd12af9953cd093fa706a099fbdbb4b03e317d1274eb2988d1c60ff
memoria:efe0a1d831fa1558,メモリア,记忆结晶资料,No.110 視線の先にあるものは…,No.110 視線の先にあるものは…,1,1,efe0a1d831fa1558bd32ae62da4ce0236311e8d03f860af616d3feea9abe50cb,6861558196972adf879a7b2a61ea0d0aa130ac2c231580fb35b680ed3bee60db
memoria:aa9cb69b97e3ae82,メモリア,记忆结晶资料,No.111 あやめコレクション！,No.111 あやめコレクション！,1,1,aa9cb69b97e3ae82ec41d3dba3bfd086c61374e6b2e76074d7e83b8e4384b35f,7634b4e9813c949d8cc2f26d4836f6e72cad5bfd07ed2216f84df7f2f620585b
memoria:30c7061322daaf40,メモリア,记忆结晶资料,No.112 サカサマのあちし！,No.112 サカサマのあちし！,1,1,30c7061322daaf407e8080ab5018448f9d12bc05a2bd5a3c303ccc042b27f6aa,06d0be229294b9898ef5026f9b6b9ba5fd11fccc31557fbadddbffa0055036c4
memoria:a94c3d85dd952b82,メモリア,记忆结晶资料,No.113 戻れないあの頃,No.113 回不去的那时候,1,1,a94c3d85dd952b8274b4035811e14ccacc9b52b92deeb92b5e630f5270205135,0c42f47a5505201972e9afc8d30686e49be1a8492427f06bbd82464e5a94700a
memoria:53280069e97e7c5f,メモリア,记忆结晶资料,No.114 頼れるネゴシエーター,No.114 可靠的Negotiator,1,1,53280069e97e7c5f3414ec8ad6eb6c78005d89c4d58d5ff88efdc219495978db,d70f5f99302e4042f66a398ea50cd51f7d143d46303b7c75f46ebeae84c10d73
memoria:f846976335718da0,メモリア,记忆结晶资料,No.115 友達できた！,No.115 友達できた！,1,1,f846976335718da061fc5a41660aaf77792247c01fe8eb6e6c73a0a9e8d19cc6,ee055f2eba0d8accb3bb189f6588177af76e76f23f83ff1a463044d0a27c22cd
memoria:a7e3b08c552cf109,メモリア,记忆结晶资料,No.116 50通目のラブレター (未完),No.116 第50封情书(未写完),1,1,a7e3b08c552cf109fdbbce250b77721a2c41745365b6bb17711c711f97f8d84e,150c2465b8fe06b118d052ca381ae9f3cf143de5e31508c9e1b67247625275d9
memoria:a44284af4c72ee48,メモリア,记忆结晶资料,No.117 日々妄想,No.117 日々妄想,1,1,a44284af4c72ee484776b27d89302c1e632ec38807e46f27e7cc13287a836f7a,37d7966bca2ff32dd70859a871dc320269206fe879bf09fe5a811e027e3b9acb
memoria:dd55c0e09dd9d2e9,メモリア,记忆结晶资料,No.118 路地裏の友だち,No.118 小巷里的朋友,1,1,dd55c0e09dd9d2e9731e51ab831df8d271e4b22a574baa01557b6e023a55d2dd,4823a657f5d0df651c79930c75b99aef95a41f2ad141063fd7d191f9cb50da2d
memoria:d9913dc800d993f7,メモリア,记忆结晶资料,No.119 放課後の透明少女,No.119 放学后的透明少女,1,1,d9913dc800d993f7813d5b6e78972a8002f33b8ee033bcc4f3a24808d1de10d8,442b14b8dbb1153687f1b0de71b15e88078d767e04f9677407934bbaa7839cb4
memoria:4350c62ad0dde7d2,メモリア,记忆结晶资料,No.12 砂場の魔女の手下,No.12 沙地的魔女的手下,1,1,4350c62ad0dde7d2dfffa0b1809ebb2de56f323c830af9bf9cbc3654e98ad15f,9eaef10900feca810a719baf6bd1a5ad589fcb659f2fe181401dc40890dd5f38
memoria:35e03952888200d0,メモリア,记忆结晶资料,No.120 地下水路の手荒い歓迎,No.120 下水道里粗鲁的欢迎,1,1,35e03952888200d0f5f40ef62caf5f35309adc0015aa094448b6b99e8bbaa8bf,62916dd6392fc51f5db3d9b17f4eefccc022f7674901a5e3492db939700c7676
memoria:db9a9c8aed75dbee,メモリア,记忆结晶资料,No.121 再起と決意,No.121 再起与决意,1,1,db9a9c8aed75dbee98d16bd2ee93000a3cb1306d8fd4bb8d6dad25ecce6dc81a,4987b014271304fd733fbbf4860aa2d48fc03dbf0f727571ec212356f8815adb
memoria:6d420a417f3072f2,メモリア,记忆结晶资料,No.122 怪盗かりん計画,No.122 怪盗花凛计划,1,1,6d420a417f3072f2bbea747d579ed65db2984e0bcf6b24de4ec2e29bc1152d34,61a58c1e672d8971b42ad0fa43d8e1246f32c3b62a3e7fcad45aee342444a844
memoria:6402de63e563c314,メモリア,记忆结晶资料,No.123 マイバイブル,No.123 My Bible,1,1,6402de63e563c3147349498bb18f0bec5324220c432841d41c86558ee8f1f4f4,cdb9c97dc385e1a8cde8b782e6ca259bdc20d53ca21b3016c6129f4d2d540f9e
memoria:3e91928889690fe7,メモリア,记忆结晶资料,No.124 一夜限りのオオカミさん,No.124 仅此一夜的大灰狼,1,1,3e91928889690fe70aa7d5fa0f4dd11871293a4642d0eeeb85a3de5bab11cadf,1d8a5a22b669703757b16ab8f6ff051624934684bc55825705dd75fccbcd36df
memoria:16bdd05f9eb426e1,メモリア,记忆结晶资料,No.125 トリートでお出迎え,No.125 以Treat的模样迎接,1,1,16bdd05f9eb426e16419cb2e92efe27bfebf1992ea7e80372f0b18c289d266f7,bab0aaa35afae93425c319cf170d7d1d01decd4ce5b63c2cf5d200737ee1d06b
memoria:c8f191c2139e403a,メモリア,记忆结晶资料,No.126 稽古は続く,No.126 练习继续,1,1,c8f191c2139e403a70188265e3b29306e71bdfbcc110e70df7f6f9f2cee1cfe2,dde1eea38953b65a8e9d90d3aff1ef4e9bf73f4cc1a29a6f5be678b4ae3235a3
memoria:e5b46e7467d8b9d5,メモリア,记忆结晶资料,No.127 マジカルハロウィンシアター,No.127 Magical Halloween Theater,1,1,e5b46e7467d8b9d586c7ef5a46bcb1d9598a5768d42c06a034e681111f90121b,4afa15c407de4dfe8a81ebdb09025de9c129306aa365b84a983259c3279292ce
memoria:4b0de248c1424b76,メモリア,记忆结晶资料,No.128 瞼の裏に浮かぶ景色,No.128 浮现于眼睑的景色,1,1,4b0de248c1424b76bc108ad22b6bd38ed3b7adce9e953e9e9c0bf726e4a00e4b,afaf6a919d61151112a55d7700dccbab5fa6c9b420fb7ba0b25c394a66c3c529
memoria:cb685c28cc0e0ae6,メモリア,记忆结晶资料,No.129 なんでもない日,No.129 平淡的日子,1,1,cb685c28cc0e0ae6b1cc686b06c21acbb781ab9da6af86625d54c28824835753,0f774dba47f1c3f9105c1ce480e5435de7aa6c0ce5bc649c88a0bb65012dbe07
memoria:6b76e96ebafa69da,メモリア,记忆结晶资料,No.13 象徴の魔女の手下,No.13 象征的魔女的手下,1,1,6b76e96ebafa69da9fd44250ab78142290aca4527609919c3d5880aebc4be9a3,7efe1c74dd17d13a1f26901ec7f4cb69d631095b759a3fcf27e8ec95a0d33f55
memoria:cbc18c1b24096783,メモリア,记忆结晶资料,No.130 思いがけないリアクション,No.130 意料之外的Reaction,1,1,cbc18c1b24096783320ec25a5fc292def5637b875f379956fa96feb035f77831,07d562a44eb84f1437dacf4a2261ace1a90fb9f493d99cec2536874c8ed99ba1
memoria:de5c74fd4dbcd26f,メモリア,记忆结晶资料,No.131 心地よいアンバランス,No.131 惬意的Unbalance,1,1,de5c74fd4dbcd26fe4fb0782306b8b2db59448f666bf45672aea670625b1717b,0fab8f6402872a04cc67c004892947fd8f0d49f2c942e144a4533b4b41e74088
memoria:bd2bc840135d2b15,メモリア,记忆结晶资料,No.132 グランマのイチゴリゾット,No.132 Grandma的草莓焗饭,1,1,bd2bc840135d2b15589b22375730b1a18abfb4267b36414ee5718a0f853e3200,cebbe93667fd253d34f3652877ac027e2348e3a91772225b36d7145b0c6f94c4
memoria:d647b7c6d83b74fc,メモリア,记忆结晶资料,No.133 転校生は帰国子女！,No.133 転校生は帰国子女！,1,1,d647b7c6d83b74fc3597cce480ee66bd7ced15e0f906d1f41e2f48d928375195,1729fbab5cc437c79a9a56dcff58a706ae3e24bec23ae35809f00fb6ab85c4eb
memoria:6e6e3fae8a54a375,メモリア,记忆结晶资料,No.134 七つのほしぞら,No.134 七片星空,1,1,6e6e3fae8a54a3750a59999576e74e854744a77d78eba25f24f52b31d318ebbb,72d1c1e0757ef103cadccc9f26a23f223a8a38d4ce919bfb585a4ef4146296b4
memoria:653714ff89f4c024,メモリア,记忆结晶资料,No.135 ショッピングでスッキリ！,No.135 ショッピングでスッキリ！,1,1,653714ff89f4c0243ccb8b47f8422b9807f0c57813fbd62ea67a5c059b12f879,40d23a4809d451be6f2b7184422f6f36311d137691bbb58a716b0c5e0d28c2d6
memoria:720ce60fa8fbe1af,メモリア,记忆结晶资料,No.136 カラダの傷とココロの傷,No.136 身之伤与心之伤,1,1,720ce60fa8fbe1af3494489f8874d5a1fc519635e253d7f9b14806afb64dcbd0,a7b656152c1480f60cc14f6cf088f54e561854e345356b34a3f062ddd6fb43bc
memoria:f5571364f5bcb3c4,メモリア,记忆结晶资料,No.137 繋がる道を歩いてる,No.137 步于紧密相系之路,1,1,f5571364f5bcb3c46e1afef65e58b6fd1d81294d710c1686ef43b92c794ca276,7b179e20856ddc5e181e1a3b1cd8430194c42642d43d020f2ce6247701949833
memoria:cfd80e07dbc13423,メモリア,记忆结晶资料,No.138 その味はドラマティック！？,No.138 その味はドラマティック！？,1,1,cfd80e07dbc13423a3b0025b025ada2171d0cb92b009bf112af24594a63b6b22,8832a58f4b70a9b59c2fc17f216020a29c538130db9488982de1cfd9c31c187c
memoria:fb604a8344edcdae,メモリア,记忆结晶资料,No.139 三人で、前へ,"No.139 三人,向前",1,1,fb604a8344edcdae2359ee217624e1762197ee07b01f25038bf5ac2aafca1421,6ec45f808a364b70e7c8c1917eeb8fec51f27d45441aa1dd65d2682104e1aae6
memoria:cb3322ff3619bb94,メモリア,记忆结晶资料,No.14 羊の魔女の手下,No.14 羊之魔女的手下,1,1,cb3322ff3619bb945233d315e55f68553867aebd28c413b5425de9d26e656bc6,ae934d06e6dba0c6db7a3fde18d69530bef2057454b16d4021ffd87187572db6
memoria:d4188ebe1fb61227,メモリア,记忆结晶资料,No.140 メモリアサーキット,No.140 Memoria Circuit,1,1,d4188ebe1fb6122768921909f7c477523cc772967aa72533edae653feb8941a6,a8013df694fececed2609b37ff8280266b91bfe822ccd138e22cbfbad0e522de
memoria:fee88a9b5710fa86,メモリア,记忆结晶资料,No.141 メモリアサーキット・コア,No.141 メモリアサーキット・コア,1,1,fee88a9b5710fa8612bab3e5709bcc083b07fe9afe9a937ebb90566582183812,9bc9434663538a82b1530b63d9a8d220e3559960d0354178c86b945ddfa658d6
memoria:c4950e32b43e5b91,メモリア,记忆结晶资料,No.142 月夜の宝物,No.142 月夜的宝物,1,1,c4950e32b43e5b91bfade6a3e9811ea227bbe57cbc99502c6c39d279a02a6198,5674c550151035168b165fa440c83ff47fe5f88b6e12375289792159b00fb125
memoria:dfdcb0540f51f20b,メモリア,记忆结晶资料,No.143 月咲の宝物,No.143 月咲的宝物,1,1,dfdcb0540f51f20b859c234b2615580360249f6d9f847d56b1b8bfd48ceb57f0,793f5185c474958b1ca177164015aca91222e5f21db8f554918fa8fbeb66576d
memoria:fa7544514411252c,メモリア,记忆结晶资料,No.144 終わらない稽古,No.144 无休止的练习,1,1,fa7544514411252ce20cb6233103bf73cff8e3272ee4a2e0e9eb0f8eef7b70bc,cfac669f6a367b65cfd4cb73149555853d1224f7808d291558ef356f79ee8afc
memoria:1d37a863a1e70aed,メモリア,记忆结晶资料,No.145 ここからはじまる物語,No.145 故事从此开始,1,1,1d37a863a1e70aed7b138de14b553b88237bef58f3ec0e014b868660dbedca0f,fd9d3fd004d188007f54084540bf265129383298e2d7ce6f8d2daffc20a0c5cf
memoria:9f09d2210bce30eb,メモリア,记忆结晶资料,No.146 魔法少女VSシリーズ？,No.146 魔法少女VSシリーズ？,1,1,9f09d2210bce30eb1d703cd67aeafc42c5832c1f47d7a7549804ab00acd92ba5,4c1a72295e9b4688ecf33741bc3364ac4e7bf5a9788d0b2c601d869ba16a9862
memoria:4f9285ffde0d8db8,メモリア,记忆结晶资料,No.147 光、降り注いで,"No.147 光,轻轻洒下",1,1,4f9285ffde0d8db8081f48a98cc0985ec2f89ec5b8fc827beba5405c5f6a50e5,359aec3aa015a3aaabcd63b13cbdc0231377bfc2712f08a9b0bf9ca146539565
memoria:05865a16c7de1d25,メモリア,记忆结晶资料,No.148 聖女降臨,No.148 聖女降臨,1,1,05865a16c7de1d25cf9e02ff0ab77e12b311b0ac428eedee089c2ef8f74cdafe,7bfc8dfdef104604ef1bbf7799ef45070fbb692b4811fff09de6ab78926e5a94
memoria:5edefb9913772151,メモリア,记忆结晶资料,No.149 あたたかいクリスマス,No.149 温暖的圣诞节,1,1,5edefb99137721517eb66f8efa109e39f0ecbc10c008db656507199e5373780c,0298feec88932a00c654566bc5b572f48b2f09996c691ce4b3b96f748f027718
memoria:3dee69c78e59ed3e,メモリア,记忆结晶资料,No.15 少女の境界,No.15 少女的边界,1,1,3dee69c78e59ed3e1fafc74db095f6b1232561158330e69b63376317295dbb2f,356ff0ee53bb08c07bf74c42c9cd5f11357d6864d607dc28e6e56e3361293bad
memoria:a5c28a9b25eb645a,メモリア,记忆结晶资料,No.150 みんな、あつまったよ,"No.150 大家,都集合了",1,1,a5c28a9b25eb645affdef8818406e21731813d94261286378e4d03f229cb03e5,e340c65f7925a453b65e2e6867802215c8d7b3d868eb8d69010aa30fd149923e
memoria:2e516b460a80f0f4,メモリア,记忆结晶资料,No.151 羽根つき遊び,No.151 毽球游戏,1,1,2e516b460a80f0f40a46273848bc0d9a2d991161ec0f2f22b10050fb76370f9d,8a560a6e5a8673b0aed80d917f8c14d73b578b143a6674e179e21bb9f9b765d5
memoria:15ba9d47f0ba530a,メモリア,记忆结晶资料,No.152 この良き日のために,No.152 为这喜庆之日,1,1,15ba9d47f0ba530add21b25887ff0877acf4dcafabc53046caac276dd08e8e9a,95a8ee3351c010c820d016f3b6545ce64c9c79c757c6f1bdc4860b2b0215a360
memoria:895a3121444895e5,メモリア,记忆结晶资料,No.153 晴れ着でおでかけ,No.153 晴着出游,1,1,895a3121444895e584cebd1a603934614b0ade7158393fe4bde843e134852a51,8e7851c8682cfa4c2ec4f1ab1950e6b276b5e6db99b793193570fac43f721c23
memoria:befb596332aa0184,メモリア,记忆结晶资料,No.154 自慢の晴れ着,No.154 自傲的晴着,1,1,befb596332aa01848e4947cbe873a37f6d398392f35e4301ad737e3a8d70b37a,5432576472fbb404b8ef50e0e3842b89b595b977b62c35e1bc1efc8420ed76f7
memoria:857ceba40948877e,メモリア,记忆结晶资料,No.155 今年の運勢は？,No.155 今年の運勢は？,1,1,857ceba40948877e71d49854ef336b04e961be34a1812410bb2c1b0ff1ebaa08,53a741180aeecf8d0899fb626b171d12edcfe4ac5e9b56386279fcf5c783f8eb
memoria:d557e8176db09169,メモリア,记忆结晶资料,No.156 忍び寄るふたつの影,No.156 偷偷靠近的两个身影,1,1,d557e8176db0916917dcda573a2087b550bb932c1f03a81d2e67affa86b76997,4e018a86ddc3c9881e4e4a72a89a33e49773aa23625855efc70b995356044c94
memoria:4dd6d2834fcd91af,メモリア,记忆结晶资料,No.157 感傷的な旋律,No.157 感伤的旋律,1,1,4dd6d2834fcd91afc99294192e0c9b2005620614c954769276db609fd5abcb81,d01c5e633a59c6a8b39d4112dc651e63476c0b36f50115136999b50a1dd250bb
memoria:8f7e3378d2f5377a,メモリア,记忆结晶资料,No.158 ２人の共闘戦線,No.158 ２人の共闘戦線,1,1,8f7e3378d2f5377a14b346a9bf1a05eb30eb6a9a1440f0fc75e0772dfc56df1a,7bafdc5e0c9675374b066f29b23bffe23eef1a1bc9744ddd476a241b62f648ef
memoria:55a5f007040ee78b,メモリア,记忆结晶资料,No.159 大切な人のために,No.159 为了重要之人,1,1,55a5f007040ee78b3ab1fecc6d8b491e2822d0c92024ffab483baaef5b0194ca,ce49b22a49de40ce1e8bb1cf1c9664e90e078b2035716ecda77f1d50fc7981f8
memoria:63ef5cb44ef629da,メモリア,记忆结晶资料,No.16 穏やかな日差し,No.16 和煦的阳光,1,1,63ef5cb44ef629da69a3be20e89da95d608b365cb311636c06639292ee034439,cbd415c96381ee9b6bfa2bdd803b8aa0208c5f26375e7dab18ea8c79a8df464b
memoria:455e0e34181fa004,メモリア,记忆结晶资料,No.160 お願い届けて！,No.160 お願い届けて！,1,1,455e0e34181fa00485648f18a2f269870479f7497a183b9a316cd025857be911,351346b14456c6efb6319f8d2671ed10e60d005e9b38f5ca57b28880831ac42c
memoria:f53084471c067368,メモリア,记忆结晶资料,No.161 初めての手作りチョコレート,No.161 初次亲手做巧克力,1,1,f53084471c067368bec5ebd6fa1917bb47759c1470f5926421543c84966c0bdd,349520cb97bd1cac7efa02af621559c51a65ae0a2b704df1e4e58eb94bf74298
memoria:803db15cebc1b172,メモリア,记忆结晶资料,No.162 エペ・ド・クロヴィス,No.162 エペ・ド・クロヴィス,1,1,803db15cebc1b172ddecadb28711944de99860396e690995867e5aa7386c2206,c404c2504cb9c9a0e2864a775273fa517430c1397d39f401c6c5b91ced3d872a
memoria:63894c09a4166941,メモリア,记忆结晶资料,No.163 乙女の決意,No.163 少女的决意,1,1,63894c09a4166941cdc9e7566b79dce33bc3b298c59412c5425b4b97c73480ec,5d9f72e8773acd12b5ac1e27ec1d4e0cbc41453af1eac74308785e8b672479e2
memoria:b906357da36a70d5,メモリア,记忆结晶资料,No.164 ふたつの誓い,No.164 两份誓言,1,1,b906357da36a70d597794faab4d0275a3d1b49870a37d57f6c5095d3a3d8ab33,8dab0df4e0cea6d7183e0b3a25c39fb0f59b27bbb0356467155ec58d3d1d0302
memoria:654ec7cab8fe7c87,メモリア,记忆结晶资料,No.165 寄り添う影と光,No.165 相依相守的影与光,1,1,654ec7cab8fe7c87d027bbc10a765efea80315e237151cb67f52d50aea8169a4,82bde7c172a759f73343cdb18256437e48bde0fdf6e5cff94d364eaa612b3c78
memoria:284b6ab73248d404,メモリア,记忆结晶资料,No.166 天使様の軍旗,No.166 天使大人的军旗,1,1,284b6ab73248d4046bf897de369f7155526d214e46275ee8488391f2b52b4946,b798626b34dfa590d6c6b369ab1079021308221ab1f92e2af4dafc79ac8d54dd
memoria:2756aef5e7525695,メモリア,记忆结晶资料,No.167 希望と絶望と,No.167 与希望 与绝望,1,1,2756aef5e75256951a848c77bab8872e54396061279a57e37aecff88b8a84458,e10b36ece71ecab25c524c9fd0fec7528ed28e4c3d9503ea30a287b1986a926e
memoria:2f8e55309bfc4964,メモリア,记忆结晶资料,No.168 第3の魔法少女,No.168 第3位魔法少女,1,1,2f8e55309bfc49640425b23790c3492bff2b5e80131b8933d9a73d3e634e6591,18f1a02abe079bf2d7f7531057b52633878a66ecc315eca93c04ffa3e7253175
memoria:429c3a00df1fdb37,メモリア,记忆结晶资料,No.169 時を超えた援軍,No.169 超越时空的援军,1,1,429c3a00df1fdb379a2ea2cbe0e28dee75864488452c641ca766d2b3fff6e537,385b6c6eb5ed3c42a59fce672db35e2f9fb7c9f0287a8f540cefcd83049bf0a5
memoria:f0040e0abddae220,メモリア,记忆结晶资料,No.17 寄り添い見守る心,No.17 身旁的守望之心,1,1,f0040e0abddae220affc49e8167300fb4e7d91ff64e6a84f7e0ba54ea1b1439b,0ceeb0bcc1ce793197ebb0e9dbd857ba9abd38a4bbdc454e2376bc36f16a9f41
memoria:d527c49fd3b97f1f,メモリア,记忆结晶资料,No.170 最後の作品：アリナの九相図,No.170 最後の作品：アリナの九相図,1,1,d527c49fd3b97f1fa94bcf202a2345cc3e084dabeddcb031784fe53d0927fc18,1aff93a24e84c5196a44e745802291696d751d94622b0517e506abc78645ac6a
memoria:3476c357b3c4b796,メモリア,记忆结晶资料,No.171 興奮冷めて晴天,No.171 兴奋冷却的晴天,1,1,3476c357b3c4b7964e662891c54084ca6a4369a8156e43e6d368ef4766baf9df,f2920add2d51bc81488bf1fd95b5b966c74fdb8c74a783b391109559ded5ff7d
memoria:e0ade70c7c2221f2,メモリア,记忆结晶资料,No.172 芸術への姿勢,No.172 心向艺术的姿态,1,1,e0ade70c7c2221f2f9a68a0e8ce635e83e88b7d7511423237233e9d563bbe9cf,a9d51908576dab81356e9220f9dd07ea0dd248d61798fcf0e8008eaa3d523c7b
memoria:ce8b35f8751f5934,メモリア,记忆结晶资料,No.173 みんなに笑顔を！,No.173 みんなに笑顔を！,1,1,ce8b35f8751f5934cbe3ac8b0c03602bb9f721be227d8d9f5102895793d26e70,a45bd817cfc34dd9ae5ae1545e2e2187a2dbd7dc89d7e45e2be80d6a627dfb48
memoria:f2e401869dd44cc2,メモリア,记忆结晶资料,No.174 お帰りなさいませ！,No.174 お帰りなさいませ！,1,1,f2e401869dd44cc21e6f8d41aace35122879fd7f00594f46243f484b891e2724,0668c31c6201435686cf9dfd74321864c19b1f087eb88cb6999e66ae87281c49
memoria:8cb37a57290dd28b,メモリア,记忆结晶资料,No.175 れいらのカギ,No.175 丽良的钥匙,1,1,8cb37a57290dd28bda8cd3ee6da5d24e1385f113588ecb74c49406d2d59b9276,bf3e360f89c136145a4f40adcd242c5af4bc54ad5ca72530fc0a9ed54fbbbaa1
memoria:0625ba48123fc9d8,メモリア,记忆结晶资料,No.176 秘密の熱血コレクション,No.176 秘密的热血收藏集,1,1,0625ba48123fc9d899bcde70cb91b2f4116f367a4c5c3c66369d522a8fe2f8b9,f1eef5e40dfeac2f58e397e0c852652cdcc50dffe6a0870943215f8311daa85e
memoria:140a2b38d18e0458,メモリア,记忆结晶资料,No.177 空想世界のスケッチ,No.177 空想世界的画稿,1,1,140a2b38d18e0458afb9ee111f76bb4dafa11fafada6a44710fa82fa0e894532,057a33fc1dee1cd06b77e97e027e2c2bd490ae4a3de2d88bc25b3b7aadf86c45
memoria:0b57b1625caa4159,メモリア,记忆结晶资料,No.178 雨上がりの帰り道＜れいら＞,No.178 雨上がりの帰り道＜れいら＞,1,1,0b57b1625caa4159b14b16c19574709229f49817539ad332c65bceda1473f9bd,8db1562141a139643a58c8328398d02be0cf7d62f34c6a1ef45aac9ebaa7c8b3
memoria:e68e264a489f5110,メモリア,记忆结晶资料,No.179 雨上がりの帰り道＜せいか＞,No.179 雨上がりの帰り道＜せいか＞,1,1,e68e264a489f5110314be9fac37903232872566c70e824b131522531822d0040,4b508b41f9557dcb1cf2c9c173f0bd8ff262df87495969fa1f669213f7342ecc
memoria:22d59190b66a839e,メモリア,记忆结晶资料,No.18 時間遡行者,No.18 時間遡行者,1,1,22d59190b66a839e1ff0799549e3663cab2031976b8a8a1007716bfd31954193,5dcd32297160de3dbf62fe7f066098aa9ccd291db0f02996b44e6130cf43f09e
memoria:5290641bb81252b5,メモリア,记忆结晶资料,No.180 雨上がりの帰り道＜みと＞,No.180 雨上がりの帰り道＜みと＞,1,1,5290641bb81252b55625b072d788de2d994756529a27748723b14197848cb5cb,3bcd2c99e10a4bfba7740165ae9873e24200940ec93a4cfa563d91871aa0c552
memoria:82d3a5ae9ccc338c,メモリア,记忆结晶资料,No.181 階段からこんにちは,No.181 从楼梯上说声你好,1,1,82d3a5ae9ccc338c465177bcd83d41e686758dec9dd29fde7209b5b58e08d537,ac3f0208c5b50f6154fdb7b94e6e0ec0141c661c197a7f432bac12e86e44bb5c
memoria:c285219d3e2c9142,メモリア,记忆结晶资料,No.182 団地に差し込む陽差し,No.182 洒向小区的阳光,1,1,c285219d3e2c914251bec502952b934c6426051c0ed443f354dd04b4617f0d28,3d12493e899ad91cd3c6b89bc69cd03c72460b4dc87fc9130a543b28ce6a9b40
memoria:715f6bc0d21dab82,メモリア,记忆结晶资料,No.183 夢は美術品の修復師,No.183 梦想成为美术品修复师,1,1,715f6bc0d21dab82bc60c3a8b60b25ea5e1f4fdd922190a5987c66efa6e297db,b9a23bc50b536a973a97066988e2d7326f4ce849664f909a1a6c1293e805f155
memoria:174a0d9a7b57587c,メモリア,记忆结晶资料,No.184 真剣な顔だって出来ますよ？,No.184 真剣な顔だって出来ますよ？,1,1,174a0d9a7b57587cc021771a3a8eab948d001bcc00b57ef3301edba5f7e0a234,8b60e54de5dca75c525ed727c91737ddffc11696f2b4d7eda3cfa07f2fb143d1
memoria:480e3516d3ccb075,メモリア,记忆结晶资料,No.185 美術館でアルバイト,No.185 在美术馆打工,1,1,480e3516d3ccb0758c2783b610438797c0d87e3884dac0467b39e8873aa24624,3269402b1902ede5340b7892fc74aaf77333647b0feacebe21bf1788b74ea2f4
memoria:99d04698af2023bd,メモリア,记忆结晶资料,No.186 幸せな音,No.186 幸福的响声,1,1,99d04698af2023bd98dfd85611e943bb93d1aa0add5f438725f84d67b9f147f8,dfcb6992be1bbd519ba55cfbf34ee751a05cffa3e3e63530a5ff049ddbeef5fa
memoria:2fddb66c2df48783,メモリア,记忆结晶资料,No.187 眞尾家は今日もにぎやか,No.187 真尾家今天也很热闹,1,1,2fddb66c2df48783072b62f924faf98527a776ba7ca6b98bec00e104de3cc992,b1a1421b978b006d86079ac427af0452374e0f93dce7c41cc74faff638c9973a
memoria:b09444ae3a9e4264,メモリア,记忆结晶资料,No.188 スターライトパワー！,No.188 スターライトパワー！,1,1,b09444ae3a9e4264f5b19cd6b1382c7c5479df0c7e18d44c840cafe1a9f0d4c9,0ed2ae47b98b93dfbca1ce9c041a371946e2215bdf394dca4d2740d1f4669479
memoria:30b6e87b2ae7d406,メモリア,记忆结晶资料,No.189 天音姉妹の三女月練でござる,No.189 天音姐妹三女月练是也,1,1,30b6e87b2ae7d4060c9205ce9c2f9f2e1cc4fb001db036ceeda4a0ad092c3240,bf755548722197c7ac14d88a974ed2e87b90731e250922575f2da15cfd5f35f8
memoria:0f58342d3315bf59,メモリア,记忆结晶资料,No.19 ぬいぐるみじゃないよね,No.19 不是布偶呢,1,1,0f58342d3315bf59c35657b3b58a0ae0c8cbf5c8a4203e1adb38821f94c36c36,36363be40551cd412698458d1c01e27a86f81d6e60c938011a71d532e140dcdb
memoria:e947dcfe15bcd019,メモリア,记忆结晶资料,No.190 暗闇の証明,No.190 黑暗的证明,1,1,e947dcfe15bcd01962fd9cde37b60fd00cdfc90c3150cee5431a6394454c2109,8b3c92f9c7c33fb6ea71694da1ab8cace23177b79d856ff8cf2936476831f45c
memoria:fa451a75332d8c37,メモリア,记忆结晶资料,No.191 雫の旅の目的地は！？,No.191 雫の旅の目的地は！？,1,1,fa451a75332d8c37aae458bd466ac4474d64c63d319d180a723679abe170e23c,e867621f80ce3a625d5220f668ad80bbdb481e8fb9ba5ce3e258924cd0090d37
memoria:f8d0fc9c16884c9f,メモリア,记忆结晶资料,No.192 生まれながらのわたしは…,No.192 生まれながらのわたしは…,1,1,f8d0fc9c16884c9f57526e7dd400d451526093067f5a1a52bb3a646c2f5b0acb,35e263b66cc37560dcead22f1e05b6052c6fff0b81dffd885526a1e19e845117
memoria:5b82cebd984945ad,メモリア,记忆结晶资料,No.193 砕けてなお美しく,No.193 虽碎犹美,1,1,5b82cebd984945ad46f2a1727feaa26098867d189bcbedcbc31df348592c471f,7877b149702f308ca4d3e2429882016706dc40df6846ff5ca44e4a529fa607b0
memoria:1bbb041df877a142,メモリア,记忆结晶资料,No.194 全ての視線は私のもの,No.194 所有的视线都属于我,1,1,1bbb041df877a1428eaf16df6b24cb6d138f5b0c6c81aa8518aa97acd70f13da,e1e07e87fa660c6e8c23c976f1f46bb3c86635b6f70b826a4e6b45ccdd46a00d
memoria:6eca162e85f6c416,メモリア,记忆结晶资料,No.195 竜真流師範代,No.195 竜真流師範代,1,1,6eca162e85f6c416725e345d8a81c525d57b28faedc5729c6a836587310e8476,077d56d3824047cf3da963abed6c917771b44b5224fecd0c788729b7d7eeef68
memoria:98a938176daabd39,メモリア,记忆结晶资料,No.196 おまじない,No.196 咒语,1,1,98a938176daabd39b266e16f595d35ae8ce6fbf52fbcba9545570ca63d55691c,13abd5dfa0af05144507b3149587a29ea9ca332b37ba3447722b29e66fa768ef
memoria:3dfc0c596b9df03e,メモリア,记忆结晶资料,No.197 負けない力を求めて,No.197 渴求不败之力,1,1,3dfc0c596b9df03ea334d1122dd0ec9b5ab8cb06fb8581789a4c6b3fb7d3e564,aaac5b01b1d362241b20406fc4caf14e325d89f23b13c0d7bead83991975bf1e
memoria:359ee69fbaf2d36a,メモリア,记忆结晶资料,No.198 魔女と狼と村人,No.198 魔女和狼和村民,1,1,359ee69fbaf2d36ae6117bbaaca241b9e1d585a816b6ac13b9e9abbbe1baf200,eb63ff339aac9581d477d1073508e4f59b2658d00e725a832d6db20accfffb6d
memoria:b5c3a95dfd5eec1f,メモリア,记忆结晶资料,No.199 アリサが掴んだ手,No.199 亚里纱抓住的手,1,1,b5c3a95dfd5eec1fef4b4b3c7dc8abeaf6a61d156dd407c07d2e6edea275bac2,63686c4c41a3b00d6d082c9b9454f50e3945446509c302d6e4b60d3acf7b047b
memoria:0a4dd4a986d2181d,メモリア,记忆结晶资料,No.2 薔薇園の魔女の手下 (Adelbert),No.2 薔薇園的魔女的手下 (Adelbert),1,1,0a4dd4a986d2181dee6af83aad1ab8cf3a4967b36fe4e86108e74c78408ce92e,284f53fd87ed1897b0f6021fea5c9548cb2ee4a019f2772e43de7a9ce85d7124
memoria:79988eeb4fac6af5,メモリア,记忆结晶资料,No.20 頼れるマミ先輩！,No.20 頼れるマミ先輩！,1,1,79988eeb4fac6af5528a890cb9f54e9deed2873d9ca847e1055e245baeda3884,aae040774f358341d3850746060e07f7a89bb2ab5e299b3b6960fc52d8c26b38
memoria:b4e4a9ca965c4c3c,メモリア,记忆结晶资料,No.200 チサトが掴んだ手,No.200 千里抓住的手,1,1,b4e4a9ca965c4c3c72d66d29e025058d67ace77e337e3a7e3a6a5abd37e6239d,eecfe3fec8196a4ddc95065462b89e6c0f368ed358fee64fe21b11fa2ff275a0
memoria:53dff13b63ccbb1a,メモリア,记忆结晶资料,No.201 光と闇の狭間で振るう剣,No.201 光暗的缝隙间挥舞的剑,1,1,53dff13b63ccbb1ab4959adeb2cc61dd39db8ebb36aebe3a826093d4e8b584e5,8017bee9082c8c2b4fd70183032a22fafba58d7dca2baf421bee53d4403d72be
memoria:f30d34a243157019,メモリア,记忆结晶资料,No.202 結局最後は…,No.202 結局最後は…,1,1,f30d34a2431570199460c1eee693b87c6176aa7beb74ab61e94dc81b001b2649,6b43edd0fdd04c9035b3f189a9603905da61a69d8e793a961ff7bcabe8c3af2e
memoria:8965722a2ade9b52,メモリア,记忆结晶资料,No.203 占い禁止令,No.203 占卜禁止令,1,1,8965722a2ade9b52709d46b505af3f24ae89ead184205f8f18172d00b980e318,d8aab69e7eb59afb04d40c11acf5f65340859d19e26b7e95346311a1c202a2b7
memoria:8e2b89dad77ebc8b,メモリア,记忆结晶资料,No.204 代わりに話してくれるもの,No.204 代替我发声的东西,1,1,8e2b89dad77ebc8b62a6c739a87c21f88ace893ea2ca060efd905bab83dd2d70,a584f795e093645ed6df373512054de6026f6517f23f9c227bf75389f85d6713
memoria:801d3fc28b50d5cd,メモリア,记忆结晶资料,No.205 朝は運命の瞬間,No.205 早晨是命运的瞬间,1,1,801d3fc28b50d5cdcea7c02b2ee1e5bd61a0eec159bc9019fc28e6e90582a674,f4a36373f28c9a88df3fb4ce1bf51f4fd185af6c6aed4ae06d7c51aaee8a8c8c
memoria:a90c9a51c7c412ad,メモリア,记忆结晶资料,No.206 穏やかな風,No.206 平静的风,1,1,a90c9a51c7c412ad47e03fa9861bb39b5cd00fc7541ff9742093c7ca66fa17a5,abc5e19aabc68f67ed494af6f1776c54439605cc4d3e333e6898d6862012ffcc
memoria:82106155f66a09d3,メモリア,记忆结晶资料,No.207 今は二人で見守って,No.207 如今让两人一同守望,1,1,82106155f66a09d3b83dc7e040f9bcdaebfa1883cc58120d4e4c80fe58d4b9d3,54f7ee88a8622d9ed434b218af24c8972e37b8f4f7fab5dc8665f19613ecb4f6
memoria:c10987a66ac642ab,メモリア,记忆结晶资料,No.208 ノンビリの象徴,No.208 轻松的象征,1,1,c10987a66ac642abd488bfd5ce3e7dd5ac1a096dd5940ce68876e3d183cfbd6d,f82bed32f2dbb043c73c65311ed51e1158186bdd0ba82cdac06c22e6aedf3170
memoria:010eeca0c2ba56dd,メモリア,记忆结晶资料,No.209 フューーージョン!!,No.209 融——合!!,1,1,010eeca0c2ba56dd83da471d3c0bda4c1ac392570c7bcaeccb0c1d27ec0ed23a,5aa092bbab46b8cd533167845e3179c0428b86f79f8c535836551d6a2d2283e5
memoria:30d996bd25f7646a,メモリア,记忆结晶资料,No.21 ちょっと一口！,No.21 ちょっと一口！,1,1,30d996bd25f7646a8b52adf2ff23cfb341cf3ae0351727cadbbaa77344639697,d8b7680fcf6709e05660b0e71f667fa0877219388b9b24c5dafdc4f0a63de59e
memoria:981ad7d80c89467c,メモリア,记忆结晶资料,No.210 想い、通い合わずに…,No.210 想い、通い合わずに…,1,1,981ad7d80c89467c51304091dacdcdb6a9ccc70adb43f627502402136271b890,0db95e6bd28398055808b6170d1eb14e4c47dcafda815fa05bf8ba158644a2f2
memoria:53472ca0c6060657,メモリア,记忆结晶资料,No.211 交される遺志,No.211 交换的遗志,1,1,53472ca0c60606579a5018cedff91036f728c3cf77980ddd8283c53aa504899c,941c1814e7692f38377fcf5fa23752b005b1b79b6e43c39424b644fd04a515c2
memoria:9a98cd139ba1f89d,メモリア,记忆结晶资料,No.212 自責に包まれて,No.212 陷于自责中,1,1,9a98cd139ba1f89d2901325a2dd59cf941df7f08a7396e6193040bbfa7e3e692,6decf7f561ebbbc6edabd7b6f5710e349e353ccda217fc119a7aaafe25b43de1
memoria:a1f7284603f85881,メモリア,记忆结晶资料,No.213 一翼を担う理由,No.213 分担的理由,1,1,a1f7284603f858815c0acc4cfcf43f7b37d1fffa0a01d96a30452ff75bc7baf7,2f19cb5fe3acafe27b5e1ae3485aeff777501a5d5f807b3fe03cd4e34b321762
memoria:b5e2491457e14136,メモリア,记忆结晶资料,No.214 東西の緊張,No.214 东西的紧张,1,1,b5e2491457e1413657459cc8bdba04adf65398ffdce93cbafcdbcdedc5ed9059,f021be8b0f0bc5b718aefc407c9a2628f39adb4f0c6517ddffafaafc3f4257a2
memoria:a5cfe7f313a40993,メモリア,记忆结晶资料,No.215 東西の講和,No.215 东西的媾和,1,1,a5cfe7f313a409933283d7b3e9da4c8c09a07bdf44f39f5341d6f575e7523445,3bf5d6ff2cdf346f82982e9315fe7303071603756d1888dd307e0801b674c766
memoria:22ce4c3d3f1d4b9a,メモリア,记忆结晶资料,No.216 お出かけは清楚な装いで,No.216 以清秀的打扮出门,1,1,22ce4c3d3f1d4b9ac5af052369044da56134e1dec6ba52488f64aac3f2dee331,b19c5704f439ed54851eb75f91adf09cd84e54686a59a09b124b56666df146b3
memoria:31ed02e88f2a567f,メモリア,记忆结晶资料,No.217 解放の導き手,No.217 解放的引领者,1,1,31ed02e88f2a567f6115de6f66034a9748d035bf07378fac63bf786cb9eea992,77bbb0586b1e826cc095ea02d67db12187a1af40afc86108e1badeb9bd776175
memoria:a82084aaa62fd046,メモリア,记忆结晶资料,No.218 解放への祈り,No.218 向着解放的祈祷,1,1,a82084aaa62fd0463722f9ff93b73ec1390b92b1a9a5d5b84529d2c8588c6a66,f6d657026020622511e2d08d149579d6d6ef7862ad5956e05ca0553159b5e70b
memoria:b57908c6bed3df1a,メモリア,记忆结晶资料,No.219 重い制服,No.219 沉重的制服,1,1,b57908c6bed3df1ac76fbb6b6945754fd3cb017a772ec8f3a46003229414daa2,674f35ca7e1bf85da6d8ed8823849544a33ad4e14725e84b2e3f5b8f974fc0fb
memoria:5a863f45e1fba330,メモリア,记忆结晶资料,No.22 一筋の希望を探して,No.22 探寻一线希望,1,1,5a863f45e1fba3306620421d15d6b9e62842fe916439415b25cc1475a69c4162,58e95e583664cbecf26167df74612170aca65352e1e7a862eb8eaa91970b36c3
memoria:2f62029b84439e9b,メモリア,记忆结晶资料,No.220 越えられない溝,No.220 无法跨越的鸿沟,1,1,2f62029b84439e9b6705fa04def1de9156f295af5a9f79493a3400ae494ca2a1,c8b712d732cfc64469fb7e91c1c7d28b83b5b285d1f4b2c96f7eb95add1c42dc
memoria:604f24eb93b2eb5b,メモリア,记忆结晶资料,No.221 風変りなメイドさん,No.221 奇怪的女仆,1,1,604f24eb93b2eb5b211d46798f6480fbb56170390acf76c6af1efcebe49abe2c,03e3544f8ef1fcfe45de07ef6cc830f5af2a5c1164e0f53f1048d9f7e3472f5e
memoria:e9b5a80ab1ac0c74,メモリア,记忆结晶资料,No.222 なぎたんにお任せ,No.222 交给十七君吧,1,1,e9b5a80ab1ac0c7460d6cbde24299dbc89926f433a8eeee58957c719e0e4c3ef,abc9c9b7096082627656c7a43414a9483af08b1708e68d16b4ff7f562da3bb13
memoria:4c17c0cd04935cd8,メモリア,记忆结晶资料,No.223 何度でも繰り返す,No.223 无论多少次我都会重来,1,1,4c17c0cd04935cd8d6447c1d074c2a63a668f4bcb012c3c86d97969b7464d061,90545652e93b4e4356e08ff9a70da59123940634f94f3f4ce7114b103372d4e6
memoria:b8d17f730c5fa46e,メモリア,记忆结晶资料,No.224 雨後,No.224 雨後,1,1,b8d17f730c5fa46e3ea7673100f49f52841520ad9973318eb89b8ad9cd384ebe,27f52b3277f4638990ec0204466ca55377f245d27ee2ec764558af14f4bfc73d
memoria:597ebbac970885af,メモリア,记忆结晶资料,No.225 上から下まで,No.225 从上到下,1,1,597ebbac970885af0fc9cd88db12b790acb0d05e5d7b571b6907ca315f8c9345,1b8da05240f3c923450f6f34a66b0ee741b72b71208c0631ddacf57af5de638b
memoria:1578b2e4f071b72f,メモリア,记忆结晶资料,No.226 水着に着替えて,No.226 换上泳装,1,1,1578b2e4f071b72f82185c546aefba8b7c536b649223e4f85ec428f00393ec96,5bd21441df81b6005503796ab47b292e1aac278ce9f699fc1a2c58f1e8e6d6af
memoria:351f85d4e4bcd916,メモリア,记忆结晶资料,No.227 ふたりだけの海と空,No.227 只属于两人的海与天,1,1,351f85d4e4bcd916c8f9b3672e9f08de3d2b6ed494aee0f1081afe7cc6a09c57,beb040cada016455079634ff879a5c6ac4948157a2f23547e46cbb201ee58798
memoria:beb0554347f2108b,メモリア,记忆结晶资料,No.228 夏のインパクト！？,No.228 夏のインパクト！？,1,1,beb0554347f2108be866fee8999d4d965cf1885ebc2efd921de58debfbc3f65f,709d64636b79006ad02085dc889420757a88dc677288ea80d30260aec9c57118
memoria:e3e9d22226560b0f,メモリア,记忆结晶资料,No.229 心地のいい時間,No.229 畅快的时间,1,1,e3e9d22226560b0f9af9320c4ff1701fc7e7a689789d69ab69fa385f99029f68,5919520763256d84bed33fe2d5d408cbd4c604cbdbe2ea3f88bf1ab8e48a688e
memoria:c1d0e9d924a09bfa,メモリア,记忆结晶资料,No.23 後悔だけはしない,No.23 唯独不可能后悔,1,1,c1d0e9d924a09bfaeb731b8be1a1d0432bb642b0c4a217a9f33fa39e7681a619,678f030df664514f4c060ff758f006257dcde121cdd4a129570350f0881bc076
memoria:1fd1ba27f51535b7,メモリア,记忆结晶资料,No.230 真夏の海のいろは！,No.230 真夏の海のいろは！,1,1,1fd1ba27f51535b75e4e6b3a84091376711ace257177b7401eec76d26b653202,309d6c957800e2e6ee36778d1cf38001b7fb70c40ccf53bd0eccf6197295c08c
memoria:3a4b3a1ec82bf993,メモリア,记忆结晶资料,No.231 見よう見真似で…？,No.231 見よう見真似で…？,1,1,3a4b3a1ec82bf993dc3cc702ef64e049679060c171e9d1524989d9a0915f3331,a1e900e7b036ecba24c8651d622f7e37d8a982eb1a4180769e93715e30a436a1
memoria:e50d90af884718f0,メモリア,记忆结晶资料,No.232 宝物がここに,No.232 宝物在这里,1,1,e50d90af884718f0363e74507425454b1c116bd9dd11b31899a9eeedb7eff357,83add4338efff75dad425eccedb17c00c9a36e9ddc72a440cfcfc3d9d5121cbc
memoria:14ff6cb58ff8385e,メモリア,记忆结晶资料,No.233 ここで一息＜まどか・ほむら＞,No.233 ここで一息＜まどか・ほむら＞,1,1,14ff6cb58ff8385ee0236f91ed6002c0a0a4705473b55fec0a2dc8a2aa840e92,cb564ae9c9db189dc9ee2eb0e80aaa39e7df4ea14179783c39d65a761b998c45
memoria:8950c84e9f423d56,メモリア,记忆结晶资料,No.234 ここで一息＜いろは・やちよ＞,No.234 ここで一息＜いろは・やちよ＞,1,1,8950c84e9f423d5678a6556bf8c95721ca58a100711527edce569e64abfe776d,a334376874cc93e77c3258be13ed816488ae495ae85de33206081151ca4e4490
memoria:5fd986b827af5550,メモリア,记忆结晶资料,No.235 ほんの少しの本当の希望,No.235 渺小的真正的希望,1,1,5fd986b827af5550f87a145be4956cbafd4b2a564f3ba2b119995293ea7cd345,daef488abed13b643b3c420a1def4497b2c105cb298259eb66175304f1039d8b
memoria:f8788618c28dd255,メモリア,记忆结晶资料,No.236 生まれる光の中で,No.236 在诞生的光芒中,1,1,f8788618c28dd255111b48ac5c8ef18b396f9ebd75d6b83008d0e8f66a8e9b4e,6e042f7e18ae0234a2a87e473c3c07773d358308f806f70270f23d7b259d1db2
memoria:42f28130309f1a16,メモリア,记忆结晶资料,No.237 絶望しない希望の光,No.237 不会绝望的希望之光,1,1,42f28130309f1a1637e209ade3ebc7fa6da53d943386e89c4ce3c6725afe8bfe,138da780c74b5eab7edc9fc5c8a69d96c4dd9511d7529eabbb787e87731a3595
memoria:befcb861ec53ba58,メモリア,记忆结晶资料,No.238 希望へ,No.238 向着希望,1,1,befcb861ec53ba58c1c3c21cc06e75eb33a22e0be4540748233d54e54e0e2beb,e3df956cf0def8d5c68ebc8ccf84a40f0b121cf154351473bb359d82d3b9ec41
memoria:e30cc5799a23c945,メモリア,记忆结晶资料,No.239 掌中のぬくもり,No.239 掌中的温度,1,1,e30cc5799a23c94539818ec89e4727b1d8863a60ba9b0ca26bbabb3e36a1028a,931f08c5f426eb1d71df380f1ed29225e4edfe14c3bb4823d3c90f935054979b
memoria:00486161a0dedd21,メモリア,记忆结晶资料,No.24 Different Story：Rookies,No.24 Different Story：Rookies,1,1,00486161a0dedd210700e7d27af1dc52b6917f1035ca46d354d7e47173f38fff,7fd54c8fdad60ca9e8517acf1d89444b2f5916abc8a6647a228bb3218a5802fa
memoria:3ea96ac033733926,メモリア,记忆结晶资料,No.240 女神様は静観している,No.240 女神大人在静观,1,1,3ea96ac0337339261c4e725ca1159fc637afa8382f76c1483612f49da79b7729,f6196bb81fa95b46baeb663559acd6ab0a4220241e78bc2706e70e9f59d3a91f
memoria:3ca90e831fdc849a,メモリア,记忆结晶资料,No.241 もうひとつのストーリー,No.241 另一个故事,1,1,3ca90e831fdc849a2731e9803bfbc9c76d5b7b478da4de2026b969dd9c825182,255d65a98258e62a1648519765ef04e604a8dbb32084e1d1f76d21b44206d825
memoria:cc2462b3410197ec,メモリア,记忆结晶资料,No.242 あーし×4,No.242 偶×4,1,1,cc2462b3410197ec2f93578651595abf2bf554292b0e216b4df490da486b85c0,6afdce61559dcb22904ed097275d174448f1900bc9d6d0c614389c450c430f94
memoria:9ff662698416de2c,メモリア,记忆结晶资料,No.243 コピーのふたり,No.243 复制的两个人,1,1,9ff662698416de2c4b1f33ffabb52c3901e1222e708c391ca185684c50cea45b,be4254e9e33879fdab62865f6a45a0a859f217e37f04782ae2edb4d04abc3042
memoria:6c17224ca61a5596,メモリア,记忆结晶资料,No.244 この世界で生きていく,No.244 在这个世界生存下去,1,1,6c17224ca61a55968e070959f5ca0c8652c7ddb47eb9e3f29862d07510fe062a,1ed4c9ac4af548114495c0490e906518b12121c998ef328808779b54f6df6b00
memoria:ce5172e8e68f9043,メモリア,记忆结晶资料,No.245 大切な人を守る力,No.245 保护重要的人的力量,1,1,ce5172e8e68f904387abc15811c4b9213abcff2d52c331485c722ee8af16a045,5a9192c336278f3308b63ccce3ffb3dda0270ca3788852a5b62f96ef5ddce3ac
memoria:dbd826aa0fe14887,メモリア,记忆结晶资料,No.246 文房具という名の凶器,No.246 名为文具的凶器,1,1,dbd826aa0fe14887ea5e05ff20f110a11550a04c66837fa79f1b221690dbbc3a,6e8d8b7c30e1c7a0ba80cd7a1086a897d92cb0035b5f6029ee6bb0abac4ee10f
memoria:9aa559994d848c73,メモリア,记忆结晶资料,No.247 趣味、帽子集め,"No.247 爱好,收集帽子",1,1,9aa559994d848c736af87ee70ce338bd089a6b7aa98b2ea469909502621ef439,f63e666ab2e9f266f71cc22d6b4d3a13b1ccf82bdab6072a92c3f26cf5fb7948
memoria:8594ea12bc2754de,メモリア,记忆结晶资料,No.248 戦争を、しましょう,"No.248 来一场,战争吧",1,1,8594ea12bc2754de296ed2675b65f4831eae692d6b086f0ea287971ea19794cc,43995829ff18e33d54ea260b97d9a051540ea777b358ddd707574751a1b20182
memoria:aff421878c6e21f7,メモリア,记忆结晶资料,No.249 開けたら許さないから,No.249 打开了可饶不了你,1,1,aff421878c6e21f70ec09ade6e92543fe03cb05f5215abd5b3aadd8b6783e45f,5e19ac22dc9d55e77d0de3f38fc8d85dc512ace99d4182bb624916986b887bd9
memoria:7817b33432631f94,メモリア,记忆结晶资料,No.25 Different Story：マミと杏子,No.25 Different Story：マミと杏子,1,1,7817b33432631f94211e4c35c98da619bb6053ba93a9d7f46a720c11dd550454,70536e6b01bd7ef66b9c15cfb99f15192e8da90bc204e5a5822b216c4e0626d7
memoria:80e42c3940731221,メモリア,记忆结晶资料,No.250 世界観を越えた夢のコラボ,No.250 超越世界观的梦之协作,1,1,80e42c394073122109ec2221e0ef1775c4749a08cbbd52d735a5489c2a24447b,7caf482d87a8ffd496bbf489510f301c7ed7cf94abdf2a5121050323eebc1a76
memoria:20b7a2e59954f4ea,メモリア,记忆结晶资料,No.251 大物中学生,No.251 大物中学生,1,1,20b7a2e59954f4ea02cf3cceb2de34903e186afef38fdadcb568dc3e4827392a,d4a8efdc0a9cf54e8b16cd86f0586085b0b6433a089b5fa5e1dddee804e8a210
memoria:1b4549238c56b249,メモリア,记忆结晶资料,No.252 理想への手がかり,No.252 通往理想的头绪,1,1,1b4549238c56b249a28996733a9325d060d8d10b53eb8583302b947d9eff1b38,e626b998bd3d0e7fd0869329265b872c42c25bf737781c3f5387054c093cc446
memoria:93f440ad8ec046a4,メモリア,记忆结晶资料,No.253 みんな可愛く彩って,No.253 给大家可爱的装点吧,1,1,93f440ad8ec046a4f5f5f41d2404ced1e744327dad014a5863313e293d5904a4,fdef15dfab50de067d7cfff96a6e5bfd32b6a9320e5baaf69ceca1ff1f649879
memoria:5df28a2c5badb4ee,メモリア,记忆结晶资料,No.254 工匠区の人気者,No.254 工匠区的红人,1,1,5df28a2c5badb4ee94b31ec5aa3d86cb7510cac5e6f47f84dfa94d8c689526bb,7c1fa4fa6cd45a3b5cb10d3ae85b8bd7dab19748636f714e847bbda951bd86b0
memoria:98efd284b0a50957,メモリア,记忆结晶资料,No.255 継承される絆,No.255 继承的纽带,1,1,98efd284b0a50957445f8b1670cd0ca6befc83a164fd006b7ef4881dcb853e86,2a1f1aeaf44b0e243abb956033622fb56aedc2663d399f114c3d518b263ba468
memoria:9588956726f59e9d,メモリア,记忆结晶资料,No.256 切り開けキュゥべえナイト,No.256 开拓吧丘比骑士,1,1,9588956726f59e9d4c707c3a05a6ee77fab66b303dfac6ac458507898cefb703,cdb995a79f044369657d6dea3e6bd40b236deb85efccca6b66ab94a801468a1f
memoria:87afcbbd18a09053,メモリア,记忆结晶资料,No.257 安らげる居場所,No.257 能够安心的容身之所,1,1,87afcbbd18a0905390acb2f32ff5e2ece29fd117edb4fa58c5ad8c5b94caf3e3,8f36296b5e3f7fa2c0af065ceb7bf1e382cd2cb337b9dba08451d327122aa17d
memoria:a3694351e83ed86b,メモリア,记忆结晶资料,No.258 闇に包まれた病室,No.258 黑暗笼罩的病房,1,1,a3694351e83ed86bbf2ddb59d58801dcd157672c2de9de7988f272fed97e39ac,62f591fc2337eda3c8eeeb42c51c0ab2afd9a6c9b6ab3e64bacd00a10823b0d3
memoria:ffad8ace3be9f743,メモリア,记忆结晶资料,No.259 なぎさが解決するのです！,No.259 なぎさが解決するのです！,1,1,ffad8ace3be9f7434ad0b2989930bc6e13558ead4e0280818f1c60bc874f8946,758cf575ec16b8d0665a307fbaec318b906b8be1ccb98daab19dedf9862ac47f
memoria:ea3348ec6d002deb,メモリア,记忆结晶资料,No.26 世界へのランウェイ,No.26 通往世界的T型台,1,1,ea3348ec6d002deb68934abb36f2efe8a1ff8a824d714f612ca9769c19e04dcb,35c700efbe67c2e77ebe7f44b832b021b0c0b9613775695581f237e281f15e84
memoria:4901e7bd38720934,メモリア,记忆结晶资料,No.260 舞い戻った少女,No.260 故地重游的少女,1,1,4901e7bd38720934bc4bfaa31c1270dc645299c5fb1a08d4e85295d98f05ab23,742d427d091414de784997d22efac917cc2ec2ff4c8675bbb7af0fcac0832d0f
memoria:43d75a1a84bd1d84,メモリア,记忆结晶资料,No.261 運命の結びつき,No.261 命运的联结,1,1,43d75a1a84bd1d84f86266029c7573324f68db7f1c12a7eb6d6acc71cdd3c84b,21ca20e1b15fade5c6b1c3ab2fac319c5dfab9b76e6613da008a7c16dfd37938
memoria:5a406f5cd9e08d7a,メモリア,记忆结晶资料,No.262 線を踏み越える,No.262 跨越界线,1,1,5a406f5cd9e08d7a5e417c617447fc04311af5b1c61fd3f7c82527b896be503f,c1fbe299e1683172cdd3713990237b9b6a2b4186f09a7a2bd348f7399e2db893
memoria:d473f0827abedd0f,メモリア,记忆结晶资料,No.263 なぎさの独立宣言！,No.263 なぎさの独立宣言！,1,1,d473f0827abedd0f8710de2024c5239effeb9b20ef8218e16bd0439545dfc72d,8d369c69c582cd4056209a7dc260567eabc522693830bc9080befca2816ec6ad
memoria:ebda252795019c0f,メモリア,记忆结晶资料,No.264 ふたりでふたつの夢を,No.264 由两人将两个梦想,1,1,ebda252795019c0f69107c217f4597f40ddb7c0b7919180c428ed6c6ee5630fc,65391c7263e71033ecb1b1ad73bcc2775e619dc4b521cde5b0e6b99e6a1d75b3
memoria:587951cf93ec4ec0,メモリア,记忆结晶资料,No.265 南凪自由学園名物・観鳥報,No.265 南凪自由学園名物・観鳥報,1,1,587951cf93ec4ec09d5c6fc8e7f869d03e8f19065feaab069727832e041b57b7,66f06d8c2c43bde1cc8510523a9a522056f6bf90bb2d5ccfb6e0918922b02275
memoria:88628bae5743fb24,メモリア,记忆结晶资料,No.266 ラブキュンなメイドさん,No.266 心爱的女仆,1,1,88628bae5743fb24fed32e282fd899ee212de93571967881954ff76f4f936275,acf7fd711f3a695b39a93e7de0ac6c86aaf3657e565225c4b801267bd8d2cc1a
memoria:38402b6654a4b219,メモリア,记忆结晶资料,No.267 スクープは逃さない,No.267 独家新闻不要错过,1,1,38402b6654a4b219cdfd42356929253f526a18e02ac7ceb7e65963369142f861,b563ad74131147cdc83280f5ab3c711bb50905c9749303e12ac34a1a27c4a823
memoria:3a0c98460bea80fd,メモリア,记忆结晶资料,No.268 それぞれが行く場所,No.268 各自前往之处,1,1,3a0c98460bea80fd24de663cfe86fa3c0a09297e1fdab9ba42abc5cc2cc437fe,bf2fb2c011845e9f79a71535a16edfceae0adfeb6300cc9318fd3c4f9cdee2b0
memoria:1406c2889a8f839b,メモリア,记忆结晶资料,No.269 繋がれる場所,No.269 链接彼此之处,1,1,1406c2889a8f839bd0fd590da19470f3ac005dc53353d77b2f61dd68e78ed2ef,7017eba001369b5f2ee1601b58f4fbb4bd03a0a8e29fc4e1cedfd3f829ea99cd
memoria:360f45eb5564738f,メモリア,记忆结晶资料,No.27 君のそばにいるよ！,No.27 君のそばにいるよ！,1,1,360f45eb5564738fc32042d9535574aca50b2bfbff7866b8b9818ed396a57cf7,c8d8c5eaf813ed51c9a6e0a42469e63be4b0d324b960f0b997289aedc66bb7ea
memoria:8f873fa11204e6ff,メモリア,记忆结晶资料,No.270 まいまいアットホーム,No.270 蜗牛 at Home,1,1,8f873fa11204e6ffa1e6d0a42223d29c734962402f3f5721639daa1a4209c756,21764136aa81a1f4c6bd2861dd2775fa575c896e2780fb0d4517d98a8e64065b
memoria:ae169d527d64956b,メモリア,记忆结晶资料,No.271 神に選ばれた委員長,No.271 被神选上的班长,1,1,ae169d527d64956bd7c1c2986abcb2f9e72ab05a312fd4419223ecbb942596b7,7bc42c4135a43a45a114597cf1ced83b051ec216c4c42ac2daeeb58a907514ae
memoria:f8394fb031ad21f3,メモリア,记忆结晶资料,No.272 いなくなったりはしませんよ,No.272 我可不会消失,1,1,f8394fb031ad21f3c7cd8960e4b2619eb142f8523435c9df193bb5fe83d5d840,ded845a1ec67d15a1fa74194399bb519f0539e9aa9bdd546f48292b3a277bd9f
memoria:8d17f0b055a43872,メモリア,记忆结晶资料,No.273 メルアド、登録しといたから,No.273 邮件地址已经存好了,1,1,8d17f0b055a43872ac4a3e82ea122789631b6d8c13f89aec15a5de6d1a9ed161,55fccbc626742bec7bf11c86ec975679409ae658863c4d23d6ee80326f777e46
memoria:810c3bb6094c33db,メモリア,记忆结晶资料,No.274 迷子は日常自販機,No.274 迷路是家常便贩,1,1,810c3bb6094c33db2d312645c802ada9e8d7cf01efc6e33ec985318e514a0973,b0049da48fbc9c04629b2cad1af18aec4e5125efc261bda2adace96d8ce056a6
memoria:7546734d5dc0bf12,メモリア,记忆结晶资料,No.275 公平すぎる味覚,No.275 过度公平的味觉,1,1,7546734d5dc0bf12b5fd00c5288df7f992d2a3d30e590b90676b683df03b1010,79d05c068ecd4642068f9c70722ccc91f597ba41506e4a1b86e99d95ad4d0b50
memoria:acc502eb638930ec,メモリア,记忆结晶资料,No.276 魔法少女VSシリーズ？第２弾,No.276 魔法少女VSシリーズ？第２弾,1,1,acc502eb638930ecc3fee1dfcb8f7bf846c340725b2792f99df852fc8c29b542,c894733b264361ca2226002f3e389993aee6b05d38c417e16d1d1424b266d08a
memoria:a505578ba7dc3347,メモリア,记忆结晶资料,No.277 クリスマス・ナイト・マジック,No.277 クリスマス・ナイト・マジック,1,1,a505578ba7dc33475972bcee274ac7fc2ad0348cacbb59d4264d7b62903400e6,2f2e99e6d2b01756e38a6af10eceb54474cf6f45389ae42c37a3ffa743aebc1d
memoria:6029fe4e4ed56eee,メモリア,记忆结晶资料,No.278 サンタお姉さんの思い出,No.278 圣诞老人姐姐的回忆,1,1,6029fe4e4ed56eeefadd7869478afae613b93f1ef879ea25492113032edf4943,2d11a833b1863e22f2010c45289b56e9ebdffd92ce5fa57d2a9d7a908a6fb0c3
memoria:e17daf1eefe4140c,メモリア,记忆结晶资料,No.279 至高のボディはアリナが守る,No.279 至高的Body就让阿莉娜来保护,1,1,e17daf1eefe4140cf7dab55e84b813b7e015dda34d49af29646edcea87b5b027,1189ac6c4585b2008b80613c7dc0be0293c5734d067f0116b36c91ceb0296a2f
memoria:358a5717d7b1050e,メモリア,记忆结晶资料,No.28 サイエンスドランカー,No.28 Science Drunkard,1,1,358a5717d7b1050edf10b4c986421422521680e7d023a754f0efafb6a8d70dbb,c698ffd9d948af017c6c8c83a36190556ed72874ad665e439301d7be286ed49a
memoria:af47002528edbc4b,メモリア,记忆结晶资料,No.280 噂の少女デス・カリブー,No.280 噂の少女デス・カリブー,1,1,af47002528edbc4b0d48a89c53dde972b085e1beb51fd4a72903b5ea7063abfc,89bac076ab47d29fb3a8b2d79a512492bb5ae91dbd070404c382da14850fb9aa
memoria:ae0aac37a35bda46,メモリア,记忆结晶资料,No.281 みたまのドリームおせち,No.281 御魂的梦想御节,1,1,ae0aac37a35bda4612a90e0193090a5901a1aeb208db13ca399588a3eb90251b,bf228567905cb3c32637fde89f93063378949d6ad2c97f9ecdd47ef487fdb226
memoria:cfcb28d6f5c0b04c,メモリア,记忆结晶资料,No.282 屋台パラダイス,No.282 路边摊天堂,1,1,cfcb28d6f5c0b04c1b608418d22e537fb24c9fad64e9e8b5ff0560630e40ecda,3264f23c93d3c416ce897df086c13427c2effc9b379660b5cbc6a9bfca2629d4
memoria:fa30ab76ac0f22f3,メモリア,记忆结晶资料,No.283 新年会の給仕係,No.283 新年会的侍者,1,1,fa30ab76ac0f22f3a9d0da7ff69566b293e9bb15fed5cdb70dba7b165ae079d2,a4e1812ff943fb9c48ea8e5a7839ce2cb55372eab082a98d1e553cd574df120a
memoria:067ac67348a94632,メモリア,记忆结晶资料,No.284 願いよ届け,No.284 求祈愿蒙垂听,1,1,067ac67348a94632846ae05242954dcb98803bb115503f1168437a0c24e6c0ee,894ccacd2aab833ab0fee90e6306dcca1f678eb0619a0fdd0a457e28361a5bd9
memoria:b0926813a928c8c5,メモリア,记忆结晶资料,No.285 オーバーリミッター,No.285 Over Limiter,1,1,b0926813a928c8c592e33eb1ea49daec20ad1a28c6ae2a0fc2cb173c7ccfc306,6eac3cac7a163a87ee5edf8d9f04c343f3a0f05a824a86bae46eadfaa90c2b51
memoria:ebac8cecd5187fc4,メモリア,记忆结晶资料,No.286 オーバーリミッター・コア,No.286 オーバーリミッター・コア,1,1,ebac8cecd5187fc44d97d85badb32cf27d1b2021a250042ad7286f8c034cc314,00447e8213981b7d7c19a1a8c5911b86364b91965c59607255ff5785dad8eb84
memoria:3215bd571ada93f9,メモリア,记忆结晶资料,No.287 壊れた世界で,No.287 在崩坏的世界里,1,1,3215bd571ada93f959e0a6acadc1df28c8bcf5c3a05db2e7af43f40f8eb3ce4f,30f36245301369a32f26a34f3d3874c48668f7820e9c778ad977d00e8797720b
memoria:7839e9a0ddb94c31,メモリア,记忆结晶资料,No.288 祈りの対価を,No.288 将祈祷的代价,1,1,7839e9a0ddb94c31400a14c9cfae706aca6c414d8668a119fba4a2befe512f5d,87f95919fc40472cfeec4b393802a4ade416a52acba5103cf7cf468d2cce618a
memoria:1d8de491db3605fe,メモリア,记忆结晶资料,No.289 ココロ、伝え合って,"No.289 心灵,互相传达",1,1,1d8de491db3605fe465916d43ef4323d36c4b7ee94c3e7ed5557cf136bce9e78,3887e8b561d7bfbb42d1b35e71c4acf75a5a16ad17fa33219f5fa9d0298303ac
memoria:e0ba2e55ec6a8cc8,メモリア,记忆结晶资料,No.29 放課後は大忙し！,No.29 放課後は大忙し！,1,1,e0ba2e55ec6a8cc8fa2092f584e968e85dc66718e05beed5744c20459d9128f0,d1d8494b375cbbc0eca3550134dbebef24bdee474a2db091f12435949982eff8
memoria:9f3823d63975b734,メモリア,记忆结晶资料,No.290 運命への抗戦,No.290 对命运的抗战,1,1,9f3823d63975b73427ba149c403e2baa15b442d53eef08f0949b7d90798198a7,267bc885b14d32e4b454cc5d5caca5cdc9004a6993971828b9189a13214aa5a4
memoria:b4ab3b44c0d58288,メモリア,记忆结晶资料,No.291 甘いおすそわけ,No.291 甜蜜分享,1,1,b4ab3b44c0d582885172e3fa661385384f7e4aab1babc2c7affc986403aa7ea1,0b3f7cb996165cfd02c2284e0667f3b7390242e213c5acc4f73ac39f86525634
memoria:6ddd5951a15139d9,メモリア,记忆结晶资料,No.292 ワンダフル・タイム,No.292 ワンダフル・タイム,1,1,6ddd5951a15139d9211bd659d316ce1df6fcf6ab91bee49edf608bbb64b84e0b,35b36cf5979b79290c4ab6984b3467ad2d61580c26fc9b8643cbd08351b17640
memoria:992397c5a28f4eab,メモリア,记忆结晶资料,No.293 初恋もまだのふたりに,No.293 献给未经初恋的二人,1,1,992397c5a28f4eab534c9a59de25d3045dbf1a778516881ea671f675a1e666b9,4a184c5c1f10ea3cf3034f2f99418e290e8c5fabb3b33181f7b5e159322cf533
memoria:2bcf3ea8939467ba,メモリア,记忆结晶资料,No.294 いつだってノリが大事！,No.294 いつだってノリが大事！,1,1,2bcf3ea8939467ba61ae3bf3caa1165320135712a2927dcae1e2b45c3441be70,96aa6bf412e69c19ff5f524b9d610624b2b3a8376f154ee7193e88dd3b312ce8
memoria:f1cea6f47db2bbdd,メモリア,记忆结晶资料,No.295 空気を吸って吐くように,No.295 如同呼吸空气,1,1,f1cea6f47db2bbddb7772b14bd8609704d5dc0369d1c9bd0a8bee898ba7eaedd,22f7f785a9fcf3574d21a7a46c8add55d10262f2300c2e82f3e2c079664898aa
memoria:b71b2f7772b44128,メモリア,记忆结晶资料,No.296 武器は加速装置,No.296 武器是加速装置,1,1,b71b2f7772b441283d56b7227baf9e8698564dbc4e79141229dc046b91901fb4,a74f818ec95fd7156afceeef41c43c4c5bc6a3fc9963a05d6c2e34128d3117df
memoria:4059b09acb4247ab,メモリア,记忆结晶资料,No.297 弱点は自転車,No.297 弱项是自行车,1,1,4059b09acb4247ab803e01776d65eaf37006aff4d70f2d7e162bc7aeea7024e4,e9ad7db3d0d15375ea0e072bc99d647d9ec1527bb189957e2d2acd50bf6633d2
memoria:2fe8b27c102b9158,メモリア,记忆结晶资料,No.298 エースはサウスポー,No.298 王牌是左撇子,1,1,2fe8b27c102b915882af441059ac9279ee1c30a5ac1c6ac7bed943e96adfebe4,70c0489e9282908690e00a8b3f616fc9ab39bda733526839e1c02d15d3144b0e
memoria:b2f211392295214a,メモリア,记忆结晶资料,No.299 自称500歳の吸血鬼,No.299 自称500岁的吸血鬼,1,1,b2f211392295214a9bdc15c8db33359a51440bcf5260223c9dad15e7fae2f0d7,dba4a474790234ff7cc2c2231e5a8869cba6c52cc9e3993e50b8b899613736ef
memoria:190faa0228d631d6,メモリア,记忆结晶资料,No.3 暗闇の魔女の手下,No.3 黑暗的魔女的手下,1,1,190faa0228d631d6da5aa57d5d00fe4ec80e02b9adb67f5f2eda61a5fc6c000c,15fa02feba7e67abab848d031ce6c429c055cb2ed6cb391484eacee9fbc081d6
memoria:6b0fd0bad81b2415,メモリア,记忆结晶资料,No.30 花と心,No.30 花与心,1,1,6b0fd0bad81b24159a16acaf1e38151f89ba435718d558d9995504316f6da146,b2e8842531be24efb6d4384ec6da54347edb9bbc677330ae75310885904d4f23
memoria:c85086e7c8002ebf,メモリア,记忆结晶资料,No.300 お菓子の宝石箱,No.300 点心的宝石箱,1,1,c85086e7c8002ebf0dbbe6e80a79a2d6053bbfaadf77b056d637c4509f709cda,abbe545ca67826c659e00ec2ce2c5702c390d7bf9092057c6b0d06b5343697c9
memoria:ab64ccf409f18aec,メモリア,记忆结晶资料,No.301 不穏な金髪幼女,No.301 不稳的金发幼女,1,1,ab64ccf409f18aec6f36cc305113c61089443e7f80b081b5d7e134cd1f2e38f5,7785663ff8c33004ebdfab7bad9081ef56204455181e32ef44d344f6526f2131
memoria:9fa6e85ae85dc010,メモリア,记忆结晶资料,No.302 あの日の悔い,No.302 那天的悔恨,1,1,9fa6e85ae85dc010f0fd0ac857b9b1c049612554ad380141163207f30dc3575d,abb8f4318a8a1c90f12e747bc24f50dec5f86431dbb447b5f5217f0718e6666c
memoria:a6aa3ee1f564925a,メモリア,记忆结晶资料,No.303 わたくしだけの自由,No.303 只属于我的自由,1,1,a6aa3ee1f564925a32a777d83f5c991fcf5cbee338899175014047570ea4c4dc,8973bbdc7797ec96c676fb134017944cc0a831ca2582e089c835bb0d6d8be243
memoria:d21637514a2acad7,メモリア,记忆结晶资料,No.304 休憩時間は何味？＜アリナ＞,No.304 休憩時間は何味？＜アリナ＞,1,1,d21637514a2acad7fa73e136906341b2107dae4cdbac1fd4a5762094e00b25ad,0cb46978c1e329848782ff569386127ee0358f7a04c6d8a93e5bc107a8aa9d9d
memoria:755b0debcec35a7e,メモリア,记忆结晶资料,No.305 休憩時間は何味？＜灯花＞,No.305 休憩時間は何味？＜灯花＞,1,1,755b0debcec35a7ef66a15e11be5d7dc54d7073f4894bd7003dde1b76c229b2b,0e645a685faf63b35d82976d9813a72d0d5b7a7bac7836747295ad42ae4ede4c
memoria:9f26b1f2cbda70d1,メモリア,记忆结晶资料,No.306 休憩時間は何味？＜ねむ＞,No.306 休憩時間は何味？＜ねむ＞,1,1,9f26b1f2cbda70d1c56fbab627de9316178985d88c68983b26c1f227168d104a,743ad080c115471ac7ecd9149215890e021c30026f24f888dd886cbe4d5c5928
memoria:c0aca672ed99caf0,メモリア,记忆结晶资料,No.307 届かないもの,No.307 无法企及之物,1,1,c0aca672ed99caf099537db248a10f67c4cd952da740193099d8075c4aa27bfe,b1aa41c61e216b8cb73196930ebb0acf82fa694d20df0a5a12d3c8eab31ff008
memoria:a70499e8bb5a5388,メモリア,记忆结晶资料,No.308 彼方への憧れ,No.308 憧憬着彼方,1,1,a70499e8bb5a538897a59622524793cac0dadeb1e53f9d77f42b1fc2c97ae6e5,5ec1efbd86984d931262b1871b48c088adb174c6e3a11df3716dba613426f033
memoria:812b40fcab07414b,メモリア,记忆结晶资料,No.309 時化た枯れ地に安寧を,No.309 为荒芜的不毛之地献上安宁,1,1,812b40fcab07414b79fd47b4d05ea2fa7f9883e38e3b123b646971681e79d4a8,966f41136b438124f75af8aff3a136c9e0f7f9ba4858ee5b2bd4b820374e41b8
memoria:7ce28ccd349da54c,メモリア,记忆结晶资料,No.31 あーしの靴でしょ！,No.31 あーしの靴でしょ！,1,1,7ce28ccd349da54c1fce5f04432e6a483d5e6f16160a9fd11ea665c5b8d076c7,0b18348e09e5fff0c8501c61c23efa882dfb90ef7064452c4c570d6f60ea4b62
memoria:44533be5cd584fce,メモリア,记忆结晶资料,No.310 Three geniuses,No.310 Three geniuses,1,1,44533be5cd584fce82e35155c284aedad77c9a583b618b0b43bda0ea96f977de,f15ae477277eeb8fa809fd99b458565f2e883c7c0ebd9b3cb2ad21fd98578324
memoria:5451bb32b67f02ce,メモリア,记忆结晶资料,No.311 物語が始まる一歩,No.311 故事开始的一步,1,1,5451bb32b67f02ce6e6dd461fb4054fa53fd08ef4a6153db42b28a38b5e946eb,4d48c5faad2b337935f062cdddd638383e4d446d006d015130c3277f7e41242a
memoria:902eb5d994f4380c,メモリア,记忆结晶资料,No.312 賑やかなお隣さん,No.312 热闹的邻居,1,1,902eb5d994f4380ce73e1a4a0f0a8fc41428b8e6b099db572a5015f56ce2da43,b8fa28b0ac0b210536e86ff3e77e77bcc0512729dadefcc8075068b8692608d0
memoria:9122e10976ba24e9,メモリア,记忆结晶资料,No.313 さわっちゃダメ,No.313 不准碰,1,1,9122e10976ba24e92662f5a40ef7b1a0898668d539671879908ecf4dad1bfd85,aa065545d24a689ae7c75c6ca94519fa2b6e1b3e3486511ada180a6873c73eec
memoria:1ba5ff9549542157,メモリア,记忆结晶资料,No.314 イメトレinサーバー,No.314 虚拟训练in服务器,1,1,1ba5ff9549542157493491b35fdacfeee40f9a2312f815840e8e06481a779df0,56463197edc45f0db10612c105eb0bad88dcc7655b39a053536811ce2d747acc
memoria:5f728e322eb7d451,メモリア,记忆结晶资料,No.315 なごみin公園,No.315 平静in公园,1,1,5f728e322eb7d45100db63693052db0df6c6fe70fda634f0e7c78dc171f56ecb,2ca1a2c6ea86a193fd0aab34d75418119743ffdc50513660fb3b7f7203f979b8
memoria:445dff3fa187e607,メモリア,记忆结晶资料,No.316 物語（ウワサ）も知っている,No.316 物語（ウワサ）も知っている,1,1,445dff3fa187e6079c887cd1c3c0c8a4b8ff234f6dff0fa8196c2ea314da884e,7baf384721e2154bba6a13896413b642c9264f15c23fa0a2a615142dc227fca0
memoria:8a9ec4f7de856deb,メモリア,记忆结晶资料,No.317 そこに目を移して,No.317 把目光移向那里,1,1,8a9ec4f7de856deb5287e42d55f15fa28a15f6eb682c6b8a1ae9d8a70e0a24cc,81c1d4113a3e4a5375c9af2a48c860fb9f6e22f4cdd5907b83709b2ef65b1d5a
memoria:70402bfc2f5d607c,メモリア,记忆结晶资料,No.318 お節介なタイミング,No.318 多管闲事的时机,1,1,70402bfc2f5d607ccfce37a555b837464f5eee8254cc084451e2116ac59e102e,5cbb60dc38f6fce5e63c08bfa2c75b23b706ceffea090cb2c50d8d36294298b1
memoria:75dd251a42a24ca9,メモリア,记忆结晶资料,No.319 大嫌いな人が好きな人,No.319 喜欢最讨厌的人的人,1,1,75dd251a42a24ca9f056eb90fc6ad3edb66ea55d3d1afbee2898135e233e7586,cc045670601e736992a51e5ea383a2d931e31f23a77e2306ae2d4efdea65307e
memoria:73660de4fbfeff84,メモリア,记忆结晶资料,No.32 彼の地は遙か遠く…,No.32 彼の地は遙か遠く…,1,1,73660de4fbfeff84273d742d5d35b0d0d0d019f9750770ba8781f64999c4702f,2c151432fd714a30001b3248f98b56d8ee2da36aae78cd5413cba859dd793a5a
memoria:bcd1ddb00ebb2603,メモリア,记忆结晶资料,No.320 自然から力をもらって,No.320 从自然中获得力量,1,1,bcd1ddb00ebb2603b68b355292fd304cc8c778f632b10f4ed3d5f8488f72bc4d,6fa21c075f52cebd1bf5ab16b64393166191cabb27fc725ba8a2e15ed0740385
memoria:e9338240a63f6b91,メモリア,记忆结晶资料,No.321 伸るか反るか,No.321 成败在此一举,1,1,e9338240a63f6b91a49e0064d6cbde6bb9e9317f91975959405b9c0f866b2757,9f93221e01c2dca50394116ce45210bc96f14e57e0cebfeb237274b16eea8e5d
memoria:17bf2b6d82da4501,メモリア,记忆结晶资料,No.322 ブロンド美少女の霊,No.322 金发美少女幽灵,1,1,17bf2b6d82da4501ea7ab40e42aed665ca8695ab8b20ceb9049b76bc440268d1,b5812066611487b6615db74bbbfe7932a8097f5f0f847aec5effabe33133d56b
memoria:baa107cef1aa7bab,メモリア,记忆结晶资料,No.323 突如届いた石×200,No.323 突如其来的魔法石×200,1,1,baa107cef1aa7bab795c38a5497c63a203689806f67cf07d630b3e3d1226f422,0585409ed92c1572fa11df74054d341e5e2d4d471977498ca1a0220124855943
memoria:d8e758efafdcc447,メモリア,记忆结晶资料,No.324 色とりどりの私たち,No.324 多彩的我们,1,1,d8e758efafdcc447a1beec1a8f60973bd6a0f8e20bd1dfe18f8e274e1c103ec7,96ed98678d9c3255c8b4a63918fed4d897bd704a85e650c8115766a5ebc77c9d
memoria:2c7a3410340bca23,メモリア,记忆结晶资料,No.325 変わらず賑やかなお隣さん,No.325 仍旧热闹的邻居,1,1,2c7a3410340bca230ccb16e8f37b4d36e576e40525163c23649a43ba409f0c6f,903c541dab2f842dc820fbeb6d6e414c8b70bb7f9c5e13d64597ba7bfcadc19f
memoria:b8c6e205f3a86098,メモリア,记忆结晶资料,No.326 進路希望調査表,No.326 進路希望調査表,1,1,b8c6e205f3a8609822c3c97a8e8006dac9baa54ca99b0bc0166912b9b0a96455,63de7a65a435375eabadd4f0b75abb1a985e879ed1e42c883de34026b5e11e6e
memoria:b65323a2a9ae3747,メモリア,记忆结晶资料,No.327 願いで満ちた世界だから,No.327 因为是充满愿望的世界,1,1,b65323a2a9ae3747d1153438782c286a3bda7f31920dfb3537eabf47b2750208,e05d769ce6dd23e0e155814cc741e493820a5f6a8b83c8a0d7f58979e3781917
memoria:1a393e16bc655f8b,メモリア,记忆结晶资料,No.328 どんなわたしになるのかな？,No.328 どんなわたしになるのかな？,1,1,1a393e16bc655f8bbb071810f31c4b0d282727e1253e580fce3d15b5843f4db7,2094b7dfda35df1cc7e9787c61ccc3650c1d6194d146cdf25c8aaf9fb488ab92
memoria:859909a288a8a6d2,メモリア,记忆结晶资料,No.329 あの子がまぶしすぎて,No.329 那孩子太过耀眼,1,1,859909a288a8a6d21c12b8e1024e543876ab72463bf3dc3af2eabc4eb19421e2,9bfabe69f415a7d257378471a993c698b7db546b0306d9c4524b2327b74cbb9b
memoria:3f26d905d9be273d,メモリア,记忆结晶资料,No.33 ラブリーあきらルーム,No.33 Lovely Akira Room,1,1,3f26d905d9be273d3f4907f5d9e38b7a6ef0c58966d3d27b68f365325194bfcf,1668be03bf395a11afe7bd423e442537002ddd6c589df5c849bf76428d353e06
memoria:5e47ceaef179cbd4,メモリア,记忆结晶资料,No.330 未来への決意を,No.330 将通往未来的决意,1,1,5e47ceaef179cbd473231a684794bd8dfabadd4509b01eabd390a609bb089cc7,65f5ec13c01295af9d03107370368daef7d919a5dde54b372093c527aacb33c6
memoria:9c80097cc286031e,メモリア,记忆结晶资料,No.331 たとえ道を間違えても,No.331 就算选错了道路,1,1,9c80097cc286031e7355d4d9b9a438c30f86b3065ef90fe38d88d1e562bf29ed,0f6035a1fe045abcb0cd51d6ac6039c705c1d01b44011b419c248457bb1c2748
memoria:20ea66c79abb46bf,メモリア,记忆结晶资料,No.332 漆黒のインク,No.332 漆黑的墨水,1,1,20ea66c79abb46bfd8b6283fdbc89bb970c8e3669864b48fee06da2f68c9b8ae,f7762c824b07c6c1c4b38c2215622aff01cb15cc92d60d34e66dc6c49b38dfe2
memoria:b2e18ec8982f2b35,メモリア,记忆结晶资料,No.333 背中を合わせて,No.333 重叠起背影,1,1,b2e18ec8982f2b35e830e5e597474e8030ae3384236145a32b4ac0f636611170,6e9a0ddecfbf69d3bf1cd1b963bd03cebf5c7e0fd237fe2f1b3202d2463c7332
memoria:59cf7be294cada23,メモリア,记忆结晶资料,No.334 待ち人,No.334 等待的人,1,1,59cf7be294cada23976f78b21a41077e16d5ca490ed1dbf48b8f667e32dce477,57657ff9f01ca6c007dedd8e0dca2f2ba95fd965ec9ccd962fb831d7626bd728
memoria:6ad71fc1257ce214,メモリア,记忆结晶资料,No.335 残照,No.335 残照,1,1,6ad71fc1257ce2147fe46d65bc08979edae721d73e6956fe03df2e2da1362275,3395ea489b62b91ba85f71b397278f3846c4b3479865867afb18fcc156896e4a
memoria:9c6851c361e739ec,メモリア,记忆结晶资料,No.336 紅い躑躅のもとで,No.336 在红杜鹃下,1,1,9c6851c361e739ec5dedc400d93680564e488295141d2065b50f329cac62663a,128d91c420c00d8bc599c70eca1c012c5e0d12dc8663873ef6d62a4bc86cb469
memoria:e0ee6246f823968d,メモリア,记忆结晶资料,No.337 白い椿のもとで,No.337 在白茶花下,1,1,e0ee6246f823968dd2bd3bf34003bba861ddb2fbe6e9ec64b91e8fa8a8ae8b3e,a88c2efba1c1cddbbfe5b3b6457dc628d0f73887f386d451a8f67034e575d32f
memoria:6c83e602b538c563,メモリア,记忆结晶资料,No.338 また明日も花咲く,No.338 明日又会花开,1,1,6c83e602b538c56363cc7aa30cb4e2e4d89fbde8054d5b32aa6dfa0430fe7c10,2678af22f0da9e0c5681eed7f0c36a8fef7984831102d4812957d808ced88911
memoria:c096db8df430cf97,メモリア,记忆结晶资料,No.339 こっちは任せて！,No.339 こっちは任せて！,1,1,c096db8df430cf97ff9adb612f19cfe5bf7eba6c29e102456d1cc8b1f09fccd1,48db35805a4d4059c614e4037f28d3f100136319a90d3f60392dbacf21e89d15
memoria:dc4885faa6b8f6be,メモリア,记忆结晶资料,No.34 未来の三ツ星シェフ,No.34 未来的三星主厨,1,1,dc4885faa6b8f6be55717ea5ec1de564e59e3a01c5fab62e20e48ea61597f028,0ec5b175e95661b45fe1b97e77b252872e3dc1e8751ad6b560beb2c1f45523df
memoria:675b9e99c9ff437e,メモリア,记忆结晶资料,No.340 大切なお友達からのメッセージ,No.340 来自重要的朋友的消息,1,1,675b9e99c9ff437ed9342be43363f94d6a3d0b5f780aa975a62684d7b98921bc,edc4875d0b58f21c5c571335843f28493c135b9c3af0aefe02d30142ff43c9f5
memoria:34162676f460d7eb,メモリア,记忆结晶资料,No.341 アイドルで魔法少女だから,No.341 是偶像也是魔法少女呢,1,1,34162676f460d7eb7e00461705bddf7886fdaf46bbb86dae7454e5223f3e0e16,11731cd3a5ae88cc7d6cc0e328f4afaf6b7a265e6ca7274afa703ace598c6c49
memoria:9d7b6dca632f2475,メモリア,记忆结晶资料,No.342 休日は美術館へ,No.342 休息日到美术馆,1,1,9d7b6dca632f2475056c6aae3d0a678e0fe614a50c1b41fae52c48a9ae47214c,dc8d80b8644f2a4afc76834f841d6ab0b16915825b58c8d61223a9a6ae4245c5
memoria:4c28e52192392821,メモリア,记忆结晶资料,No.343 皆さんに会える場所,No.343 能和大家见面的地方,1,1,4c28e521923928219a51d4761506455aec5758c91b3606a69fa30d93a554e68e,00feeb8679100bbda5b305f1f7d157f4fc431a77ab38809d17c881c4252fbce9
memoria:462456c642c0075a,メモリア,记忆结晶资料,No.344 スタンバイ・レディ,No.344 スタンバイ・レディ,1,1,462456c642c0075a86790ca1556599acc60e1b305be5ce5af2758ffb4a75a348,e8e0a8750c83dec1bb2ae6f56ce8c982998184356183feacbb5bb999676bcdb9
memoria:73889054b3448272,メモリア,记忆结晶资料,No.345 ふたつの魔力光,No.345 两束魔力光,1,1,73889054b34482727a9e17593e11f0fef6960e8ecf6105f8ed900eaffffd1b68,f2ffb11bc3b55943f615e09e7e8b6b6bae36ba83b21864c41d75391848dd2c67
memoria:2281a5b2d9856c38,メモリア,记忆结晶资料,No.346 たったひとつの宝物,No.346 唯一的宝物,1,1,2281a5b2d9856c38f25cb245687e5e62a75feb1bdc7b7955079b9d86d335735f,7008285c101624fb4640902ee1b50868b8a6692367837ad21cf5ee65cd5cc87d
memoria:1292ea6983da7c94,メモリア,记忆结晶资料,No.347 集え、星の輝き…,No.347 集え、星の輝き…,1,1,1292ea6983da7c94721fc2ac90b46ea6b327df1a2496224dccf0cebf7204eece,48bd7176038e135a3bb405d965ac44d527787d145e4d74f42704cf6566ddf577
memoria:f0106bb97f6ef019,メモリア,记忆结晶资料,No.348 わたしたちの魔法,No.348 我们的魔法,1,1,f0106bb97f6ef019879176b586c4692b655e68aa8be122271042521c61022ce5,eae2374384604bda4ede6f719ffed4a42ceec29cba1ec1b2040a2b3328152016
memoria:a9441b316c976711,メモリア,记忆结晶资料,No.349 響け終焉の笛,No.349 奏响吧 终结之笛,1,1,a9441b316c97671111e89830d1865055a82754fdca80c081b8c6612ed11f36a2,3f806c219a6f75aeed7b33258692a93262491affcce4803cb2b5b447deb217f8
memoria:5f41044dbbaee764,メモリア,记忆结晶资料,No.35 至福の世界,No.35 至福的世界,1,1,5f41044dbbaee764f1ad3981cbc7e92e249572e5b18e4a3d97567e7a66c8bae5,7e1e82b1e2dfa18eb43a6720dab450bf33b7503365d119988b12f656622b41ca
memoria:0cae2d14dc4bedfb,メモリア,记忆结晶资料,No.350 暗闇を照らす光,No.350 照亮黑暗的光,1,1,0cae2d14dc4bedfbd9a1ca8f0b4d375650b3a2092778f8867f18f151b641a9d3,a471d64f899922f70150d50d90ab2accfd35c4ca82a6c800f7dd7946236eaea2
memoria:6ec74848c1de0815,メモリア,记忆结晶资料,No.351 夜天の書の主,No.351 夜天之书之主,1,1,6ec74848c1de081561315755252476d415fbd5be639146753bccf85bb373a44d,2abdcd1d0f41aa17be54e37ec8394df57e0735c109c6f78ebb3dd9cebb4b8262
memoria:9f8cd0ec3c8f0040,メモリア,记忆结晶资料,No.352 雷光迅る,No.352 迅如雷光,1,1,9f8cd0ec3c8f0040c8bd3039804a5ec36396697eefc1dc2729c6602a5061bbe4,1972d76987f7024be5bd43364425c5a836463e61fc1f952279f10564badca3ab
memoria:8433917a6506db3b,メモリア,记忆结晶资料,No.353 祝福の風ふたたび,No.353 祝福之风再次,1,1,8433917a6506db3ba61f15b21df3d3c5fa4fa7541c43382a6dafa3d6c05dad3f,28ec8a7e4fbd2beef7fa80ea9ae0269081b6a9a03683817b307af6336fe38841
memoria:f2fe31b785a8ffb3,メモリア,记忆结晶资料,No.354 小さな弦月,No.354 小小的弦月,1,1,f2fe31b785a8ffb3d4147cf828eef726ba5652c2d9435edae4a87dbc6195f19e,f8ba13f1db230608725d563fd454733d78e67e621eefeb6d34fa4e210aaa7d11
memoria:e41874ca59fdaf96,メモリア,记忆结晶资料,No.355 夏へダイブ＜月夜・月咲＞,No.355 夏へダイブ＜月夜・月咲＞,1,1,e41874ca59fdaf96ca0b687fb4131cb489b1ad1857ecdcd175db32308730c1f6,6cb7d7074fd95fe3de5577db20425db51cbe43ed432aa43efdeb00ed87f30508
memoria:66d46a4f30aa2e92,メモリア,记忆结晶资料,No.356 夏へダイブ＜アリナ・みふゆ＞,No.356 夏へダイブ＜アリナ・みふゆ＞,1,1,66d46a4f30aa2e920793a4f0ba3d72250abfe5bbaeed9470c733fcee4e0ca915,dda6b7d4c2d6c3df6658136bfed1a695b5d55c4ee3bf2906a5a513aa028b0d28
memoria:45af54a588df07c8,メモリア,记忆结晶资料,No.357 夏へダイブ＜灯花・ねむ＞,No.357 夏へダイブ＜灯花・ねむ＞,1,1,45af54a588df07c84f7382a6fc028f93f1dd0d5298191aa8e4e4366bd83cb343,2c9aa5dfa58a0ad51a2cb59a7b95ce9c35df04759082adac84bade2f24d6aad8
memoria:fe28206cda7f0fcf,メモリア,记忆结晶资料,No.358 ひとりじゃないから,No.358 因为不是一个人,1,1,fe28206cda7f0fcfda4a8ad2d88ce5e2b0baed348bfd07c348742d6cf021cdd4,93584d23e4efd35e575ce2cc67ffbff01e49bd0d4bbeb856ead42dc53671cfad
memoria:3b226b863349cb51,メモリア,记忆结晶资料,No.359 宿命に導かれて,No.359 经由宿命的引导,1,1,3b226b863349cb518b0b3608fded4212937cb5df805175697fd7e5205ed5b8e4,9d965d8845d2aea3e7d7d85eba2ab32b4199f7caacec52fd7adfee8deea94eec
memoria:47efbe7e9c6b7e8f,メモリア,记忆结晶资料,No.36 心解ける枕,No.36 解心枕,1,1,47efbe7e9c6b7e8f3a9cce5526157a2860628114f3afc0107a22aaffec8b22f7,5ef6cdca8535510685914249beb6d125ffc7ddf1bc1ed5f3eed39fc0593d8cac
memoria:0d0ecaae5522ffda,メモリア,记忆结晶资料,No.360 気高き魂を宿す石,No.360 寄宿着崇高灵魂的石头,1,1,0d0ecaae5522ffda69d45daa75098ce841aaa75b1d9fcd8264d6ebefe713c65e,aa33c1ac67a9964e5169b6385287fd6049898d188a67df9927068711ba06f3be
memoria:0bf2ec0bfea633e3,メモリア,记忆结晶资料,No.361 形ある闇,No.361 有形的黑暗,1,1,0bf2ec0bfea633e38f087bdde02a35a4fa743f02a9ac2a9eea78684ea30c4b14,d797e0a9b1702a2a36ba5bd17319012809f41a6cdf35cc49373af1ef22be8aa0
memoria:55da9463d7428816,メモリア,记忆结晶资料,No.362 火竜吼える,No.362 火龙咆哮,1,1,55da9463d74288161c78d54fd53029dd94c5a629355cec6d399b501201551e50,0c2e68923898037d6b5bd906a44729459b144ecc1d865ad6c96ec44134388a42
memoria:8b1cba1379c7ebfb,メモリア,记忆结晶资料,No.363 姉妹水入らず,No.363 姐妹相依为命,1,1,8b1cba1379c7ebfb27f0a203229df83e3266c4e06524f0ccd245f90aefea6b55,180df5267ccc0de587e45af9381aa9a135b19913ea5bbb9a6772df477eaaff97
memoria:af25d6b612c72b58,メモリア,记忆结晶资料,No.364 不可思議メモリアル,No.364 不可思议的纪念,1,1,af25d6b612c72b58363aa70fd743e8c58ec86a0635f030854101d05669155d3d,849694b005fd7a3935e3f36e5ca1d91f494eb41b1562caf8741194cf5d4e0cf5
memoria:3510a92e48a3fa27,メモリア,记忆结晶资料,No.365 想いはひとつ,No.365 同心协力,1,1,3510a92e48a3fa27bbfffb5c1fbd69c9083cf0ccaba708b5840888f33bdbbf92,ab74cde70d10a3126866e76c1608d04f45fde6a5dc4dcd0681594b1ebfd3e343
memoria:6a1719572bba8381,メモリア,记忆结晶资料,No.366 ニコイチ,No.366 二合一,1,1,6a1719572bba8381dccaf76815469614b257938d7418c1e0d6a0eaa0074021b4,71d1126447bf4d1ec713d5f6bc56f74a71f263067cec22e025754acb43ff1d07
memoria:825c6b202a47d08d,メモリア,记忆结晶资料,No.367 ミコイチ？,No.367 ミコイチ？,1,1,825c6b202a47d08d0d53f3f13a813512821d27baee7c57e6685939af6bdfe04b,6784f5c7603750dd3b8e1aecc86c66279802520caf7540f2280afa609e117f9a
memoria:53d5d7c14db7af95,メモリア,记忆结晶资料,No.368 無人島のご馳走,No.368 无人岛的佳肴,1,1,53d5d7c14db7af95bf912125087927cf912e2c73e11bb6f383d51c8583df873d,b1a7a3dcf9259d79b3b3705331018a7c7d7b934f11d2c6b59c59f4dfd60e3d49
memoria:8ca21b7a74205423,メモリア,记忆结晶资料,No.369 いざ、宝探し！,No.369 いざ、宝探し！,1,1,8ca21b7a74205423f1966ffa042e8e4eaab3d061504a6d335ab07be9b45feed5,a9b4b3297898d1ac973699a267d7adee32976ac56da5c6e1d1346c4e2cb6a3de
memoria:3f24c00ad44be8ba,メモリア,记忆结晶资料,No.37 渾身の一発ギャグ,No.37 全力的一发噱头,1,1,3f24c00ad44be8ba9c1f5a9b1a88935dc4c3ae6d3daae0e85fad0ba9235bf8ab,efa8c19615fe512fc5eb3b6c8393352e387b8ff710ef65401357403b7dbdc50b
memoria:c176fc5e70ae3722,メモリア,记忆结晶资料,No.370 海の家の楽しみ,No.370 海之家的享乐,1,1,c176fc5e70ae372232dfbb72146734608f8eff92996374b79f86e1fa6fb5cbe7,e415f9fbbe0ab8d663eced2a5d38cebf63aae5849b35ef85d5e4ea60c215494c
memoria:e583a5350dd3d09e,メモリア,记忆结晶资料,No.371 今この時だけの宝物,No.371 只属于此时的宝物,1,1,e583a5350dd3d09ecece9967f75969649ed66f04fc537d5104100824bff20de9,49eff5cef5574c6ab41e843f875d53580e0f4755a19e0da7885450839f73573c
memoria:af2975e89b3a5936,メモリア,记忆结晶资料,No.372 海の中でも自由自在！,No.372 海の中でも自由自在！,1,1,af2975e89b3a593602238be83f2078392f286f6b07779814fd8dd42494de7333,8ccc27bf416c647e651edf45ef78365b332330b9e0bfa62a2585638d054534d9
memoria:723f0c0b6922396e,メモリア,记忆结晶资料,No.373 真相はすぐ傍にあります,No.373 真相就在身旁,1,1,723f0c0b6922396e17f1151c2867506acce1ddaef147db425ec018c338af2844,f4dfee2a63149a94e6f6a045d42182424b015c5b1c067363090684f64a8b27a5
memoria:687d632d41e39c7d,メモリア,记忆结晶资料,No.374 朝焼けに発つ,No.374 在朝霞中启程,1,1,687d632d41e39c7d35a9218723ede0c96d72e0bd295e637f72cb794cce7b47e7,6809c8a636bb9fdf021679dd5ac39139e9abddb6577d19430019a9ffab3e51bb
memoria:8317cd080d8a8322,メモリア,记忆结晶资料,No.375 巫の墓,No.375 巫之墓,1,1,8317cd080d8a8322a44b426316b6ea559a82b3c014cb26c201f26ff973a263b0,8cbda321d4fa24e2b56918ed7d5cc4ca7d304fd0d6e527308ae08c93debca1cc
memoria:3da2093a6b40e460,メモリア,记忆结晶资料,No.376 日の本の為に魂を,No.376 为了日出之国献上灵魂,1,1,3da2093a6b40e460b17cb1582ef0045f18187ca0ceb696ff6d3c8d03d6454160,bd35d8995c268a3be0c5293868b63e3c581b70decf16bb65cd7bb0fae40b0492
memoria:41e562629fa7f2c2,メモリア,记忆结晶资料,No.377 冷やせば落ちつくかな？,No.377 冷やせば落ちつくかな？,1,1,41e562629fa7f2c210469876d0af32e3ad3e100dd3d70ba169668f6fcfa89372,6348a8350558a6e0ef4b361466d647a29d3877c623a71e059df4d934950a7d4a
memoria:7c5054dbb4dc7a27,メモリア,记忆结晶资料,No.378 私たちだけのベストショット,No.378 只属于我们的最佳镜头,1,1,7c5054dbb4dc7a2704057e308ab7aabfbad24f86c8fbfe5e832e8ac0d1ee4f75,0bb5910cb03b2f2aa942f6ba4ad9f0c23b1b0fa97e1764b2d9071da631fd653c
memoria:d6241780a7d696b5,メモリア,记忆结晶资料,No.379 かつての羽、再び,"No.379 曾经的羽翼,再次",1,1,d6241780a7d696b5ee3ed4677c49b45742f98a5bb731e7a7cf684f4392cc0849,506b4530c24a45042211be813f3e3ec2212a26cd76327f6b91d62bc0118e6472
memoria:1fc3d90e4895499c,メモリア,记忆结晶资料,No.38 空虚だった世界,No.38 一度空虚的世界,1,1,1fc3d90e4895499c2921c21c9602ac94d92bf76f806bb3009681a8beb3dbd1e5,e29a8c1b008b90b53c78c2f7326ecaaaf51251630ed9de16791b04906dbddd5e
memoria:7b5aadf1132ce1e4,メモリア,记忆结晶资料,No.380 歓喜は刹那か永遠か…？,No.380 歓喜は刹那か永遠か…？,1,1,7b5aadf1132ce1e4440d4cbc3abb06659b70bd1032a5b6cdb69a8eb218da5093,5385dfc36a830535786de1b2e14bf43e478e7627409cc5a9bacf8146f6fdf763
memoria:f266db6dbdcd7645,メモリア,记忆结晶资料,No.381 一瞬の連携プレー,No.381 一瞬间的配合,1,1,f266db6dbdcd7645d3242f32d58c8562579c2fa8f904c8a02f2cdac81cfaab56,5c2ecfd46dc9cc6f655305704c79a28328540ad5b003c96aa6c79baab846f234
memoria:6a3509d12d7cce6f,メモリア,记忆结晶资料,No.382 ひと夏の勇気,No.382 一个夏天的勇气,1,1,6a3509d12d7cce6fa4e8a60d443473b832323f3def418fab203a640e7bd03b17,30395ef72068473eee6564e1dcc78c401a6e4f63b09d671ce42dc094635df63b
memoria:f7aba118dbedbba3,メモリア,记忆结晶资料,No.383 二人のいる夏,No.383 两人共度的夏天,1,1,f7aba118dbedbba369bfa36a401565f0c60342b70e1d50427627daf3154a44df,f8634e8571cdf943608287db53d5307cf35d1cd885ae40b9993f024fe59f1a56
memoria:c3f4f070719b7c10,メモリア,记忆结晶资料,No.384 青とピンク,No.384 蓝色与粉色,1,1,c3f4f070719b7c10146c9e8cddc337df807c89e770e9d1a181fe5d91ac68a423,89dee7633e8097ffac02a9c0a6977a5071300e490eb2efde5782d85ecd74f466
memoria:7275e3ba26961848,メモリア,记忆结晶资料,No.385 今は、このまま,"No.385 现在,这样就好",1,1,7275e3ba26961848a0c6bcb3aff95b0a34d0f3d6e82ee6d9813d6092ff44108e,9cd2eb6f2e79c5ec4c9f5a3efbde0f07ebfa479d7e1d37ba1f9d6b04f1c8c5e7
memoria:e05fe89cbc7a4928,メモリア,记忆结晶资料,No.386 未来あるトモヘ,No.386 致有前途的朋友,1,1,e05fe89cbc7a4928074523182b2fe3ea76c05c1bc451055c3e1475f0c985405e,ea8aa89e506bc5f424103685a88b76d70827beb99a532594bc5a91dd0bf65ae2
memoria:6415d16083375c02,メモリア,记忆结晶资料,No.387 小さなつわもの,No.387 小小的勇士,1,1,6415d16083375c021b2db83b820665b1ef704fcd308de37cc04939c6e4f37e54,9aa2957658b9507e22ccf4067a69c72545d8aa69591eb9bbbe21ff4f36c606f7
memoria:85378afa164f6975,メモリア,记忆结晶资料,No.388 君だけが真実,No.388 唯有你才是真实,1,1,85378afa164f69759556c270a82371bcfc68e3406c5196b94710be8e8bfcaf53,c8de047fcfbc0dc3ea4c097ea15c79b20572cc5ca8dcaa21c4235fb3b72c5ec5
memoria:fc36db11011c6a7a,メモリア,记忆结晶资料,No.389 みゃーこ先輩レーダー,No.389 嘟ー前辈雷达,1,1,fc36db11011c6a7aaf58e6c8a2ae1d6d986836d502bc72e486d7eb50a3dc24b6,1859289b5603f436c12076470990d33f4f1ae171a61a50f827238bd98bca6fe1
memoria:e1fbd882c324f557,メモリア,记忆结晶资料,No.39 ブーケに込められた想い,No.39 花束承载的念想,1,1,e1fbd882c324f5579a268270bec5de11dab730732fe45d818a8c504c0050647c,85994c75a404af28c4f61bf93a9fd4dd8582a0297cbf4db56c53657ed8b61191
memoria:c7a60d932bc14185,メモリア,记忆结晶资料,No.390 クローゼットのカジノセット,No.390 私房的赌场套装,1,1,c7a60d932bc1418587f7ad62ca0bb075fd517249ce990ebad4cf23da22a0fb91,069805d229ff06e73d445a4c143789d93fe3c9916b2a4023a27f1f5cc31a7fb0
memoria:d74b50d558039f4c,メモリア,记忆结晶资料,No.391 ピンチはチャンス,No.391 危即是机,1,1,d74b50d558039f4c7a9071421f17ef9dc842384f155c9360cc2c2670d0438935,8ccef21ed18807244b2c5599c0b327f83e7b1b1c271c2e5f696a53fdd330cca1
memoria:3f994f9becc840d8,メモリア,记忆结晶资料,No.392 乙女のひそかな嗜み,No.392 少女的秘密爱好,1,1,3f994f9becc840d8b2ffd0570ec7d5450b375dbf2191f592f20a6038e7ae2a4c,8e1484a1b9acfa675cd7ca870885053abe7ee2d7eb92bb0fd1605c79e4f5d777
memoria:f2110eb70610fa94,メモリア,记忆结晶资料,No.393 いつもと違うお月様,No.393 与往常不同的月亮,1,1,f2110eb70610fa9459edc9862b75d4e1ce6ba5a576e4b8ab895546ad7f6e008d,b55213a1a0c1675ca44e91dadc5cabb29e02f6a057fb5be9db64e64655097da8
memoria:5c8912650943915b,メモリア,记忆结晶资料,No.394 交流会へようこそ,No.394 欢迎来到交流会,1,1,5c8912650943915b7f0c5a1a97f53e4fbd7e1bced05ed0259f53ad5a01ccfa73,6c8df165b716dc447f9dd99cf7baedd3d3cb08b7729376ffe336c05389baa414
memoria:8b3222354a3b4773,メモリア,记忆结晶资料,No.395 カミハ☆マギカ,No.395 KAMIHA☆MAGICA,1,1,8b3222354a3b477388c5bb43ed80497951785d9acb4fa311a73560d4712ca036,4cbf5a88fe5c649cfdcaec614ef2e8ce756a243d9943053f55abd7c40e5a067e
memoria:93e88068eef17e7c,メモリア,记忆结晶资料,No.396 自堕落なひととき,No.396 自暴自弃的一刻,1,1,93e88068eef17e7c0f09f7719192eb88f6d883d603b8052e7bccd9c6c1f5378c,0dbafd361757aef5bf9b4a28e257b2ce8291196d14a386f89906904424527ef4
memoria:6070c97975f4d4d0,メモリア,记忆结晶资料,No.397 唯一無二の矛盾,No.397 独一无二的矛盾,1,1,6070c97975f4d4d07814a2e1e027cee825cbb9a1d66cf7966aac9fc53d325501,00ccec3b502c20e1044147bb1e4195cece39cefb154d25e08100abcf71c1494a
memoria:5814b04107bc2953,メモリア,记忆结晶资料,No.398 深紅の決断,No.398 深红的决断,1,1,5814b04107bc29531c3c84d2be70c7bf068aac4c3d77b6174276f1a1a07646ab,b20b4ceb8462db76657cf7f06937ca6209bd2d4c897aac2428ea3aed6f669096
memoria:ff068b2393670ee4,メモリア,记忆结晶资料,No.399 重なる謀略,No.399 重叠的谋略,1,1,ff068b2393670ee4d1b51cede9c3e3266a9ec16d22fcb0f07bab78af9bfadf6e,b57f618c49a639b9a03967794e6a255c2314fddc34974f3b69375f3472bf94d4
memoria:f0fc18084068e1bd,メモリア,记忆结晶资料,No.4 お菓子の魔女の手下,No.4 零食的魔女的手下,1,1,f0fc18084068e1bd13a3fea3607cd269f81f8a5296a9eef022031de7473695aa,9b609af087cdbb0aa15d11fbbed2a92656ab739ed59678bbd79f6b97692418c0
memoria:504e494a73b84f8e,メモリア,记忆结晶资料,No.40 これが恋の香り,No.40 这是恋爱的芳香,1,1,504e494a73b84f8eb92755b4fb321bda4dca038abe50569f7e4e4ee80fc7ec9a,8aeddfe34c4e4f8e53a7a0ae1b572038793711fe38c088f5789ce75e91f1313d
memoria:6aa37766d8a024e1,メモリア,记忆结晶资料,No.400 まっしろな未来,No.400 纯白的未来,1,1,6aa37766d8a024e12aac8faf40ad62a3c4306373916dd0f159d57af2f2e96c11,2d59164d4a8e09a32eec1bfc41a2435fc08e221a59b3b1de1cda83410c7e1843
memoria:7216e8963bd5da49,メモリア,记忆结晶资料,No.401 とびっきりの舞台,No.401 精彩绝伦的舞台,1,1,7216e8963bd5da49f9c0e6e8640007a5e5afb504fd839e7b6f43714e09d74533,b7b5f674f6f805d0f60812935cb4d1736950a643b358b3f4c711edd95dfedf5f
memoria:f941b98e75bab0f9,メモリア,记忆结晶资料,No.402 転がり始めていた運命,No.402 开始转动的命运,1,1,f941b98e75bab0f98181dcba93b68e155f9fa30d712ad199e9855826b951aa38,b405d74016c23d4ba850eb28138a9a55d03aa505b0471fea613cfd920a6a2d7e
memoria:a44ccb6736ef7c55,メモリア,记忆结晶资料,No.403 見せられなかった絵,No.403 没被展示的画,1,1,a44ccb6736ef7c55d78c9a1813b821674c6c75425018ed1011911655a0af42fa,8cee85b1f4bb11d0680da0e52150eece2831204fc9f42a3e5ce4febe9bee7283
memoria:7884a17a9b871649,メモリア,记忆结晶资料,No.404 受け継がれたお守り,No.404 继承下来的护身符,1,1,7884a17a9b87164941c47a263782552ae0138dc964bdfac1c78475338adacc44,2a3b6ff654a9e065f04c6575705135612c36b8222c2330509d11a575d82771ff
memoria:fea3096bc1aa017a,メモリア,记忆结晶资料,No.405 彼女たちの日常風景,No.405 她们的日常情景,1,1,fea3096bc1aa017a1c354cc86aa485192bf461fc335f0a59eab154a2ac526d26,2671d7f5e923bf1644ad3179401a3ee4017e30271afe2e64cbdb389fbad8cc8f
memoria:20abcf4317cc0e4d,メモリア,记忆结晶资料,No.406 私じゃダメだったみたい,No.406 就凭我好像不行,1,1,20abcf4317cc0e4d856a051627ef3821cac0a3d9acff22d9ffc7b7eaf3080bce,f2f389e36394c01646502f3f866805f25cebf84f7f8cbf8df9eb2c95651f1726
memoria:66c1e9346723d744,メモリア,记忆结晶资料,No.407 もう一度、手を取って,"No.407 再度,携手",1,1,66c1e9346723d7441829f55f7d23e487a38204e1e9d23fa3ed9b133d2ca73538,346b89bcb3d57f61cfa9c402253d451de60770396ce7f03ea307c8d180b95aa2
memoria:878dbde473768fd4,メモリア,记忆结晶资料,No.408 友達になった日,No.408 成为朋友的那一天,1,1,878dbde473768fd4e9a1ced7fac505088a10193e233c6daab390c021b51a8717,1e5daedb319db289613c7c631ef02cb237ef4ee22b16e30e42c8ca0aa48c07df
memoria:80eec26f0e962fdd,メモリア,记忆结晶资料,No.409 公民館でお手伝い,No.409 在公民馆帮忙,1,1,80eec26f0e962fddd801e291041f1ba454039b684a4c1746c1c68ea4b1fbf086,67ed777e50ea90bea31f4be800fb7393ffc20b8042e4ba9a1b0e67bc629f639d
memoria:9424174b08219204,メモリア,记忆结晶资料,No.41 苦い紅茶にはお砂糖を,No.41 往苦涩的红茶加入砂糖,1,1,9424174b08219204e1db98e827134802da307cf4fb4d4d6f320115ed2b87a394,b3e8903b4c9a6107d885d047307c3020d883c9995b6e4cbda8d940bdb11a2d00
memoria:4e2b63c5890324ad,メモリア,记忆结晶资料,No.410 時女の底力,No.410 时女的潜力,1,1,4e2b63c5890324ad7f37d0245bbc4b8178894cc6dd99482509dae4ca470e5bb2,7ced8372343b3cbf0c32262cbd2c483f37a67690b33284db432bb8cc9566b0cc
memoria:0b359cdf8fe1655c,メモリア,记忆结晶资料,No.411 都会の水が合わなくて,No.411 不适应都市,1,1,0b359cdf8fe1655cb2d64920688155e3354c3a2994778168739ce6ba6e32eff1,3c77566e6e0e9676fb63eac5ac50db449231030b5cf325988f5729d76553716f
memoria:53d9fbaac2ad7a1f,メモリア,记忆结晶资料,No.412 きっかけは寄り道から,No.412 起因是绕远路,1,1,53d9fbaac2ad7a1f87e25ac72f76e563784e2f4e3787e26e95e6d1e36dd482e3,ed7dba1a92feae3f07ce902e3ba3ba33a8c3504c0988800eb4543dd6790aee54
memoria:0fcb14489dcc8820,メモリア,记忆结晶资料,No.413 夢への,No.413 夢への,1,1,0fcb14489dcc8820675737a64e2b974fcebfe598e072bba7bd12baf10d76eb79,e6f15aecb3fe7e7316fcd7cb52eb837792034677711a1cafe0c554e85af1304b
memoria:3168718744555b35,メモリア,记忆结晶资料,No.414 いつものきまぐれ,No.414 一如既往的心血来潮,1,1,3168718744555b354780b7de0b5549343565b933e7cd7907650051bed27614f0,aa90fb47e5dcf3cb113ead4225d66ce9ec8e714f68be4828e9e89f05b35c0785
memoria:0a2a39c37dc66b4e,メモリア,记忆结晶资料,No.415 書庫は友だち,No.415 书库是朋友,1,1,0a2a39c37dc66b4eacf50caa45e6b1df60561c585aa0b7cbbb5110399d653f58,199a2fa44742654c0daf37674da634011151e2a2a889f342293fca6eefa232f4
memoria:9283f0740fe646a6,メモリア,记忆结晶资料,No.416 原点は怪獣映画,No.416 原点是怪兽电影,1,1,9283f0740fe646a6d4e42cb21c38b23d5f78825e00b7974128a079949dc0c4b5,be4265af95db321f28cd40dfae37911a66891b0274a8de39784ecc6648f1ed99
memoria:52de18477b480c43,メモリア,记忆结晶资料,No.417 予鈴で目を覚ます,No.417 响预备铃时醒来,1,1,52de18477b480c439341741e87a3b8d07b29eb451460fc34f6da1039afd9eb3a,ef3046621dc00da54aed019e4208865f242cb8a5da76e1755cccf34b80b03b50
memoria:7f6880c105066ea8,メモリア,记忆结晶资料,No.418 蒼い夜空と架空の夜会,No.418 深蓝的夜空和架空的晚会,1,1,7f6880c105066ea84488c99051b087592ab7748e9ea326bc40bdb26d3b9b8896,b818d8eeffd877c92cd75c47511c4bf1417d15033b4e6640baeb9c6c40856286
memoria:592cb20fd1bdd419,メモリア,记忆结晶资料,No.419 エンドロールは前途多難,No.419 落幕命途多舛,1,1,592cb20fd1bdd4193c9e1491c6e18be631b0f6d79607df6aea1991f548dcb2f6,848c5b2b707ff8d56ee33fac27e2017916fbf0658cd2953b253aae4b85054e9e
memoria:7b012823cbdc29e0,メモリア,记忆结晶资料,No.42 無限の喜びをきみに,No.42 予你以无限的喜悦,1,1,7b012823cbdc29e005d03ee75e4031416e0047a288da4b3fb3a1b3cf97ee2dd1,7230f10212c20205b8516d5b147d8003a2a471320285f9f4065d7257e4feed60
memoria:b1a66943de8459c1,メモリア,记忆结晶资料,No.420 デジタル逃避行,No.420 数字隐居,1,1,b1a66943de8459c1613795af99a3e23999962f1508abf3d5a6e9287c523425a2,1c2f367532238bcf226211e68919f6fd3a4abe08519117584c446055ee8fdb97
memoria:09f83f127fec05f6,メモリア,记忆结晶资料,No.421 フードの中の繋がり,No.421 风帽中的联系,1,1,09f83f127fec05f63bfedfc7d0eac211128ec766c6cb67478d8de3ce5f4eaab8,e9b7f0a01c09a44d97998afecc3f90f4fda433ab96ba90e8973c7d2212e8b85b
memoria:d23b895f3d273cd2,メモリア,记忆结晶资料,No.422 弱き者は挫かれて,No.422 弱者受挫,1,1,d23b895f3d273cd24dadc8af2d1b120b9a657bf7245c5b7ad3e669a6f791832a,2c15d24d6bd0a66485062ea4b75b3979309ba7fa1c24e0813d23a2cc4f4fc0e4
memoria:591835eba421e0de,メモリア,记忆结晶资料,No.423 胸に灯りを,No.423 在心中点亮灯火,1,1,591835eba421e0de29b7d6adf10ad48994eed299bcc899005ab045e53bc0b987,68a329cb70d2414854239c744407d3f01ce9ebaf0c1e57d5197b9fd66ae883b9
memoria:0de4e4e72d70fddc,メモリア,记忆结晶资料,No.424 瞬間を待ちわびて,No.424 翘首以待那一瞬间,1,1,0de4e4e72d70fddcb40bbcccb1e20c53e869a96a5b5c1f119072cc35e9364c7a,d2433b43ed4bca1e75ad3be0730c823a404a034afeaede846210b1ee51cbff28
memoria:04bf65db9d7feda4,メモリア,记忆结晶资料,No.425 今夜のゲストは…,No.425 今夜のゲストは…,1,1,04bf65db9d7feda411d3b83e7428cab966a7064e2decd7421a5aa49d4f68e74a,fd4700c3a35346054f68576639cdfc7ac1912018f4b6e53176e28f7cf0c44ac4
memoria:8024109facaba3a7,メモリア,记忆结晶资料,No.426 クリスマスに奇跡を,No.426 为圣诞带来奇迹,1,1,8024109facaba3a7dfb81728d7c356a1f06fdf1457ebca3146cd7b2ac2d7c828,e9e5c669e89ce8290c0e5a57bd4c5be04d3c9fbc5dd1a3a043044ed33eec4353
memoria:d02fc5d760089534,メモリア,记忆结晶资料,No.427 ホーリーガールズ結成！,No.427 ホーリーガールズ結成！,1,1,d02fc5d760089534c0fb5c875600c6f03c1c7b32fd623ed951a86c0df5175327,4ff5efc29016914323484dc35c19d6ec709a52d31af2cfa578e190a0671f2117
memoria:67f07284c8f67665,メモリア,记忆结晶资料,No.428 一餅・二獅子・三紅晴,No.428 一餅・二獅子・三紅晴,1,1,67f07284c8f676651db8bac649a73bcbbebb43b47001b2d4c8d8d1fd087713d0,f164d5971e7bc19c41fc8ec751186862063c248955e3efdde3288c62847e26be
memoria:6a0a47bbe705a763,メモリア,记忆结晶资料,No.429 特別の名残り,No.429 特别的留恋,1,1,6a0a47bbe705a76316d7315b19a01d20628a157ffec0833a794416f301e0ea52,d9402f5cd57732d302c1d804b289eb87ea5d1b529373ca3d34c9eac03b0d85dc
memoria:f77232b213b8925b,メモリア,记忆结晶资料,No.43 ぶっきらぼうな救世主,No.43 不懂温柔的救世主,1,1,f77232b213b8925b789b1ffecc23aee26ddd9c6e02885b0b068efb9d9843c20b,7c2238beeacd3f94a90bfd273ba24eaea0a519d07dca87489e597ecb2bacafd4
memoria:790ec42536df9f3f,メモリア,记忆结晶资料,No.430 色とりどりの賞賛,No.430 五颜六色的赞赏,1,1,790ec42536df9f3f3d23bddbce28fd7b121e9b35872a2ca360a6e778f0e8d0cb,9578c1aaf38644c79521dea2647795e876d6d3be17cde4b19356de1b7c7c4b86
memoria:2fb633b784ea3eca,メモリア,记忆结晶资料,No.431 想いよ止まれ！,No.431 想いよ止まれ！,1,1,2fb633b784ea3eca924a768ac18049bfb968f18552dcd34ed459e765080a166e,57e6a77e0c62dfb48a1fe40bc404c0afa4f8ed7c365454375e5c9167ace2042b
memoria:7f8c37ae37b3baf9,メモリア,记忆结晶资料,No.432 筆を走らす恋ごころ,No.432 运笔的恋心,1,1,7f8c37ae37b3baf98d9e2f8cd887ed86e01133ef8cb12c53ff8661fc451d5509,c98e211915b6889a8e69aa3541ce39e09ae1eb252bc91a0e981b24777ff4244d
memoria:02e8075ac8e84da0,メモリア,记忆结晶资料,No.433 新たな年の真ごころ,No.433 新年的真心,1,1,02e8075ac8e84da01607189bdfa69795b8f13b6f39e689302ae380deb817dbd4,e3bf116f80fdefe3f057aab4e0707ef77abe9ce082604046816dd33501700ad7
memoria:5226fbc73b305ad3,メモリア,记忆结晶资料,No.434 祝福をあなたに,No.434 为你祝福,1,1,5226fbc73b305ad368e2baeb0077455b3f98a905f6fcdadef256cdd49eccf940,e6e81da91c622bcb708737e097a80fbf4af2490ba1b1726427ac419390597e35
memoria:5455544a0703bb34,メモリア,记忆结晶资料,No.435 電脳安息空間,No.435 電脳安息空間,1,1,5455544a0703bb3459c6fda5f36e6b4d95c8e781a704f9636e9ed614b7d39891,3b50d96521de75338421300272e66562766aa3b803d1696bf26db802e773031d
memoria:632a471727d3cf2f,メモリア,记忆结晶资料,No.436 旅する調整屋,No.436 旅行的调整师,1,1,632a471727d3cf2f4a9ad41bab2537d6b5d59daed3ae9b9731aa25a65e39280a,5b4de5e83f1f502eb8da5a4fd08b88505ccd988d7c5751a3e6e01afb60c5cb85
memoria:21e51445d949102e,メモリア,记忆结晶资料,No.437 夢で悲しみは許される,No.437 梦中可以悲伤,1,1,21e51445d949102e01d7954709803c927c42570f4a5c30195bb8c000021133db,3f243d7fc2a5f82cfa03d1c775edfb1f27d79b9edb512ba94fea9f18d6929cf6
memoria:5122fe9b9fe63dad,メモリア,记忆结晶资料,No.438 ゴールはまだ遠く,No.438 终点还很远,1,1,5122fe9b9fe63dadfa37b711618ac28648952dd6378465949f7a7413fc8bd349,71b012cfc3948bc524d1de9aa3061ee4dac56c1316713e18bf9680cad14f695c
memoria:b0922abbb16b2d5d,メモリア,记忆结晶资料,No.439 貫くなら自分から,No.439 坚持从自己开始,1,1,b0922abbb16b2d5d61eb7a7aac7b9213df961a7a90ac278d2e02cbbaef7da1b1,948c8f8d9a2e1bea10e4103ce17def3a3dc7ffdcac7b0908c2108fe4408b8256
memoria:00ce20360b2befd6,メモリア,记忆结晶资料,No.44 絶望を希望に,No.44 将绝望化为希望,1,1,00ce20360b2befd687cc46324e57be71b1ee1be189eb2e3d8f2ec339b4f4dd08,01c89d7a0a4a6757dddb7bee50b51b7f1af885a798172a0817477060bcd95606
memoria:cffe4756d2266cd7,メモリア,记忆结晶资料,No.440 涼子とさくや：刹那の絶好,No.440 涼子とさくや：刹那の絶好,1,1,cffe4756d2266cd78efe45e571a18c1623538e6b0e0576c5ee08d9f23b04b3d6,7ca3ccb262279747699ca71bc18716b33cf3de8cc4bca1912999d4486ed9a7f3
memoria:da1e191ab89b0dd6,メモリア,记忆结晶资料,No.441 アオハルランナー,No.441 青春跑者,1,1,da1e191ab89b0dd69cf249eb4c522b7b4af7961f99a7a38c7057441684db1333,fa59886da2366b39d0de25ea291701663baca7e600ea91cee2fdb027fb75dd78
memoria:7a8d9c6d1a5bdf7b,メモリア,记忆结晶资料,No.442 南津と鈴鹿：切ない絶交,No.442 南津と鈴鹿：切ない絶交,1,1,7a8d9c6d1a5bdf7b30c697aeef0ed73f66cc67c9a1f014df1b201f3fef352d84,cac203703c44904ea35c3b19fef6151305449915f7c5e76f0e898f4546d9bcfd
memoria:b2658d60f7dfc0c3,メモリア,记忆结晶资料,No.443 空腹センサーON,No.443 空腹感应器ON,1,1,b2658d60f7dfc0c3621617ef934f0c7e8eae2c7530482285717dcf87578cf2f1,673c542316f3faac911b79b40329159895a9e3cdf21689a3ea6f3ed2a7396196
memoria:75a9fd70676a753a,メモリア,记忆结晶资料,No.444 美味しいチョコはいかが？,No.444 美味しいチョコはいかが？,1,1,75a9fd70676a753a6ba8d39937220cb7c086c30b9963e801f98520d4db9c2beb,9ca3539718f839d872d8082a52949fa1f02a79cb41e2422cf0ee5ef8cf88f3ef
memoria:f5e5a42f6a94e123,メモリア,记忆结晶资料,No.445 夕暮れに甘く溶け合って,No.445 在黄昏中甜蜜地融化,1,1,f5e5a42f6a94e12357aea923b51e2a7d1986e5ccbfeac6d5b471805850c3ed00,1b4299bf2d8fda4f4087c6d5d8ce0abc3a97be1d0358e694f9678d3f52535c93
memoria:1004d400da949e82,メモリア,记忆结晶资料,No.446 宇宙一のチョコレートケーキ,No.446 宇宙第一的巧克力蛋糕,1,1,1004d400da949e826de340a26a1ef6ae50f23bcb898d2e453707b2028845bcd5,9094f8c63f4996dc1295fb26651ce7dcca9af09523c2e6dd2314781f26ccb6b2
memoria:76feb60f585117ef,メモリア,记忆结晶资料,No.447 ちいさなショコラティエ,No.447 小小的巧克力匠人,1,1,76feb60f585117ef8d8a68a4b02a70ec44f8aa2674d73cd8306f1d93a2a1cd14,455e5da321c189d4e76005396526aaf98570930e24de3823830a34ebd501d979
memoria:5fa243dc7bc2ae10,メモリア,记忆结晶资料,No.448 念願のチョコデート！,No.448 念願のチョコデート！,1,1,5fa243dc7bc2ae1091c59a8d36e2ed39718f94fe00316ddb2c8873e89d248199,8fc107e2aff4d879d0c21560a684a77a5aee58410fb9a76dd46866487d0aa547
memoria:322004da0cc8ce17,メモリア,记忆结晶资料,No.449 お菓子の国のマミ,No.449 零食国度的麻美,1,1,322004da0cc8ce17fcee372b50feea2f54774383498580f5a80030091c1c4ac1,95b5046782f3001b3913f54ce10f8e1a3f37254c874eb7f76267fef2f5764568
memoria:60caef1f676e5387,メモリア,记忆结晶资料,No.45 終末の向こうへ,No.45 向着终末的彼岸,1,1,60caef1f676e538796e013a2bf3ef44de36b79fb28788cee210e188456ba44bc,cd97641d94bef3273891e4f0042820e6b6db1cd650468d3c9339af531fdf170d
memoria:9ae7f2bcfe852cea,メモリア,记忆结晶资料,No.450 チクチクチマチマ,No.450 一点一点缝针补线,1,1,9ae7f2bcfe852cea15d6626ba2884c94e0e1433523a3080b3573faf20ad2827c,08b4d5461db2c39cd278dc69491a47bb6a784648cee08526dfe3b7916cd4d8a0
memoria:21f25734a0fefc48,メモリア,记忆结晶资料,No.451 お手軽トラウマ,No.451 简单的创伤,1,1,21f25734a0fefc486e952565715475f8e118341228420bc606c520a260dbc020,7c08471fb76be8c934283aa2367d359bb48d32cc0792662cc7d97ba4b11ff089
memoria:c4d9c088ec8c0469,メモリア,记忆结晶资料,No.452 裏方独演会,No.452 裏方独演会,1,1,c4d9c088ec8c04692a2e665a5bcd12d7b4b731d76a847f2ba1d502f53f02fe80,f3c6ed2a46cbf9f9d0697c57c4ef1de7fed401f58256d023136396446a427b4a
memoria:b07e0f6c1c138a8b,メモリア,记忆结晶资料,No.453 ふわふわはらはら,No.453 漫不经心令人担心,1,1,b07e0f6c1c138a8b7d162cbefae003c4a3edfa7cb883865fa8162a23f9f5899f,0fe0adec85d4cb8e75293c75876d6d6b418e13c2680a90959168d847f81e1ce4
memoria:1dfcbf4238f21f14,メモリア,记忆结晶资料,No.454 ちょっとの成功,No.454 一点的成功,1,1,1dfcbf4238f21f14b2db7100d4a0006f994e6b4b4950943e74b8e2099111cfc4,4d890ca7d50f952ffb7ab34c90728bd9006a260b3b28c1c2742c877d403ea61b
memoria:cbc00134dd109833,メモリア,记忆结晶资料,No.455 魔法少女のその噂,No.455 魔法少女的那个传言,1,1,cbc00134dd1098333956149e5617e80797ef8b7a93a9c39ca4c0622052dab690,271d1555afadbb57a68b20316d01395d3adc22d7f04f058a3b2a7e3ad1c44e2c
memoria:ec3659af118450a8,メモリア,记忆结晶资料,No.456 ごまかし／うつろい,No.456 ごまかし／うつろい,1,1,ec3659af118450a808e1887e09331aec812c56269d01c0f1fb1c50a6f37adbcb,1fa891976aa0648fcd25dccce3bbf29f99d81c0cae2c92471ac116de85107fd9
memoria:7a617569462764b3,メモリア,记忆结晶资料,No.457 擦り切れた母子手帳,No.457 磨破的母子手册,1,1,7a617569462764b349b632f110175ada287e3e595a1918b18aee2d7a26e3f4d7,d888d604d4259722d9dff736d1c684aadc71428e722e715426cc246053b1fd8c
memoria:7f9752497597b390,メモリア,记忆结晶资料,No.458 道はまだ遠く！～放送部劇場～,No.458 道はまだ遠く！～放送部劇場～,1,1,7f9752497597b3909afb12e6fb6c1c5718f5a378967ed9cb3b515d4265d118d7,58173d76c39044957cff6b0e0a8fec7813973b8dba46cc5782b9fb5b37abcf7a
memoria:9e9e6aaf2241b60c,メモリア,记忆结晶资料,No.459 やさしいは作れる,No.459 温柔可以学习掌握,1,1,9e9e6aaf2241b60cb4064d0476cbad7951cbd6b401fafb3fd0164b0d46929774,a98606a008f234f270ee13265d356d8806f3c6465eb673191bf66dfd4681b017
memoria:5a0fb7d936fed458,メモリア,记忆结晶资料,No.46 きっと喜んでくれるよね,No.46 肯定会高兴的吧,1,1,5a0fb7d936fed4588a8d9df79f4f27d0fd70b3ef81a029c6cd32e6568c1d8940,ff9054c88632735ef9b3f19badf4f93234c0232e9d87ab0069e9350f5f0e8dd4
memoria:315b5f03fcf34aa1,メモリア,记忆结晶资料,No.460 めぐりめぐる水曜日,No.460 循环星期三,1,1,315b5f03fcf34aa1b767c694389908c7e44c5cf9d676538cd46c1d4e2dc13716,43e10584215458b2ae0a067d718a1c5bf72e59c857f4472e7bdfc7a24636be6d
memoria:a035bf66027f4cce,メモリア,记忆结晶资料,No.461 まもなく開催！ご注目あれ！,No.461 まもなく開催！ご注目あれ！,1,1,a035bf66027f4ccecb7a8e15eae02efafaa0f112543ec2b0c4060d20aaa23fb1,dc640df6afe97470f293cc39d34e6f13885b46d67ea01f55eebf3ffc1d1d6603
memoria:43cc4a633aff6dc0,メモリア,记忆结晶资料,No.462 紫苑の花を添えて,No.462 添上紫菀花,1,1,43cc4a633aff6dc0cbe98f24ca53a3288de34cc01080741652ca826050f88c4e,271f1c56b95032fbe7c7715496fd2737973a4df1409a167d416ad99b95fe1555
memoria:f63b7cd6ce0d7110,メモリア,记忆结晶资料,No.463 桜前線急上昇,No.463 桜前線急上昇,1,1,f63b7cd6ce0d7110cc14c50b68239a4d7c7a022637e51abdb953ddb3a7689c45,cd4f681824eef254e3136eb3aaafa84f2546994f12c363a0558cf40762730f29
memoria:3c9fb0a8b87ded4b,メモリア,记忆结晶资料,No.464 空に手向けて,No.464 向天空献上,1,1,3c9fb0a8b87ded4b3a72d48ecfe73df961bb742de47720c596493f675c3eabc3,da2fcb8b37b9a3af1b9ce857dbd135cf73a8fa29c5a29ba722c55ec8db17a06d
memoria:a8926c7bca411bbd,メモリア,记忆结晶资料,No.465 新作！桜スウィーツ!!,No.465 新作！桜スウィーツ!!,1,1,a8926c7bca411bbd51cdee128add88afe1894d49b806a6ad4914aab7d0cc1015,7f0ec003b07ddcd9bc84bb2e386b9e12bbea8e0ac9ec32cc2305fe27fbe11af0
memoria:28dd38fc706f3cd0,メモリア,记忆结晶资料,No.466 ウワサの時間,No.466 谣的时间,1,1,28dd38fc706f3cd0784e65596cd7f4ba2c0a7aff496d9e7a5afbe08c6f083ba7,70495e1eb2c7cc7d79134c090bd9b44e1ad97c7975b1be498c3fff81bf5b4fb4
memoria:6f1f560cb4b9a3c6,メモリア,记忆结晶资料,No.467 なんだか昔に戻れたみたい,No.467 感觉好像回到了从前一样,1,1,6f1f560cb4b9a3c61f338937e9ff8e35cc7102e1e56f16365a46df6a905690f9,10a61e421f44485cfd9538c8a2a23c356d06225a6cfde6fe93d2f83110d6e0b2
memoria:9711047eaeb3c170,メモリア,记忆结晶资料,No.468 会場を超える盛況,No.468 超越会场的盛况,1,1,9711047eaeb3c1707627e2f02c344a2490b878c69e3feb3c57db76f2affbee29,13930b08bcec896de818a015f11bcd4da2b13a302240a37ed8fd48b861e5ced6
memoria:e4f17399a242542a,メモリア,记忆结晶资料,No.469 光属性の者です,No.469 我是光属性的人,1,1,e4f17399a242542a3d36165765efcaf7da7cf483d51dc367ae7216b5d1b42715,0cf4a1197d97d5f5523ca6dbc7bc11a4c6322e54860b575c11fcb6deef1677e4
memoria:42081db9bcaa2d08,メモリア,记忆结晶资料,No.47 As a fashion model,No.47 As a fashion model,1,1,42081db9bcaa2d08c1299868145e101f95d5b516c387df1177da60982cff6637,9036fb4a2ff4c66d878009f3df4bef963ad4a6b68d3ec45d1d3937c9e328d9d9
memoria:05e553f0be129ac0,メモリア,记忆结晶资料,No.470 脈拍数は150↑,No.470 脉搏数为150↑,1,1,05e553f0be129ac00c380c5e9e57324d49ca5038763d83bd6fdfede2d37845a6,e90bb43d75c56c51643b2d659c750d6dc414d3ed0594c991d1adbf2c937d2251
memoria:d5e50871075fe4b9,メモリア,记忆结晶资料,No.471 人生を変えるゲーム,No.471 改变人生的游戏,1,1,d5e50871075fe4b94ffca928c6b8c9fec87695acd33e5e0048c48b9c5e2eef47,cd479e2bacab93894cebbe693fba8071fc06de997574211fea04a09c301ac067
memoria:7f2cb52e2ffb2079,メモリア,记忆结晶资料,No.472 メモと心はくっついて,No.472 便条和心贴在一起,1,1,7f2cb52e2ffb20798c357269901dd99752a0e0701d82b221383d0bce74f99c38,f4b42bddb6745900715faf0717ce5661cc6687466a45a74476b6f06f294260b8
memoria:466f849275b0ba37,メモリア,记忆结晶资料,No.473 見上げればアオ,No.473 抬头见青天,1,1,466f849275b0ba3707cbce69739afa3e489307f72759b914890416644747f8a7,2ed4be720b2f1ea5ab92b741f4e807b781ddf0d2693facb5bba27014b8358f5e
memoria:5cbc90fb01557c49,メモリア,记忆结晶资料,No.474 天使に囲まれた聖母,No.474 被天使环绕的圣母,1,1,5cbc90fb01557c49d5e87800a78b79e6ed3b59a0146d7edd5db5b21f47c72103,ac60d5054b31ebd57a2d08afd80cd6da5c2d16ac4c57253ab895a28749183e0c
memoria:9839d445ae9ed97e,メモリア,记忆结晶资料,No.475 黒山羊の外套,No.475 黑山羊的外套,1,1,9839d445ae9ed97e402bc82be5b48142beae7feaf97cb6ee256ca905a2335b32,f4b9276a59c92bd6aed94926e158517c88cfe2c32243d47ca507943f04f53050
memoria:f644d7cf2d7a557e,メモリア,记忆结晶资料,No.476 極軟の使い魔,No.476 极软的使魔,1,1,f644d7cf2d7a557e8bec86c72f66e2f5d7f41081d2febff58bc5795543b4fe8c,74f67a427ca2d8f3749b21090213c38090d42be0b04223e9548963f7a5a122da
memoria:07a47b2702ff1398,メモリア,记忆结晶资料,No.477 愛しき異界からの天啓,No.477 来自深爱的异界的天启,1,1,07a47b2702ff139858c76288c29c51c1d9da961e98f06aee8b800c500010c3d0,76b9a50d8a328c0c214d1f08023ef3be982dc39db7863072f37e7cf3d53bb1a9
memoria:bdcd21ab34fafdf0,メモリア,记忆结晶资料,No.478 破滅を呼ぶ魔性の眼光,No.478 招致破灭的魔性目光,1,1,bdcd21ab34fafdf0188e35ce2e2e6b84ff6f0523eb8b97621f88f874511a2351,0eefc4943e5e04efc2a248f11842f92558335d716e214c3f93690fac2f1667da
memoria:91282f3359a0fef0,メモリア,记忆结晶资料,No.479 サバイバルデートin無人島,No.479 生存约会in无人岛,1,1,91282f3359a0fef0cba9153fcfb79152053ff8a39848d4ab18b0085cbbf7a8e5,5b1287369c886cb1813adfe4c6f301e446fa85679bb3c999a3094cf0edcc9b86
memoria:642a7f82b0e6715c,メモリア,记忆结晶资料,No.48 バスケットボールでも最強！,No.48 バスケットボールでも最強！,1,1,642a7f82b0e6715c94ec4e86bc4c6a7926130a13a94b85f869220ae53c6dc0ec,08204bd56580078c6e28f7055760b159672083a51300f3e0aa1ec323681f190c
memoria:9cba2bc6e9fc0b3d,メモリア,记忆结晶资料,No.480 つむぎのマル秘グルメノート,No.480 纺的秘密美食笔记,1,1,9cba2bc6e9fc0b3d7b6dd981c181dc264164d5ed773e92ef45ee28985a72cdd0,eb6d1474078b4cbdce5fb21ef3adb969f8c0f56998d54b80e325684e946307d3
memoria:b6f84bd43caaf42a,メモリア,记忆结晶资料,No.481 人生で最も幸せな時間,No.481 人生最幸福的时光,1,1,b6f84bd43caaf42a036e3cd76be71e0e684b556382ef971e1b24f67de10db08e,5e4072c0dab187c11a9522584714e5a10e196bd4220b20c7d7a14b024670aa1c
memoria:ba6bb958d8cede05,メモリア,记忆结晶资料,No.482 きっとおいしい学園祭,No.482 一定很美味的学园祭,1,1,ba6bb958d8cede05dbfd18510778f01d02f83ff185bba5299889a82035f8605b,418bef637335cb4a5b082d992a3773aface13f3b4f8bf019298e2b1c3122118f
memoria:f3284d0f8e0628e0,メモリア,记忆结晶资料,No.483 思い出は写真の中に,No.483 思い出写真的中于,1,1,f3284d0f8e0628e05f8b1b2dd32a227c0cf309a601157b4d93684e78ebfdf336,f264c3976ad1c5a65e55ab35d7ff1878a5c5b32e98fa7501b52a459839cfcc7f
memoria:d3628bf69db9ec9a,メモリア,记忆结晶资料,No.484 隠し味探偵つむぎ（自称）,No.484 隠し味探偵つむぎ（自称）,1,1,d3628bf69db9ec9a826538dd78ec29cae39b965c35dcd7660a830c82cb911f54,a817b6ea771bf022cb6b1077e1b27cdfe0c821063fe5704a0b7365a95917d06d
memoria:2a67fa6926f3e424,メモリア,记忆结晶资料,No.485 心に勇気を宿して,No.485 心怀勇气,1,1,2a67fa6926f3e424bc8d76cdbd6392f6b07080c2794be637606575e789b32ea1,f2566c3cd8f943d1bd3d93cacff819a9aa587af46f1516d72784c68530e9cb93
memoria:7d9b30f13a55e847,メモリア,记忆结晶资料,No.486 全ては思いのままに,No.486 一切随心,1,1,7d9b30f13a55e847747671b55642da667d10a9c0c45030803156254283ba622b,c3a4ac0dae1f616fa771c9d65eed7d2ff6ba90501c8890cb1eedbb474086fbf1
memoria:41fbf70294465393,メモリア,记忆结晶资料,No.487 憂鬱は紅茶に溶かして,No.487 忧郁在红茶中溶解,1,1,41fbf702944653934a6e11376eafb7a4ed9a76d8a517a69a338cc3ce1ca780d2,80053a63aab07d444fd0f3b1570ed4bee84387d005e6419e4394f5fac8ee6e27
memoria:eed8b82c628557d0,メモリア,记忆结晶资料,No.488 別世界の住人,No.488 別世界的住人,1,1,eed8b82c628557d0b214b53651b1259e616a554569251c3fb6ac39275b5fd922,90e47b3bca93a0fa39ec9abc689616b670fe033a2c08b7d50291770a96937633
memoria:f5b4f081e03e0ccf,メモリア,记忆结晶资料,No.489 日曜朝の習慣,No.489 日曜朝的習慣,1,1,f5b4f081e03e0ccfa17a1428a4f1b90c571a7ea2140e49ea49aef3d17afde3ad,76d9d5626ef878fbc803544c1169d43910d1106581c4d5e5b45bd4705a144838
memoria:3d180d087bfb4635,メモリア,记忆结晶资料,No.49 待ってたわけじゃないから,No.49 才不是在等你呢,1,1,3d180d087bfb4635f576c61aa9b32dd52591fea6ae68c147f53d14638e7325a0,0bf3fe65161b80c46ea543c960ba7f4c4b2507e923374e0d335046cba6ea4cec
memoria:3e9782edefa506b6,メモリア,记忆结晶资料,No.490 あたしのもの！,No.490 あたしのもの！,1,1,3e9782edefa506b61d8da776b8b0c6e1526bf53c00a832beb5f83e095c2edd35,79290dcfd01bd9fe848526c56e933eacbcec4422f892e3d5e31c8432bda11155
memoria:3670f27e8f2c6cf5,メモリア,记忆结晶资料,No.491 導きの光明,No.491 指引的光明,1,1,3670f27e8f2c6cf574181793d9593faa31398107e689dcde617323300f7a659d,7d9d151cd7be64c59d7ac172621df26c876b062404dd549bd73537378368cbcb
memoria:252dc32dfef683f0,メモリア,记忆结晶资料,No.492 秘めやかなる憧憬,No.492 隐秘的憧憬,1,1,252dc32dfef683f01fbec15036661080888d94fe77c3fea783a66080056a5187,a5fca009131c0d30e66df2a851dca7340f71a85420dbb569f105dcf4deae8822
memoria:0434c369b45fadc1,メモリア,记忆结晶资料,No.493 なんだってしてやるよ,No.493 什么都愿意做,1,1,0434c369b45fadc1c5fe18ba3ccf5b417f0d0ba285ea7823ab5c8f7ad6233a63,fff9d05a94f5dfff084f69d36c449515b9b7fac42120f3a76274172378d02167
memoria:e8c4c4b01e2ae381,メモリア,记忆结晶资料,No.494 マスカレード,No.494 化装舞会,1,1,e8c4c4b01e2ae381fa5f7a5bf58fd4269e06e35c15b046c6ea76eb3e6be055d7,3029cfef725e39d8300def23c2d9fb96c52891bea2da60c2ea68054f29d837b2
memoria:acf3c34a771367ca,メモリア,记忆结晶资料,No.495 最後の祈り,No.495 最后的祈祷,1,1,acf3c34a771367ca24ae911a6d2783de2c8aae8d92e132860a3a05c861bac5d6,c405628ab9a9c8b253920130d9201d00d1b2823b8e14382fc7018364896a22ed
memoria:ef3413e1bb67aa49,メモリア,记忆结晶资料,No.496 伝説の“乙女”,No.496 伝説的“乙女”,1,1,ef3413e1bb67aa494ac90ec772a0192f1cbaa92363fd970b7260302c07b7b5d3,3c4787b6134b10aa58cbae45c7797e5cd749745ebca8efb9baee3515a60f8fd2
memoria:cdb18134a123b6ad,メモリア,记忆结晶资料,No.497 輝く旗槍に希望をこめて,No.497 向闪耀的旗枪倾注希望,1,1,cdb18134a123b6ad3b3114423bf6614b4bb8d1104bfaa754cc5b0d974be13317,2f4c00663118295156d71b2182e12286479681f04ad6f6196da891bedf4f711a
memoria:594e674c5e6bcb29,メモリア,记忆结晶资料,No.498 戦友たち,No.498 战友们,1,1,594e674c5e6bcb29e13f5d2987a00c3f2d56921cb30a3c11752a7fb8f5645d73,b7548872ed428a77509cdd745ae5e1ca8132f314aeefe4bc5a6823ffac1c588a
memoria:dd13b1771e7eb7d6,メモリア,记忆结晶资料,No.499 手に手を添えて,No.499 手搭着手,1,1,dd13b1771e7eb7d600161f329492d90a53b6dedea6432d1a58b5a7989715fcf5,13e61192950bbf9f9acf56bbb4ea4f38e035d0b2eda7b3ff022db96ba5d7e82c
memoria:7a565d43cc4184ad,メモリア,记忆结晶资料,No.5 ハコの魔女の手下,No.5 箱之魔女的手下,1,1,7a565d43cc4184ad05938e924d05eaad91118be4ede9d536fa171639cdbe52a3,5cf23a098335268a1ea2e260d75ac1b97ff456d4eaa8e2216c1a977005d3bb63
memoria:653c52439caa0d7f,メモリア,记忆结晶资料,No.50 PPPH！コールは完璧！,No.50 PPPH！コールは完璧！,1,1,653c52439caa0d7fe4e776af00e89a9c0461e6bcef41394f4c11487f22f273b9,ac978642ae089838d3845f04e3a7570e7b149b38fec8c5040dc9dd5d5c3efa84
memoria:52708d016725f592,メモリア,记忆结晶资料,No.500 景色は罪色,No.500 景色罪色,1,1,52708d016725f59268989c6be5f11adfee1cb4828432dfb55fe1902cfecac551,3a2fd8f623bcfe1e082d8058ece50cb841ae3b14134db0ffabc82c8156ff3496
memoria:7b0d9b2eae9a9a8d,メモリア,记忆结晶资料,No.501 自然体への信頼,No.501 自然体向的信頼,1,1,7b0d9b2eae9a9a8dc019635fd4100554b80f32a30f034e39ef79ad8c7ed353fa,47156ade9d1c88cb2f2190a77575a20823109e7b586b8ed6e0f15a1bc20cf285
memoria:720a9cb024e9dad2,メモリア,记忆结晶资料,No.502 休憩はおいしく,No.502 美味休憩,1,1,720a9cb024e9dad2bb2af252400ebc55d994b7313aa1f01b3cc9e974e83f8041,d8b94a40b5af8b5024437358963cee713b3792f3ebc2c8a43ae48b1878a456a4
memoria:504fa0bee614d3d9,メモリア,记忆结晶资料,No.503 絶景にのぼせて,No.503 泡晕于绝景中,1,1,504fa0bee614d3d98450ed6fd2b910d37640ade6bbdc6211f9bfd74a3f88ff98,6f4c2f5e1e4bf26fe2d921e121066206a17367f163d5fcff125e2bb4b3a8dcd9
memoria:94d4e567806072af,メモリア,记忆结晶资料,No.504 ここだけの優しい気持ち,No.504 这里才有的温情,1,1,94d4e567806072afe3f8d00ddaf7b8d1bcd1eed13a5cf6a409edca2f37438c42,8bc8bc1fa8ae77145b90ef64f846f6b399ccbf4cc22b358905f57e94a3439bbe
memoria:f05c91e7fbb6d19b,メモリア,记忆结晶资料,No.505 夏に咲く花,No.505 夏天绽放的花,1,1,f05c91e7fbb6d19be790c4ae672cb478d4644e58092d6d44e7ea2e3303c4b60c,51ed89853bb105b67e665ecc79a3909590f4284627d0ac67be17802a6a8b1bf2
memoria:dbad74fe9b84dc34,メモリア,记忆结晶资料,No.506 ほら、笑って,"No.506 来,笑一个",1,1,dbad74fe9b84dc34df1f468997cdc4d8a8b0ee0e7241165e4ac43507b76bcab3,213df196edaf0ae5e1ca51b6ccc3d76db194497c292300ba1834196f8c5e5f7b
memoria:a6ed706ac27e695c,メモリア,记忆结晶资料,No.507 ３人のサマーバケーション,No.507 ３人のサマーバケーション,1,1,a6ed706ac27e695c31c139faeff15a1374af19b949d045fc02156714c8051309,aafe2d999f020842efa4fea2b85c16df3c3680a844f8197fc48345b4f8937540
memoria:4ee9e363be97cf84,メモリア,记忆结晶资料,No.508 渚のフレンドシップ,No.508 海滩上的友谊,1,1,4ee9e363be97cf84deb19eb2625606c52db42cb391d8e3199b2772fc05beddbe,5d9d2cce4da0d43e04a6cc5efa5810ec9f7d2d6fb45475ee96b1c0d4135d80ec
memoria:0fef004e56b0d3e7,メモリア,记忆结晶资料,No.509 ベストスプラッシュシーン,No.509 最佳飞溅场景,1,1,0fef004e56b0d3e7b11118cd28adc2727dd4eda6ed6aca49b91ecefa3d0dd5bc,ed3fab6e9dacd54601d05b50fa7e03efc6fd52beed8d3ab1031066a293ac2b29
memoria:ac0c0ccac595afb8,メモリア,记忆结晶资料,No.51 白い翼に囲まれて,No.51 环绕于纯白的羽翼,1,1,ac0c0ccac595afb8d389099d2540de32c8306070dec22cd8e26706ad14070367,7e8b04feca9c1504d724b6dc65b7d103db8970f5c6bb5beba1745b6d10484c72
memoria:be4b6b3b8f8743ed,メモリア,记忆结晶资料,No.510 いつもと違う花火,No.510 非比寻常的烟火,1,1,be4b6b3b8f8743ed27ab33b3e0b3a8130c4d5bf1f095ad66587af7b00c1f7410,1181964e556d90c08c8777f8ee5789a64d334161203a190fe2b143cf7e8f1ff1
memoria:69f0c6df438fed34,メモリア,记忆结晶资料,No.511 ミラクルヒロインズ,No.511 Miracle Heroines,1,1,69f0c6df438fed34c6378d2dca59bfbac635cf140a7557e893e62934bbfcd56d,ae9e83436415ced4e077e7e19af578090706396b035b1eba6db3be8f24e3d365
memoria:2ea5c84f030a9305,メモリア,记忆结晶资料,No.512 絶対無敵サマータイム,No.512 绝对无敌Summer Time,1,1,2ea5c84f030a93054b579d09237a6e5143c26adced0dba8a62c39a7af54f332b,3322ec30e71fe1b9b7dcf613f71e2d1873a43e985c914db268d17d3257f09678
memoria:beffb1bac72ff8c1,メモリア,记忆结晶资料,No.513 真夏の夜の魔法,No.513 真夏日的夜的魔法,1,1,beffb1bac72ff8c1ad9e70e62b0af219698ea4a2d8a4de116ac02507076c9757,c1c81a952469a32a3bceae4a27c0681d6b37ffd696f0def12a8b3be49da4b003
memoria:3c1caf0096a3f18b,メモリア,记忆结晶资料,No.514 私しかいない世界,No.514 只有我的世界,1,1,3c1caf0096a3f18b0dccddcf565e573342859c64c00bf1419c014d704b401721,e493313a598c306aeeeabafa80bf73714d8ca37c900584540dc172f8ecc79508
memoria:c6cfa8622cfc375c,メモリア,记忆结晶资料,No.515 秘密の玉手箱,No.515 秘密的玉手箱,1,1,c6cfa8622cfc375cd71e08c9f42458e5486d60da928e5ffb90641f5fc25ebef9,8b214fec51881ce1174f6fef244b80adb3fe768265568a1aad3f0e1dea0e81e5
memoria:2a1a99a2c213c8b1,メモリア,记忆结晶资料,No.516 アレもコレもと欲張りたい,No.516 这个和那个我都想要,1,1,2a1a99a2c213c8b1dd5fb5dc2798aabd344ae834d2c5a568fc7a16fbfadeff70,4943e654c4814523467692cc174c8a64437c1a9c934161e98fb95ddadb7368ce
memoria:5507a0172bd9406a,メモリア,记忆结晶资料,No.517 一生忘れられない怖い話,No.517 一生难忘的恐怖故事,1,1,5507a0172bd9406ae60d4d8155719051ec5de886eb8b1b5557095380b678722b,a4724e451912849c9078a9fd15c2d0f5e633971ddd9bbbe241b6d69dd734dc3a
memoria:b9cec1f2aab6db13,メモリア,记忆结晶资料,No.518 桜舞うアクアリウム,No.518 樱花飞舞的水族馆,1,1,b9cec1f2aab6db1369277e88635fa923130e335abc826a44948c19a714bb7cdf,c8d3c7188740ae4a001c913dace3657cb549777908be509e5521e27bdabc64ba
memoria:7ee3016e60fec784,メモリア,记忆结晶资料,No.519 いつか思い出とするために,No.519 为了将来能够回忆,1,1,7ee3016e60fec784375fde4374daac8c01f4dcf9e598aac78bed72aa7ba3dbf2,8f3e802bbd983c516807be57b7e104883e1d60cb97865ab39e5da0f4bebec7fc
memoria:9308f3613d63b275,メモリア,记忆结晶资料,No.52 静淑なる朝稽古,No.52 静淑的晨练,1,1,9308f3613d63b275d5cb71c99792c573e6377c3a65e3b44af4e079a0d5c81751,7f7a91c1913087b2f8dc03536bf9307c086315e621f7edc635e95c0c51624ada
memoria:be7580a4fbe4c7f2,メモリア,记忆结晶资料,No.520 いちばんちっちゃな家族の証,No.520 最小家人的证明,1,1,be7580a4fbe4c7f27820c333f32c734ed27ca393ab86e11dffe2dabaf39d6ce1,069dce9b45adcb7c512841ed4788cb7d339b2ab0320f3d180b145f8a5ef8400d
memoria:acac9a7030d1fad5,メモリア,记忆结晶资料,No.521 いつもの特等席,No.521 习以为常的特等席,1,1,acac9a7030d1fad557734ea5ea9dfd460dc66093ecac9a187bc83bc5f211c165,d694439943741e02741ab31ae5764f5b998c13f4816e866ac97a46808b9ee061
memoria:53703c6bd16a12ca,メモリア,记忆结晶资料,No.522 きみの眼を見れば,No.522 只要看你的眼神,1,1,53703c6bd16a12cafbd9cf1dfb071f870757db450057cf5d964d3ff8266b4043,8db24641f738a5627741440bef29efa8c8e25e633b389d78b4ebd614e3f09d6d
memoria:94d22c4b455f1879,メモリア,记忆结晶资料,No.523 戦う少女に御利益を,No.523 为战斗的少女保佑,1,1,94d22c4b455f1879b68981f91084fe65ca7a5ec290b0dc6729cde5ed549acabc,1e8ea93dac177a8f706e7c37874ac00d7de0cc1892bb49671f64613ea8c2ca6c
memoria:d52d3293773c1c8a,メモリア,记忆结晶资料,No.524 がんばれ小さな救世主,No.524 加油小小救世主,1,1,d52d3293773c1c8a84769492be09d8d418a45a5613ae86730bfb99a9853ee687,bc59e203e38345cbe4c12bff539d0c5b14e91727645521a45ba7aea488d8923c
memoria:87b8eb5a2f815a81,メモリア,记忆结晶资料,No.525 今日という一生の思い出,No.525 名为今天的生涯回忆,1,1,87b8eb5a2f815a81a4c8c5888a0d376425d16ab456c2018de76d23f64614ff22,7501e451244ee3b7664692e1da71aa1d36b46a57010fd081541ea700e6ca4669
memoria:519c949b6719820f,メモリア,记忆结晶资料,No.526 ふたりでいれば、大丈夫です,"No.526 我们两人一心,就没有问题",1,1,519c949b6719820fcd7062c19c6af00b97d4580982a26f4150707b3675a18e83,31d91e91565691222cd743e363f08d6b718cb4420269fc623abc8b9e3478b684
memoria:3aa10d7ebbd68ca5,メモリア,记忆结晶资料,No.527 旅立ちの衣装,No.527 启程的服装,1,1,3aa10d7ebbd68ca598b2d10c06483cf3a0933e84add0a8783dd0b9d96e8b04c9,3c68641e39720761e947039ff8dcbcf336d703bcb69fadfb3359580a26236388
memoria:07af9ff72daf2e37,メモリア,记忆结晶资料,No.528 日常にあふれる誇り,No.528 充满日常的荣耀,1,1,07af9ff72daf2e377edfb823cc98f79a5516a5c1036aa08ac33e54fca4e14de7,0f3c2d4605b184752b426dda4ce9d2c2564b35c502c919ce71a1ee3e98b9b07c
memoria:44209434704398f0,メモリア,记忆结晶资料,No.529 改めて決意を,No.529 重温决意,1,1,44209434704398f0162ebd442e43f41abcbcd72932702ece3b005a87cd1a3128,c540556a4b5704c31900494079e5c82a8d79dea9b4bb1c2466929cf2a873305f
memoria:8d5e4681eff2daa8,メモリア,记忆结晶资料,No.53 初対面コンビネーション！,No.53 初対面コンビネーション！,1,1,8d5e4681eff2daa81f361b48098880690a0519f49b14b174113be5e4178df104,8770f67ce2610548cc6b4b33dece5c28e605eb6268deb31d68e96aa52a1ddff6
memoria:5054fb6cd298f750,メモリア,记忆结晶资料,No.530 いつも頑張るあなたに,No.530 给一直努力的你,1,1,5054fb6cd298f75024e34a85c50c95ca7cd8b2946ecd0ec612f8658294fd1b2d,17f937b2889f3a8cda69545c6cf294655921c74b3a2628625dc00444bf1b2d68
memoria:4cb923e0f5b00815,メモリア,记忆结晶资料,No.531 ジャンキーガールの道連れ,No.531 Junky Girl的同伴,1,1,4cb923e0f5b00815215f2ced327b93a794c62bca7fb89e524485efa328541681,59ea9c763f60b3dbf5649095128381d87db8f58313fe4a5547e67a98bcdf0c6e
memoria:d82508e105f3a06b,メモリア,记忆结晶资料,No.532 無敵の駄菓子大将,No.532 無敵的駄菓子大将,1,1,d82508e105f3a06b415894513429feb55de26b7637c892170b517db471c5019f,a2d7257f28d3025aa34a3b0fee57312936a521b023f935a8987941a911784039
memoria:565e87d2616a4463,メモリア,记忆结晶资料,No.533 お近づきのしるし,No.533 亲近的标志,1,1,565e87d2616a4463281a2e450312ff5aa608a8439b135c57076cbc19627884df,936387621c8a672921a9757aba8cb5b3001cf4b907cf49375d7feb173a2cf5c7
memoria:edec5856b5343237,メモリア,记忆结晶资料,No.534 また、あした屋で,No.534 回头在明日屋见,1,1,edec5856b5343237fc66c25456172d836bd00a0a3a912407dcb55c1635fbe729,3e499c2b6c698c007c4af73b7a1e597aa320d6d6014a75af9298388d57b12338
memoria:027f8236c35f7760,メモリア,记忆结晶资料,No.535 ザ・グレート・エスケープ,No.535 ザ・グレート・エスケープ,1,1,027f8236c35f7760d23f707f46b7d1acd9fe3cfe28c01392bd8d5bc827f3b67e,cedf26f30172b7956f3d6c1361e464ed0e5655a80418982798c10b9be85fe1db
memoria:10aa82ebdfc64004,メモリア,记忆结晶资料,No.536 放課後の待ち合わせ,No.536 放学后的特别碰头,1,1,10aa82ebdfc64004d7d07b50ab58007e1f9eb6e1eedcce0b8839b7b0ae3e9c32,2256a685d81a4aa4c418f3481e89f3f8bc65c7e02d13621821b304fd8a6e8976
memoria:7491cd40d240177e,メモリア,记忆结晶资料,No.537 知り合い以上、友だち未満,"No.537 相识以上,朋友未满",1,1,7491cd40d240177e34a46fac5d96af8c99b845c44352dee891951b3e40a6df84,ffe194804efb0b5952ae2156ec857720604523450019f093e9a1ffeb19a71464
memoria:0c5ba017da30891d,メモリア,记忆结晶资料,No.538 ナイショの特訓,No.538 秘密的特训,1,1,0c5ba017da30891dc3cfa5bfa5a44f8feac654b3bd8312ffc032c822f09fce88,85975fe9d94244c0a78d6efb19d73ef1aaa50e5121e22822d2d0185d37fdd3b7
memoria:8fc84dfc898bfccd,メモリア,记忆结晶资料,No.539 始まりはここから,No.539 从这里开始,1,1,8fc84dfc898bfccd79264444b0a2d373d3fcee90213850b12de6ed31d57c1724,17768ca80b280b694fbf38d02fcde270d1419f1c95c105433e2f0bd4a63ad112
memoria:3baa06b1720f6ac1,メモリア,记忆结晶资料,No.54 一緒に食べよ,No.54 一起吃吧,1,1,3baa06b1720f6ac107553a5e32ede6ec9baa1fca5325bbf91359e8338d3ee401,02cdba2fabc94c212457252d07f1bfa4166b89fa0860af4ed742cde1fd97e1bb
memoria:b18e2b5413dd4ec0,メモリア,记忆结晶资料,No.540 どうかここで終わらせて,No.540 请在这里结束吧,1,1,b18e2b5413dd4ec09ed80d981d4a70d8c86b6b621ffd765cb438fdee507f5a2f,0f938a811c908ef6bfd7924d4853480ed2c174a134f5950cd587bd1276fadb55
memoria:cef936bb889b0de7,メモリア,记忆结晶资料,No.541 メイド・イン・ヴァンパイア,No.541 メイド・イン・ヴァンパイア,1,1,cef936bb889b0de7d345a0f6aacaebb33bc94fe100c7e7d17292f68c9a56094b,066ce5fdaee15ef9e3d70af1dca9833287dc7e15593922053d65adb37d8724be
memoria:bebbe1cf61eae278,メモリア,记忆结晶资料,No.542 今宵は共に饗宴を,No.542 今宵共于饗宴,1,1,bebbe1cf61eae27890a7ed95ab548514e9666df430245f72b9f1c09bfeeff6f6,0a7f1322ec81680302bda676a56321a62e740a93cef0379fec28f5b850871b4a
memoria:daa7106f5bd04f65,メモリア,记忆结晶资料,No.543 誠意のハート,No.543 诚挚的心,1,1,daa7106f5bd04f65a9767246920aa26b10ca0cf4039d303766e541db199d4b4d,18241044567b937017e5947a7c9ef5839414ec38d67a6d1ba085a668a9fd4f22
memoria:9d9c465ddef47ea5,メモリア,记忆结晶资料,No.544 痛みを知るゆえに悼む,No.544 知晓痛苦 所以悼念,1,1,9d9c465ddef47ea59de6e713d667329a32cb84bc97b08a165c03e87f8201ab5f,54f1afdd1d4fc814139c84ee59c1831b6b6f689b5fa1318557e29d286a86471a
memoria:a707f54a1467665a,メモリア,记忆结晶资料,No.545 死者と生者を繋ぐ祈り,No.545 连系死者和生者的祈祷,1,1,a707f54a1467665a3c3af16b22dd10059dfba273ab2ff3b9fac371f7d01fe52d,8b6101912a48a03bd674f6f385d3b92686d652894b9bc1ce99dff74eb1300613
memoria:d67e02b03b6f6e99,メモリア,记忆结晶资料,No.546 悪戯なふたり,No.546 捣蛋的两人,1,1,d67e02b03b6f6e99a98135c449373dcc694f3fe160b7c7edcf3e03b7ea709d5e,ca3d23fd05a862c4f5c034bf84b2eba4d29669150fc7b9cc9930218a8aa029ab
memoria:e5c45dd597d42650,メモリア,记忆结晶资料,No.547 夢は真っ白なベールに包んで,No.547 把梦包在雪白的头巾里,1,1,e5c45dd597d42650f076198e204d84a30df3f5dfa61a19593ba8bd737173db81,1c780bd37b6eaaba626fbf6e03910c1b1d553b9fef3014c43ea75e9db550b6e1
memoria:f60cef9e33a6851f,メモリア,记忆结晶资料,No.548 町の片隅の小さな光,No.548 町的片隅的小莎奈光,1,1,f60cef9e33a6851f00c181073915eda0f35808a315168b7b2358d956cd37ba7f,ad0b766da6c1b75781bcfa2447dc7fbd2fb6e42fc3ee88111b65e248dcba350e
memoria:08af97aa075692f5,メモリア,记忆结晶资料,No.549 祈りと使命のヒーロー,No.549 祈祷与使命的英雄,1,1,08af97aa075692f5e092fc58faa1e6559adc66193287706db6a69c77007555d2,02c130e4230d2d2f8dda2f2aa00658d8af6102f9b79535f620d891237d34a51f
memoria:c0cf0b0dd5a9ccd6,メモリア,记忆结晶资料,No.55 息のあったコンビネーション！,No.55 息のあったコンビネーション！,1,1,c0cf0b0dd5a9ccd6f248efa1f84e1086355bcf7c30ee6095283225a65dec1d7e,bfe22667360fd74a5278b45ee464eb604c448bac10ff9941c42506654132c556
memoria:e54202d43e0903ad,メモリア,记忆结晶资料,No.550 1000円未満の魔法,No.550 1000円未満的魔法,1,1,e54202d43e0903ad8c9b471dea3ffae526f89cf033861917c42453d5cdd4572f,65e1957a9e543d44d4ccc39c50ce880378f12ccee2f63d326cdb0faf405c808d
memoria:d44d3e5167ada123,メモリア,记忆结晶资料,No.551 登場からの人気者,No.551 登場来自的人気者,1,1,d44d3e5167ada1237248aaa69e9c66c0d83cff557fe97945ce21851cb309527b,87162c660958beadcf25270fe88b56070988b428c4f29bf2428c8511a2b961d7
memoria:ed363e52248f6d9b,メモリア,记忆结晶资料,No.552 初めてのお化粧,No.552 首次化妆,1,1,ed363e52248f6d9b6d77e9a73cf2736b45aa0516afbd7d18079df5690f4d4521,48712f20586ff0aedba6330815198c5178d221be8f417336ce5d00e1cb0dacb3
memoria:489db9bdbbd7480f,メモリア,记忆结晶资料,No.553 迷わず進むための光,No.553 为坚毅前行点亮的光,1,1,489db9bdbbd7480fd604ce253ba2a688ba0fccf7053d304c165f76897e169205,e3465dd8f4d25d459876123122b075fc5290b89e4a9422008494b6cc8c9af550
memoria:3e41328601ff14c6,メモリア,记忆结晶资料,No.554 万々歳マジカルオカモチBOX,No.554 万万岁魔法配餐BOX,1,1,3e41328601ff14c6be0c3ad193d8f89f6b4a6bfd6f2c36865465984e37deb22c,26a30332869e4bf6f57809c2336c3390c1417ae85b4d3bbff697b1e78a4de07a
memoria:4d7386340ff1680b,メモリア,记忆结晶资料,No.555 ジャンクハウスへようこそ,No.555 欢迎来到Junk House,1,1,4d7386340ff1680be749030568d518e0586c5f372e1ada89d8af147e2d0cdaf4,9c1177bc698b6c8b71c2314ff08e5223d3458002cc21ba104a531e03af525fed
memoria:d0e4628e0ce7a251,メモリア,记忆结晶资料,No.556 旅立ちの記憶,No.556 启程的记忆,1,1,d0e4628e0ce7a2516b154b4054df5e89c3c34da93dfc1afcac36a7574c7486e4,bdd3c7e0ebb3b26f0112d428b90394a0d1905232d585b8349ce08908b78f7cfd
memoria:bc0d8bb600b38f83,メモリア,记忆结晶资料,No.557 架空の雪原にて,No.557 在虚构的雪原上,1,1,bc0d8bb600b38f83cd33fedbd2d947ac1bd58a850a9d4ccf3c7ef570982222cc,283ccb72279ed3ea6dffcd3d835cd53c082c0998a16caffa2dc6454d9d6d6fde
memoria:c2cda62bd9b7e60e,メモリア,记忆结晶资料,No.558 リトル・バケーション,No.558 リトル・バケーション,1,1,c2cda62bd9b7e60ecd50b4950dde9edb28a8b4b620a2e0bcbaf81f9a0c91ee91,a20d008dae382c07feef43de2f6e548303a4a920d8cde1bba17dca3bf3d5f78c
memoria:d83477427adbdb62,メモリア,记忆结晶资料,No.559 その星屑は奇跡になって,No.559 那些星尘化为奇迹,1,1,d83477427adbdb62f3c989e741b8c58f93a5a76fac4b597c5ce0de7968170d93,36aa4f7909a4fc3ca4ac639e3eb7f10edb16aa9c378862669111645f619edc6e
memoria:47409accc1dea864,メモリア,记忆结晶资料,No.56 Begin a Hunt,No.56 Begin a Hunt,1,1,47409accc1dea8648a0c2443db31c1b9a7644ca807ef915b37b475afacb12fe4,e520f78345153c6527d6c699ff969a9a41f073657525a01694ca0f07d587586e
memoria:244ed982ce88478c,メモリア,记忆结晶资料,No.560 かくて聖夜は暮れゆく,No.560 随后圣夜渐渐落幕,1,1,244ed982ce88478c0858edd930241a1fb947572fb09a752c55f1cac7d1e59ef7,fcba6eac2ebbb585e0ce07eccab5d4f834ac3e1cb0124d7dae53f287cbdaa39b
memoria:8a2afbe69065cdf8,メモリア,记忆结晶资料,No.561 星降る夜はまだだけど…,No.561 星降る夜はまだだけど…,1,1,8a2afbe69065cdf843ffe5a4bb75da29e5fb562eb10a98462f938b11ec041c5a,a5f655648d278cb167ce7ae795f171e615a7ce70da7736b12d53f994f2f0354d
memoria:b965c98e8ef079f6,メモリア,记忆结晶资料,No.562 笑顔が本当の贈りもの,No.562 笑颜是真正的礼物,1,1,b965c98e8ef079f67f50ec8356572cdb4b945f0b6043f3b4c1ba3e4a53a0137b,6f31519d98557d2f3ebdb8b7eb24052e5ed78ade6fa790be104cea161e432137
memoria:22a3a737519dece3,メモリア,记忆结晶资料,No.563 指を結んだあの日,No.563 十指相扣的那一日,1,1,22a3a737519dece39c7816a3f46e8590f7e22acb4321252ee54dd2b9c638bcf1,b7c2f40599f08494429caeb71f8b009251f998def56f29c81f60ac871531d8e0
memoria:176a4d5b3258b7ca,メモリア,记忆结晶资料,No.564 二度目のクリスマス・キャロル,No.564 二度目のクリスマス・キャロル,1,1,176a4d5b3258b7ca93aa303ac1f9917b7be03acd497ae8c850a01a579c2106f5,4bca9e7fcb9460abdd3a6462525042829309832a7cefc695a3506893ecb8352a
memoria:05aba420906f4b26,メモリア,记忆结晶资料,No.565 守護霊さんは大忙し！,No.565 守護霊さんは大忙し！,1,1,05aba420906f4b26a287047c4057122b5a441e1e09b9ba0a5dbb4f4a7f93ad87,174c1c8efbfd35e5ea4bf02c69d361b3ac5c4d0cd5b2ba5014908da26054e9e3
memoria:f44a00ff7160839c,メモリア,记忆结晶资料,No.566 記録の先へ導いて,No.566 请带我到纪录的前方,1,1,f44a00ff7160839cdf13e080f2cd348e2a5bcfa49a28433685b33025697a340b,8341dc80be7ad9f5717bf8357a36a66bdc0e60803b500741392eca59a1aad538
memoria:8c11b115afd28382,メモリア,记忆结晶资料,No.567 丑年は美味しいオレの年,No.567 牛年是美味的咱的年,1,1,8c11b115afd28382322ef840d7071d4e087b0287811f704e6fb2782f5b368a85,f5bb8c810d78b0b15497ecbeaff41dce523c19f1a9525225e8182c8df78fd330
memoria:451c19b7a976b962,メモリア,记忆结晶资料,No.568 環家の天使たち,No.568 環家的天使们,1,1,451c19b7a976b96231dcf837e8d8712b1a04c021a844bde814286b70a6092406,6a396d121933b633449c3094589a692b87e634bc02bfe6501f2fdc3808521a07
memoria:ebca37f890f11451,メモリア,记忆结晶资料,No.569 覚悟の先に風は立つ,No.569 意未决 风先起,1,1,ebca37f890f11451706642449f802553e23fbe44e9a539d2288ebed28fa3d5ac,fc63acf283063066a89f912c56ab0cd7b988d12a2f50c856bee8d8a30dc73319
memoria:1ffe8e2f84af980c,メモリア,记忆结晶资料,No.57 みんなには内緒だよ！,No.57 みんなには内緒だよ！,1,1,1ffe8e2f84af980c753400365d911a0897bc2dc5fdda8fc95f58427ec59647bc,f827c13547ff4f2f97d5a3338a8a0af9539e2dea3c47cc5ab83c0b366667d221
memoria:2151e80d5a6be05f,メモリア,记忆结晶资料,No.570 シマイミコマイ,No.570 姐妹巫女舞,1,1,2151e80d5a6be05f888c5b590d97acdf0651f61356e16f5eee2d56fa593cd334,c407ae03557f24c90be254365945aafa6ba21a7796159143203a8cb40699595b
memoria:45966f55e58cb2a5,メモリア,记忆结晶资料,No.571 いつまでもこのまま,No.571 就这样一直到永远,1,1,45966f55e58cb2a5d79700b90495cec81cc02796f923929eac33e7787f52fa02,44188c33a2e205470784f60addac2accfad6d8648e21771846c005e1957864fd
memoria:44127b779d06b0c8,メモリア,记忆结晶资料,No.572 いつのまにここまで,No.572 不知不觉到了这里,1,1,44127b779d06b0c8bb385aa52b504784d6ce9fcdd943d9d5654550e8cfcfc3f8,bca663f312db9f352a7b74dc8d3fdde945bc61f6157bd75ebaa71cdbb3f66757
memoria:e6d7f2e2b66a646d,メモリア,记忆结晶资料,No.573 敬意と感謝と不退の勲章,No.573 敬意与感謝与不退的勲章,1,1,e6d7f2e2b66a646da058683d224094d8d3e1cd55de8a76b662744885dd58e5f8,8343e952a37b352a799cb0f0026dfc785fa428cf943d902e0d3f257ae84b7250
memoria:7464a23861f9cf3e,メモリア,记忆结晶资料,No.574 猫かぶりスクールタイム,No.574 故作矜持的在校时间,1,1,7464a23861f9cf3e578020e9bd7b9130f83d9efcd7812e7a82dc971eb1661619,bebeb13d844c2304a2a939df13d1d4847bd5e241260b1fd82894a73d79b4da49
memoria:0a2ba71f017a1f9e,メモリア,记忆结晶资料,No.575 ザ・グレート・ファザー,No.575 ザ・グレート・ファザー,1,1,0a2ba71f017a1f9e853c0e53d1e259d66d14bb4462fe9ab9b1fac1cef6bb3357,40d95f4cf6527731d85025bab8eed1d842028885b29fa53392fb58abed4c857b
memoria:d6bdac03bca9ac7d,メモリア,记忆结晶资料,No.576 受け継がれるおまじない,No.576 传承的魔咒,1,1,d6bdac03bca9ac7d5ae1df527c7ef075dfdfd8a9cf63b59db1a6e0623de29f17,500875eae04aef4badb4ecae6f6eeec4b93faed8381bd9a7104703a13cef2abe
memoria:f22c88aed821cf9f,メモリア,记忆结晶资料,No.577 あの日、剣柳館にて,"No.577 那天,在剑柳馆",1,1,f22c88aed821cf9f548d4be5688ff6f7ff8176f39b5d8c3432dba1e832ee9e21,9e7c333ac24b96077962b214025443caf1f4666bce253673e1d65ef801509dec
memoria:b71c4a3f98906331,メモリア,记忆结晶资料,No.578 もう戻れないから,No.578 早已无可挽回,1,1,b71c4a3f9890633156f1c347619e4bd41c387c1f78c2a1dbff7afe99b309dd49,145c746c70d51a331058c7c0e08e98ee44c5f6950e622082c72d7fa704e10bdb
memoria:cb3c2c4e4d935adb,メモリア,记忆结晶资料,No.579 いつもの朝の光景,No.579 日常的早晨光景,1,1,cb3c2c4e4d935adb8794eb0e416025790260854c3d5ff28c5fb00c25e017060e,d504f346f40ff1d026d60955740dfc22125d122b8c2a1502fd49afe0249411e0
memoria:ef76344dd8544874,メモリア,记忆结晶资料,No.58 メガネでガールズデート,No.58 眼镜女孩的约会,1,1,ef76344dd85448746f2ca26eb4b8bc6eefc1b906cdae0d151a3cae054b0ddcd5,2085d726b01d690156638f4b65799839019c96583411e573144f4fcd12205f77
memoria:860c34ceef8ec182,メモリア,记忆结晶资料,No.580 仇討ちはその手で,No.580 亲手报仇,1,1,860c34ceef8ec1829beaacda98cc51b318fb66f50c78fffa3e8b22bfe891e579,afde46e98ea2051f266fa0e8ee71b8690245e888d6320feb8ae3f3aac0495513
memoria:cf980e3f089baa4b,メモリア,记忆结晶资料,No.581 信じる故の決意,No.581 信念的决心,1,1,cf980e3f089baa4b68ac08849a95a38d55bc5bc3534c082fd54603791aad083d,8d78f47a5f69d285c43f560a785dc60a0efe5ef9e759e44c115b443019537103
memoria:45fbb03d927f658f,メモリア,记忆结晶资料,No.582 いつでも想っているから,No.582 无论何时都思念着,1,1,45fbb03d927f658f2a8666642bc8058fa0970ec010f6d46092222463fb746adb,389e6709e3ac25b7baae49393008d865edd9d8aa0d24665ca2450cf6e9857131
memoria:1bd5366799e365b8,メモリア,记忆结晶资料,No.583 特集はビターテイスト,No.583 苦味特集,1,1,1bd5366799e365b894da5ed3225572ba2999dc62a6037dab144e9f91c4b5a953,479c7ff3cab03dca8dec24f5d888432b025c8990e08b24f0a318c795c6b0d053
memoria:e8c2b4a89e968d5e,メモリア,记忆结晶资料,No.584 計画はスイートテイスト,No.584 甜蜜计划,1,1,e8c2b4a89e968d5eda005f06c66e986989ae01e6c943b5b4a3201e41293e556c,f205ac39af3af5e0d7e09144c194f2e0bb74d013992c986d55d0c9fd0ca3358c
memoria:bf9875384ff66de2,メモリア,记忆结晶资料,No.585 愛ある小さな物語,No.585 有爱的小故事,1,1,bf9875384ff66de2102f4a0375ed197ffd76e8e3c84d8465e78de4b8a7418e3a,6ca473d4b0fba56399c518b6d1a3fd50edd84cca7b2a579dbcdecbdc3358e88a
memoria:2dc9cdc34e5739a3,メモリア,记忆结晶资料,No.586 難関！イメージ特訓,No.586 難関！イメージ特訓,1,1,2dc9cdc34e5739a356d22edd8baf1ea67865a070d2a102b643a9953f0b5d118f,325e8a5538f9f2a1a66a8b0003be834e5d148e5ee41060b4a521a82f0c95ee9e
memoria:1091115850fe2ee8,メモリア,记忆结晶资料,No.587 約束を胸に刻んで,No.587 把约定刻在心中,1,1,1091115850fe2ee88583413b2c56417b4b9e0f2b7b1bbfb909946286cb14b5ce,044c39e2b5ea4cbfe8d662affc682bf7ef2015d1a542dcc0a5fb657ca2723b50
memoria:42d09399059ca6f3,メモリア,记忆结晶资料,No.588 あなたにあいたいの,No.588 我想见到你,1,1,42d09399059ca6f3ed34a33d09241c32871f66c37194f4f7a40c4fc670398f85,fdda46889686d5867469150687bc1da6421a6c55b03d47497acd03760e1a6e1f
memoria:60e0946391badf3e,メモリア,记忆结晶资料,No.589 ワタシニアイタイノ？,No.589 ワタシニアイタイノ？,1,1,60e0946391badf3ebaaebd8e01a9df74a07f42879372f395b9e73e39a6a1a7bc,65e9e3d1c46d2139cb20d136a07e448613ec3a5f5d4cc4d62f3af82e30f4cecf
memoria:2594aefcb9519280,メモリア,记忆结晶资料,No.59 まどかと因果を紡ぐ魔法少女,No.59 与小圆纺织因果的魔法少女,1,1,2594aefcb95192805ade669b7ec1e9dcb7d6c028bf1ac8e9bf92292e09451096,8016c27e5ae3ca69f038ef3d71978ae0d9f588b756f7388cf73f757b17b2cd56
memoria:a9b531b8f0cbb9ec,メモリア,记忆结晶资料,No.590 熊乃介のKAWAII☆動画,No.590 熊乃介的KAWAII☆動画,1,1,a9b531b8f0cbb9ec9a6c9d06ad23c0e30520de0ed3cd06a86c439fbe68ebfee6,cd3f3579693d9c034cc99dd476e2ec12f7d1839ab035e49592c06d324eed563f
memoria:8d716df1dde479b4,メモリア,记忆结晶资料,No.591 憧れの地で大いに活躍を,No.591 在憧憬之地大显身手,1,1,8d716df1dde479b4ee69e207a9ecdd83a9107d266fa32c4d306d74b363dd075a,cd529a823e9ed4b54d09f7a424cebfbd8719d449b76498ce5462a18cb045b7c4
memoria:277bfddbcba872fd,メモリア,记忆结晶资料,No.592 クローゼットとご相談,No.592 与壁橱商量,1,1,277bfddbcba872fdc5d977ad04a3dc8ef4aafd43c067bf24bff05323a2f66ce0,4750fcc7c25762135f4b0c52d4ff920c56762d33ffe80f5fac1e7f858db23e77
memoria:c89234fa9f6f986e,メモリア,记忆结晶资料,No.593 いい子いい子,No.593 乖孩子摸摸头,1,1,c89234fa9f6f986ed56453a60ca0ca3d9c6b59343aee18ce7e92be2388ba2a42,eed6aeb0b9cf7465b161bdad769a7876c6cc0f16e92a7db451b6f5264ce5c9c5
memoria:ecfdd46a1bfe5ca7,メモリア,记忆结晶资料,No.594 KAWAIIは無敵!!,No.594 KAWAII無敵!!,1,1,ecfdd46a1bfe5ca76d519f7c3e2e46f6fa9ef2256351fbe958c9a49b516b402e,b84e7516a604e696d87dbe8007ba50c93e64e303474db44d9a7bff3ef23c8535
memoria:2f493fe60c0f1a21,メモリア,记忆结晶资料,No.595 ディスガイズ,No.595 Disguise,1,1,2f493fe60c0f1a215edfdef18a39656c2f4306106068524b3aeba5d725ead0ff,6ada03e9dabe629dc8b3d5c98c0ed19ebf99b899720b134c8915414a61ac3b9f
memoria:df4728f6e55a866e,メモリア,记忆结晶资料,No.596 ナイトバズタイム,No.596 Night Buzz Time,1,1,df4728f6e55a866ec54df909b1bda843e76dc79b577609049d950d1ea077eb53,5cfed01bb72ba6391d8efed5e5f1f9f6ac7f92fbbdd6b2e69d7f98da2e5bc066
memoria:a4acc32de124dea4,メモリア,记忆结晶资料,No.597 シークレットオブサクセス,No.597 Secret of Success,1,1,a4acc32de124dea41e16b8bd7633879d5931e6d9846beeeda913b73d4ea7c644,5342af93576b14d87cdc98fd0cefe88238d741afadb579a8976ce3beb32c3cfe
memoria:136a22b617b2e7f5,メモリア,记忆结晶资料,No.598 ネイキッドハート,No.598 Naked Heart,1,1,136a22b617b2e7f54cd70a1861826ad27a7f3b5d230a3120aa70fb62d09ec1b8,a08acb8ffb1acf402d813377db214400baa75974a05e59effe43dceaa52573df
memoria:daea66ced683f2ff,メモリア,记忆结晶资料,No.599 ネバーフォーゲット,No.599 Never Forget,1,1,daea66ced683f2ffb769e1bf11d634e2d7cee0e3499328557ec747e1ebffc30c,c664ea12a11856937d583b57926b2b416ab56733b053ecc4ecb16e38c0e3c50f
memoria:8ca49707a12a966e,メモリア,记忆结晶资料,No.6 落書きの魔女の手下,No.6 涂鸦的魔女的手下,1,1,8ca49707a12a966e1c1f546bfaad468f75741e6cbb06b80f053528454e41eba3,fd38f3ebf3fb1932e851742ba871d89f8f2a8393cfd16ae95da5e23b65f2d5d5
memoria:a621795e9b0378b0,メモリア,记忆结晶资料,No.60 Splash party!,No.60 Splash party!,1,1,a621795e9b0378b039d61ae7271a94a0015e5731bc5e10887bb58acde541f05f,0f8ac9f25676c674e828e22f678eaf6298d80f40ee0a71b3ab5246c78c79f4de
memoria:110e816d670456a0,メモリア,记忆结晶资料,No.600 究極VS至高,No.600 究極VS至高,1,1,110e816d670456a0bd6332e67d7ee0d5c9b8c44b9eabe3ef5a47409709bfad90,ba5a9d7125b5c3739e44c1f30af0f2e6252e35470dbc99e14a385f2a2d01f8d6
memoria:f4f753eb19288e5c,メモリア,记忆结晶资料,No.601 お手製アルティメットドレス,No.601 手制究极礼服,1,1,f4f753eb19288e5cacf1215382f35fc32210d772dd4ba01a555b1d1a1de33f86,167b345d090816e841e50fb587db363fabbc7f58d342ccf56953de237617b9b8
memoria:81de93779fe9f68d,メモリア,记忆结晶资料,No.602 収まらない想い,No.602 无法平息的思念,1,1,81de93779fe9f68dde774aa8b94cafcd3b1116dab3bd874e7e064e7d333d2394,11299ec9e65f2e2db6a276ee6884fd6a8a3de2dbf5b66ae1907b938c3bad8166
memoria:8787ed74f2ede5a6,メモリア,记忆结晶资料,No.603 手を振れる幸せ,No.603 挥手的幸福,1,1,8787ed74f2ede5a6de8d284848ff8a09110e719f7c993c0cfbe22dfad1a82047,b4f4eb80dffc541c2b65fb2c23c65aa86e07aa0cb7fce63312f8ba5e321250ff
memoria:b3ee7030393aa733,メモリア,记忆结晶资料,No.604 音色は優しく溶けて,No.604 音色温柔地融化,1,1,b3ee7030393aa7338f34f28ec227a8e2ac5cd05581847e05375f41b86ec1a7f7,db3dd97989526359328ef23803c56f7fd30ae9f32dbdde3acf0cb53bb92b92b1
memoria:170644c6c2a04807,メモリア,记忆结晶资料,No.605 姉妹になったあの日から,No.605 从成为姐妹的那天起,1,1,170644c6c2a048076c0e0f844d56eaf345b90d46c934f084c28d92dfb0a969d8,2e69888bb7cec27db75d0e17d4b59197fa4023c1e6dcf152c2c7076d7cd3423d
memoria:3f2b05d5129b3772,メモリア,记忆结晶资料,No.606 これはただの散歩だから,No.606 这只是散步而已,1,1,3f2b05d5129b3772a3a66c9c111cff36bf6d95c9babe8cc0276f922ff18225b7,6755a993d592ba21cddd04488f3dd2bc96fbf31f4c6d575573c5bc8badd75dac
memoria:9a506d621bf29f2c,メモリア,记忆结晶资料,No.607 花、落ちて返らず,No.607 花落不归,1,1,9a506d621bf29f2c3a7e755e16dafb9c2fe087d6ea3f3fd298d73c4d8c6086f4,fae3a476ac44b0f2f118a08cb5a822999df9800310c668900dc81b189e22c327
memoria:e556f19b55cdf0e8,メモリア,记忆结晶资料,No.608 穏やかに日々を紡いで,No.608 安稳度日,1,1,e556f19b55cdf0e819a89c77bf6bdbbc14fbf1791d4c0fe0d440c7b4833dd66e,fa96854e906cee7cada67f9ca5a6a97e3aa8a5a1cdbee75355d49d4ea358c073
memoria:ba5194b5327ed72f,メモリア,记忆结晶资料,No.609 隷従のスティグマ,No.609 隶从的烙印,1,1,ba5194b5327ed72f9b1c4808e137f9c26c9401cd851dd02041495757ba1418b8,f1678360d542a5414768e6e86e0ddb9ea79d6ec60e17fa434769d7c777ba05ee
memoria:ce353f01a33aeede,メモリア,记忆结晶资料,No.61 夢と希望を抱いて！,No.61 夢と希望を抱いて！,1,1,ce353f01a33aeede920cd2c6f2550dcbf2180f63b860418904ace8cd804caa8e,5992652406de3b54e7637e378bf1ba55acb534632b089aa677e939828c830061
memoria:a311351167397170,メモリア,记忆结晶资料,No.610 血塗られた燭台,No.610 沾满鲜血的烛台,1,1,a3113511673971700af99a72a3d4469b95dc05acb47290edebdd7fc85c0ebcf6,78f41be1b3be9cf9644ccbcfcae802888e58752be3135b74c3ba975f785bbe1d
memoria:489bdc5a724f5f10,メモリア,记忆结晶资料,No.611 若く可憐なる王妃,No.611 年轻可爱的王妃,1,1,489bdc5a724f5f10da39d2662c086277d22122f7ac123b9200fac7ec51b4231a,4061123772b8f83e9c7e8d6eb73069d55e2cc5dc723b0fe8b2f4d1810936ad8d
memoria:b1cd816b347d2a4c,メモリア,记忆结晶资料,No.612 仮面生徒会参上！,No.612 仮面生徒会参上！,1,1,b1cd816b347d2a4cc96c3180bac6734d43a1d4a71fa74e7c311c6c495c3f2e3d,e2c3e519538d268ec69331441efc9964ecd48d63dc1b5a45e256292540dd821c
memoria:007bd8dc70abb58c,メモリア,记忆结晶资料,No.613 決意の仮面,No.613 決意的仮面,1,1,007bd8dc70abb58c541a4573012119900c3c70abf71a702ca405e4922ec56495,6d16bc30fd9bb09f6a19903c04fcd9d3fe6ea252a38dd933ccf6e2da2346e745
memoria:ceb6624efafe98c8,メモリア,记忆结晶资料,No.614 乙女たちの日常,No.614 乙女们的日常,1,1,ceb6624efafe98c8ab5ea89f8e2bb0d01fe89d1c8274ccfbc6b3de55167a5159,fdca160e5c8ea5da30da2cea8cdd9cc649a2b2cc63f6fe94a4884b39c1c51890
memoria:0081c20453717924,メモリア,记忆结晶资料,No.615 お姉ちゃんは縁の下の力持ち,No.615 姐姐是幕后功臣,1,1,0081c20453717924980da946783a5dffb7fef4196310978f1e76a2115a30c0da,5fd744d0cd216554fddd112b97004f2528cdd68e520cc1288fb5f1e9435f1e5e
memoria:9ceeab2645e71893,メモリア,记忆结晶资料,No.616 ほんとうの私を隠して,No.616 隐藏真实的自我,1,1,9ceeab2645e71893013da9ae73d46b53658da3e8d2e3b59fb85f0ba792fa7da8,c7724f670540865625f1cde8c3a0096f844e7ff94014434b840b1ab51a31a88f
memoria:256a4f3d32308812,メモリア,记忆结晶资料,No.617 偽りのわたしを演じて,No.617 扮演虚伪的我,1,1,256a4f3d32308812ddda0678c0a99349aadd01688ee89f15be848d4ddf3db71e,8a654b06efbb03b8320abac4af36f527b2a7872e355b60459315a53193a59914
memoria:4b31be96bff08f33,メモリア,记忆结晶资料,No.618 合理的で優しい作戦,No.618 合理而温柔的作战,1,1,4b31be96bff08f33478f868c886492194befaede8f08aa8175791bcf9e096372,62943c095f3b49840aa4e3b223007c0c9b13d7b3344ebd7cebc1d71701bff8c4
memoria:2390ea7a8a976b1a,メモリア,记忆结晶资料,No.619 あったかもしれない私,No.619 也许曾经有过的我,1,1,2390ea7a8a976b1a047ff38ff64b45046a93beccc0ff2845699f84ac6ccbe233,c259358bf4051766a6e8bae84d3cb9233109ace1b2418e9da89a4c7a6f9f3040
memoria:add1ee62818779ed,メモリア,记忆结晶资料,No.62 迷わないこの道,No.62 行于无惘之路,1,1,add1ee62818779ed5d1741f89c9a5973fb0da31efec69d5e3a1c063586e5774a,f4337d6ce6e1dddec9e8e262c459cc03226ab2f66ceabccc9916a9d7767744e4
memoria:112f6bb361e611e9,メモリア,记忆结晶资料,No.620 味覚で繋がる10000km,No.620 用味觉连接的10000km,1,1,112f6bb361e611e9be2b13272158b93b68c76cb71d197d917f4148b536be5a23,95e0351c5c5170fed5d316c7c76f00eca69bae9268d1a566bbf14651d9878257
memoria:d61b2f3f692dfdef,メモリア,记忆结晶资料,No.621 思い悩んで上の空,No.621 烦恼得心不在焉,1,1,d61b2f3f692dfdefa3dffd625cec4c9149c7d8ce10ee810e2e5901492f11234e,1d825804c65bfdab70bf4a81ae629158d65fe8c7d1a42c7f0b00c69cffe0360a
memoria:7dc652dba880860e,メモリア,记忆结晶资料,No.622 良かれと思って大惨事,No.622 认为是好事而发生的大惨案,1,1,7dc652dba880860e0b7b1620f94612e8ec0bc596480c4259b20497f1ada3084b,aeea948856f052aed2b7e495ca1d8225211e9780e52370eb222c9d6535fd055b
memoria:8e772cbf7367ee72,メモリア,记忆结晶资料,No.623 解けた糸と繋いだ手,No.623 解开的线和牵着的手,1,1,8e772cbf7367ee728560ef2cf46f2bf5f0835421e74d7238271af214d24e19a6,968845af2351063b09abb80f572fec9988404a5cfcb19b3fad5c677515a62365
memoria:6432c0ae44956346,メモリア,记忆结晶资料,No.624 勝利は時を貫いて,No.624 让胜利穿越时间,1,1,6432c0ae44956346025658de947cefb772ba6a65ba897e2315704383cf7bed86,921a3b14881d9af2a4b41e81a0110719378cb8370e8c66ee138edf83f5261a5d
memoria:feb6060c4e2911c7,メモリア,记忆结晶资料,No.625 繰り返しめくられた台本,No.625 反复翻阅的剧本,1,1,feb6060c4e2911c7eaf4d0c26bcb0186213cda76cacc45478b120c5fbb36bda8,27e0e3f215db5b1a320e02434d7b9d82dfdf9cf47dc0290828e3b0c42a394632
memoria:627929d241c482fb,メモリア,记忆结晶资料,No.626 感謝を込めて星々を,No.626 满怀感谢的星星,1,1,627929d241c482fbdc68469f121604313427442593f352eade0cd8ec1d4ff0d7,bd692d39ef9be0e75b2fabecf50c017ee346a5fcd40a77b95f5071351badae5e
memoria:41167e26d25b9477,メモリア,记忆结晶资料,No.627 星合に浮かぶ,No.627 漂浮在星斗,1,1,41167e26d25b9477c65c395cf527629715513afd2c5b5080deb54d5721b63736,930fe974be695130a12414381116d86ca79bf17d0d5a27daf5bceabe0cbb1620
memoria:411d24d5ccae721f,メモリア,记忆结晶资料,No.628 私らしく、誇りを持って,"No.628 像我一样,带着自豪感",1,1,411d24d5ccae721f55e73a31107a56ce1aea4c8ef0e09d2bf0720f12d2f02003,0a8007048a9d12a904086c954a203bc2d06b3f819c5d6be21bd520df433b23d6
memoria:a61605141fe0ba87,メモリア,记忆结晶资料,No.629 七夕に遺る思いをなぞって,No.629 描摹着七夕遗留下来的思念,1,1,a61605141fe0ba870be1d4e68a58991724140cb505ab0d52c408b6b26db8c82d,4047c351e92712d334fbc559fbc2066396120363cce4beeb6ed2ac1bc33c9146
memoria:e8bd53e699423716,メモリア,记忆结晶资料,No.63 過去と未来,No.63 过去与未来,1,1,e8bd53e699423716343e369643f0e0fcabf3fd3856e52439be75cab4158b02b4,c6273da2ddc07cc718ce5d6f892054c16af137d8565bc43747995177f4dd8f8a
memoria:a41f7ba7c8e97f4d,メモリア,记忆结晶资料,No.630 私は背負い続ける,No.630 我会继续背负,1,1,a41f7ba7c8e97f4ddafc7239203a64bfd5ced0146120976c8aab1540631a2a8d,092c11073a0ddaa3eec355e51287e3abeada8348a659ad95c9fe4fbbe145fad4
memoria:c7d92270416939b5,メモリア,记忆结晶资料,No.631 焼きあがるまであと少し,No.631 离烤好还差一点,1,1,c7d92270416939b5df0f2c14666647d02604e10bdf07977f57c57141bb5625ef,1c50098ff959d701232f76caadbf17121348293052742656ebc89d70350127d6
memoria:505525e7a843a9af,メモリア,记忆结晶资料,No.632 泡の行方,No.632 泡的行方,1,1,505525e7a843a9af708d338b8329204412521e337e4519023c0479e686979ba9,9d007d446e50a4f78d8fb12e58853992e5f58cbb7b885a0d0459d5300220d910
memoria:c14d30f1824d89a7,メモリア,记忆结晶资料,No.633 ひとくちにのせて,No.633 放在一口上,1,1,c14d30f1824d89a7756782bc3e532cf0bca0c68d752bc76fa38a5ec0dd41798e,21058b0cbd002cfba56e6160fee112a1d8796b974d63748ef5dec43975d8c882
memoria:2a5d8b9a89fce1f6,メモリア,记忆结晶资料,No.634 弾むサマー＜ももこ・みたま＞,No.634 弾むサマー＜ももこ・みたま＞,1,1,2a5d8b9a89fce1f6585341deb63bd61f7e27849808ef5154dda610e4d1ae1a2a,10de7fd182bca50335d75803bcf2e209e8839ed087b4d22c1f3af5bb7324019f
memoria:96005fa255b4975c,メモリア,记忆结晶资料,No.635 弾むサマー＜時女一族＞,No.635 弾むサマー＜時女一族＞,1,1,96005fa255b4975cb6874c83fbb5e7f23c397f8addc99486ad996a321a9ede49,b2ae7e584742e08c125f0f7936605e105495ec24bd5f48721c8c33c882d418ad
memoria:187ba9cca6cafc56,メモリア,记忆结晶资料,No.636 時は再び動き出す,No.636 时间再次开始,1,1,187ba9cca6cafc566d71f5f16b5f2e9f7f89fa99a6e69d9ee4e9f000799be2bc,97c09c033db5bd1fcc1e5ffd0b7cd07af2adf9d7c53786a645091b70f224e687
memoria:eeb1f4aaa4ca7433,メモリア,记忆结晶资料,No.637 波の彼方をめざして,No.637 向着海浪的彼岸,1,1,eeb1f4aaa4ca74339e65870a34795e3417f3b0cd81d0139a7f3596d4977ed334,ee0ca5132edebc6b7601070c3ef377db786183cbbcad451628f220ae694fe089
memoria:d083a3c7d738f4d0,メモリア,记忆结晶资料,No.638 夏の少女は決められない,No.638 夏天的少女无法决定,1,1,d083a3c7d738f4d09929574b2126567fa3911a14d8aefcdf632299ebc414cbfb,47a6b2560864133a98ac07d5e87eb4842ba08398e4a6e97391ddd2f9e33276d4
memoria:1f093cc0e0b49355,メモリア,记忆结晶资料,No.639 入道雲を背に登場！,No.639 入道雲を背に登場！,1,1,1f093cc0e0b493554477f20514f477db687ea6f5be982ba37e61c88bf97110c4,24c5f6a66366152b5e91f52c6b9f37e980773bdeb43bb15715240c262b27df00
memoria:76d1bf0787de6b61,メモリア,记忆结晶资料,No.64 光の指す方へ！,No.64 光の指す方へ！,1,1,76d1bf0787de6b618109e2a453037afe244facf4b3cae0e2e2f37a0ef4f1614f,4b09ab3ff19d9fb09c042b896f651faa36f6e76b44f0f9f847969a1edaf66301
memoria:183b3ff23fa29643,メモリア,记忆结晶资料,No.640 渚のなぎさはお昼寝タイム,No.640 小渚在海边的午睡时光,1,1,183b3ff23fa29643276bfc4b3d441344b18fe8620cd1b3b554748f39ea24385c,271e6e397dc284d0c9fb5a870db779034fbcef7f01d70237464dcf6d74e77949
memoria:599f3805535fa174,メモリア,记忆结晶资料,No.641 綴る明日を待ちわびて,No.641 急切地等待续写明天,1,1,599f3805535fa174d9ce0ea4a856b5d1458df20bae0fec7c2a9f5b4433f9c4ac,71481f20aa1cb7dd4b0f13466c74eb5d481ebc2ba28f511a7ddbfb3e2a2fa1ec
memoria:25a78ebb9685fe85,メモリア,记忆结晶资料,No.642 心優しき革命家,No.642 心地善良的革命家,1,1,25a78ebb9685fe85510f1f8ba23ddaa5cef1136db4e945ce596c4e064aa18133,a692afdb0e858b6b5a018d22196afd3f6790a81a352c803cc8a25e4fbd00ede6
memoria:5a973903b6c6e471,メモリア,记忆结晶资料,No.643 愛しの悪友たち,No.643 心爱的坏朋友们,1,1,5a973903b6c6e47163895540265afa8a01d88b109d35240aa6815e8dc3db3cf5,3e9e326dfc9acf53f0738cc693a645270ad4102f90deb059f426dfca27fec6d0
memoria:03d06e5410a9fe00,メモリア,记忆结晶资料,No.644 未来を語り、鬼は笑う,"No.644 讲述未来,厉鬼亦面露喜色",1,1,03d06e5410a9fe00e1e31db7be3f9064ef5a340a905f660beab837cd9dc3d253,8e90d5a8796ac29b081db5df8ab5b884ad97013c8c0ad031f7e576df51bcdd58
memoria:1a60ccad6ad2f80a,メモリア,记忆结晶资料,No.645 髪型アレンジ交換会,No.645 发型设计交换会,1,1,1a60ccad6ad2f80a0fca675efd28b3a45b228288415b193d3ae7e52fff854a76,b8ef1eb4271aa1577939722a900abc805509763adb86f577207bc49665f3a102
memoria:4a6326e918b7295f,メモリア,记忆结晶资料,No.646 お外でばったりこんにちは,No.646 在外面突然说你好,1,1,4a6326e918b7295fb1adb0965bda6852f0b23edb474df2ede8e2ae1ff5346105,0d3909ddfcc5c10cf19d8bab0fb41b61edc02d41be36a73d714845492b695647
memoria:5b710e2894e56060,メモリア,记忆结晶资料,No.647 日常にお邪魔します,No.647 打扰你们的日子了,1,1,5b710e2894e560607f8f650b730acf047b612c5b20c7cddd1ac15011e98d5387,ab5004147191fb9e813403f572f45a3ce6a3aadcbac105fb659737583ce5d5dd
memoria:d64c4239c9a14de1,メモリア,记忆结晶资料,No.648 みんな仲良く極楽,No.648 大家和睦上极乐世界,1,1,d64c4239c9a14de19c55fe539cbe7e0340d5326b7ce36fde24ff0b7f7cd0c7ab,7179ff95cd5790171b3d0811843082d733fc996ef3ef6adb844b28283eabd1c6
memoria:91b44bb6a89410cc,メモリア,记忆结晶资料,No.649 導きのラブレター,No.649 引导的情书,1,1,91b44bb6a89410cc26b5e27587da6cbfaa04d63ec231b223dd46d5abf52e684b,3a702a6633b88300593687accba4b988c1b1cc824acec42910453ae7b1626330
memoria:467d60d15f622dc9,メモリア,记忆结晶资料,No.65 灯し続ける明かり,No.65 常明的灯火,1,1,467d60d15f622dc9df3da6a19b33ad3944ed12f175066df0374cdcdc671c1a78,1ed9605c7c6fbb4dbd0dc7a1f69dd248cafecf5a3df33d6dfe80e45d372700dc
memoria:758ede54d1894a4c,メモリア,记忆结晶资料,No.650 どんな夢も、希望も,No.650 无论是怎样的梦想、希望,1,1,758ede54d1894a4c6adda860f83a2cb25cf603ef03e84b3e964e95d2ee4240f7,38efad8231a6f7dfb9be8381149caa48383a87f8862c2afa4355c09cdf6212e6
memoria:8a30593dc463dacb,メモリア,记忆结晶资料,No.651 マギレコエムアイカードで！,No.651 マギレコエムアイカードで！,1,1,8a30593dc463dacb55395e8447f7cf4a00881a5545c043fabb5858c4a7c3f136,f30ad448f541c9d36798b96c4edde7fa3e696afbd8d2375db99651e90781eed2
memoria:7bba286b32e01024,メモリア,记忆结晶资料,No.652 いつものみんなでお買い物,No.652 和往常一样的大家一起购物,1,1,7bba286b32e0102431614af3ffa1db4ba5485de7a0f52bc19b0ff89ab4afcc79,768d3f52d65f1703acc1712104cb67ad0c82ef974194b19fd76215832f93d2f6
memoria:952afa74694745e3,メモリア,记忆结晶资料,No.653 キモチは旋律に溶けて,No.653 情感融于汩汩旋律,1,1,952afa74694745e3e9ae34b88d86b46c59714e9907e041c68b26cbde4fb8c362,7499ba53461577467d70643fc35bf6f83c7627cb13985aa2c6654b5267e1ad2a
memoria:c5af5dbe18737a62,メモリア,记忆结晶资料,No.654 特別な安眠をくれるもの,No.654 给予特别安眠之物,1,1,c5af5dbe18737a6282e9fb24362e891b6c00a4a33e9377944c2b11dab6c3c46f,f289d5dae187d540be5448e5475c333b478a85ed310c37a09b97e7437af3111e
memoria:615322506d7628ba,メモリア,记忆结晶资料,No.655 いつでもどこでもすやすやと,No.655 无论何时何地都睡得安稳香甜,1,1,615322506d7628bafc45ff3dccb156d5c782d6cec51b8ba1991eaa0f40ac6b74,4caba60089d80305b82a5cea20dc7d218ef90ca817a6c8de5a35c8e023872b21
memoria:d221cb6ded725cf3,メモリア,记忆结晶资料,No.656 寝ても覚めても一緒に…,No.656 寝ても覚めても一緒に…,1,1,d221cb6ded725cf38126fc4b87ccc9f76d25c1c3800e89635cd1f6999a374a07,29cc5feeb604654c9e293ef1829a7350d495783bbbbb3e3c743df537fef0dc45
memoria:3923ee55eb7b463d,メモリア,记忆结晶资料,No.657 今日だけ夜更かし,No.657 熬夜仅限今天,1,1,3923ee55eb7b463d12c57f5c6586e8fbee518eb9502bf7ac0bdb6e8c4f5e698a,25b43efcd0a1373d65f958b13a9f2aecb9e5f125ff5a4e5b54049cab1dcad279
memoria:d4432e2cdfed548f,メモリア,记忆结晶资料,No.658 楽しく遊んだそのあとは…,No.658 楽しく遊んだそのあとは…,1,1,d4432e2cdfed548fb58f662946355e7417ff040814e04611deab5f27a9128948,032b2a4a2383e2867b17af5833c5a7d401a17227bc47a9ee38c1c948a5d98cd4
memoria:2a401811bf47cb89,メモリア,记忆结晶资料,No.659 想い結ぶもの,No.659 连结思念之物,1,1,2a401811bf47cb89ddd61e17ff127654791d1ca6568b41c0911a444e3cf3c2d6,392292b8618a674e97ef3d562648a888020b0f441c97acb4fd52a8e70157fe05
memoria:5e1a9f752bcd96c3,メモリア,记忆结晶资料,No.66 果たすと誓った約束,No.66 誓要兑现的约定,1,1,5e1a9f752bcd96c3c474c2f9d1560056ad8cd32f4440d77a1f7c0f70d8185309,65dc888c15059869fda04f95360d7ac086d44c9869c13801c2e8155c17145176
memoria:02c19ff44874e816,メモリア,记忆结晶资料,No.660 憂鬱は夜明けとともに,No.660 忧郁伴黎明,1,1,02c19ff44874e8163db21a0ecfaf7649049f0c4d950a28f9f36c693e024ff740,5ad60c9155454fa38feec7bc3eea0d1c68597e0bd4cbba0003a576cc0284723c
memoria:8b4aea005c4f8039,メモリア,记忆结晶资料,No.661 最後の異端審問官,No.661 最後的異端審問官,1,1,8b4aea005c4f8039794bead2e34db46973f49b5a95111b92a9753e59a5659675,695c59e1115459eb3c8bd9842748cf6971aac50063175175cf207cc0ebd2ecdd
memoria:39b172326894c39f,メモリア,记忆结晶资料,No.662 さよならの寓話,No.662 离别的寓言,1,1,39b172326894c39faa91124aa76277759692cc5fcd1157efa41ae2f710d27ede,fa47ca5545f1bd0f43b04ae0fb281b127631943e0ebda6102026d661045e08ba
memoria:72eeb6652385c6cf,メモリア,记忆结晶资料,No.663 すぎさりし夢,No.663 远去的梦,1,1,72eeb6652385c6cfc0da4a99e13ca71de5ad20fcaf54382b9167b92de90d7ef7,ea876e62a40f16847ee8234a28c67ee1d62e3e37e12ccffe47be0d7e935dab87
memoria:94fa741bc078a248,メモリア,记忆结晶资料,No.664 鏡に映る虚勢の笑顔,No.664 映于镜中的虚张笑容,1,1,94fa741bc078a2484c44536c927de85c8660aa5c8cfcab9ab7b4bf21a680f961,b2a53d76d1d9f1073e9205faae45b7801fe77c471619557344620042ba32f4cc
memoria:304a2e10244223ea,メモリア,记忆结晶资料,No.665 ミラクル☆レポーターズ,No.665 Miracle☆Reporters,1,1,304a2e10244223ea88959d9bb4b9cb5708a2d07476a1cc3d1ebe2abba1b89883,6756829aede009f0696b455578032d92170cc6871c1649a77a16d32550c834c7
memoria:e5eef6201b30719c,メモリア,记忆结晶资料,No.666 「おめでとう」の数だけ,No.666 听多少声“恭喜”,1,1,e5eef6201b30719cc4e75fc40c32f1a070140dfda9ce4d374ac3e9024a9ff00d,4fac76f8a30cf189a647510dc4556e30a0334ab928b790226ca9cbf7aa75a75d
memoria:897413ab891d91b5,メモリア,记忆结晶资料,No.667 書きかけの日記,No.667 尚未写完的日记,1,1,897413ab891d91b57f7c2b0d8d57bef3eb707b25ea7efaba97147f2b2828ac03,6b9dfdfe841f9b3a4866f3af3e1ddc6e8ac4513547bdd0c3c039b2610a7febe6
memoria:fd23c53c5469af88,メモリア,记忆结晶资料,No.668 未来（きぼう）への一歩,No.668 未来（きぼう）への一歩,1,1,fd23c53c5469af888966defb545591d4dd32a1db8f68a75325ca929b0b5d2236,17a10b2b8eb8e974d6149cf17c092fbe96dbc7404b5e2a9e24d7ae65c46e6cdb
memoria:476266dcc710949e,メモリア,记忆结晶资料,No.669 再会を信じて「チャオ！」,No.669 再会を信じて「チャオ！」,1,1,476266dcc710949e0a2d5779486f43422c6ac3eb1a942a45ff82c666feaae0be,d0bbf62895986857ce0a2586de2cbbe89822815ee9085bc357e975eda8a9d79f
memoria:4fce2e6ff04f0ada,メモリア,记忆结晶资料,No.67 勝利の紅茶,No.67 胜利的红茶,1,1,4fce2e6ff04f0adae5430ae7e474794e5f079dbd3db2cc5980d3082de89f7aa3,62b6de9faaec7316b72bb40baafcf38a0b67af7f0e1a38d33c9856fa905ca913
memoria:d83471e062f1f135,メモリア,记忆结晶资料,No.670 魔法少女狩りは正義のために,No.670 狩猎魔法少女是为了正义,1,1,d83471e062f1f1355020b7f59ff792d9029427289b5314e56e5daad4fcc9b196,d00e8d4964f06b83e657d1fe3e3910d001f20c71e29353b2212d33dfd0488d78
memoria:5714cc853b4dcb0f,メモリア,记忆结晶资料,No.671 疑似家族は平和から,No.671 疑似家人平和来自,1,1,5714cc853b4dcb0f0dbb43c5bbeda6b72c83c4850ebcb19fd887af84931fa46d,713f1509419c913b49661a69579eef6f8b6880f3460aaaef01108d24fe0ec4d7
memoria:be8f7e742609ac3f,メモリア,记忆结晶资料,No.672 かぼちゃ尽くしなの！,No.672 かぼちゃ尽くしなの！,1,1,be8f7e742609ac3fa90c58e732e04aafd9cb727956b7e7df8b5e3fc03cb0def8,ca8e00534bdd49d14d5fec15e35bd0dc08e47320606b36a8e53308d96dbeb79c
memoria:4a270927493fd3d7,メモリア,记忆结晶资料,No.673 かぼちゃの王様大満足！,No.673 かぼちゃの王様大満足！,1,1,4a270927493fd3d7e28049f4f9ddc69fac1302a09e8cb3eb891a474152ab68f3,ce1320cc940f6027c885a6d53bd64c757adca83d0679eaf8bd610b259055d496
memoria:9246324f2e742370,メモリア,记忆结晶资料,No.674 いつもいつでもすれ違い,No.674 无论何时都没交集,1,1,9246324f2e7423703544765f34b7474080f886e13eabc247e5f6083acec2b7b7,94bd5161adefbda9c6b1d79453b834f7f48f2e430d03ebf90e4c7784b336eeb9
memoria:fafe927d69aabf88,メモリア,记忆结晶资料,No.675 ハッピーハロウィンなの！,No.675 ハッピーハロウィンなの！,1,1,fafe927d69aabf888ea9fbed7f9a6a105958b574aac779fba27c154f72e3e7f3,3f2729846bd4e9a80c261055c90e61d79764b09842958fa86be5be5c9240e0d0
memoria:b81c17b132fdd04e,メモリア,记忆结晶资料,No.676 アンハッピーハロウィンなワケ,No.676 真是Unhappy的Halloween,1,1,b81c17b132fdd04eec440b74afa16f2ca43b8361b4ee717a56f1b71368dbd8b9,05b775f550ccc87c97bb26c7b3bd031057e875a292629974f3857c85a5877517
memoria:cd9b55b146c872af,メモリア,记忆结晶资料,No.677 光塚の魂,No.677 光塚的魂,1,1,cd9b55b146c872af0b198e9af4db9d5d2630e261f419cda2a680c80b78e2144b,ad9391464f1e7ca10bd7da09dfc300d1b4f15153c87727c2d105c81072476436
memoria:1a739e53e563397f,メモリア,记忆结晶资料,No.678 未来は炎に消えて,No.678 未来在火焰中消失,1,1,1a739e53e563397f68b5304da6d0388c5590a38cf00c5b5cdecc3fd6b7440b6a,a1b8963fdef1f8ee81860fde6e3016ac1ad1d67c0398a81cd8c3fdbfc09ad390
memoria:1fb1e6efcd727dc9,メモリア,记忆结晶资料,No.679 ゆらめく憧憬,No.679 摇曳的憧憬,1,1,1fb1e6efcd727dc918ca60721525e00faf2c13a7f25ebc7ac1fd97a5180a7d18,4fa712a7bf34f60877e6dece6a483b0c9c9d8d27d3c2fc6546d30a55dd4868b1
memoria:184bbb9839742d3d,メモリア,记忆结晶资料,No.68 びっしり書かれた料理レシピ,No.68 写得密密麻麻的食谱,1,1,184bbb9839742d3d5b03b2752a96a57c1b0d5e7c55518ab9175c9cb824bc9191,84ad3cf68bd663b5da6d7075beb3a6e70d17d56afc36cb4fd26daa6a4922c26f
memoria:aa5da10eff756857,メモリア,记忆结晶资料,No.680 黄昏のジャイアントキリング,No.680 黄昏的巨环,1,1,aa5da10eff756857fa40169761b680a3f2f1dbea41359300dc021da612914702,e05ab4699caf0aaa529f5953d0c3e423708541c76111ad2616e500048d8f255d
memoria:665ae81f36d4254d,メモリア,记忆结晶资料,No.681 おひとりさま３００円まで,No.681 おひとりさま３００円まで,1,1,665ae81f36d4254de31432a5fc42939174bdf17ff70a716de9bad44a0632accb,c2f959d288bd461cbdb33559df67d8998de6f24698190426cb9f51d773e04bce
memoria:93a11d533b092041,メモリア,记忆结晶资料,No.682 風を切ってどこまでも,No.682 永远在风中穿行,1,1,93a11d533b09204116813206c5a786eb6d7d6cc68488a54fac7068e6ee5b541f,394b386666c81d27ae88a7d96809c02ae7f22e4e2a7bad2281f0becfa8a9fc6b
memoria:914acb28f752a252,メモリア,记忆结晶资料,No.683 飛んじゃうくらいに大好きな,No.683 爱到快要失去意识般,1,1,914acb28f752a25291a99bc70155f2934020f94e60ce220ec6315c19280de3f4,4b7c90087802165efc700052cc79d582ad12cefff11cf370292163111b31c78d
memoria:5f01c882a331079a,メモリア,记忆结晶资料,No.684 束の間、月光に舞う,"No.684 刹那间,在月光下飞舞",1,1,5f01c882a331079ae9e428779f0a94dfee95cce3caed4fabe1d4e529421b850b,f8d194acec4c6e632412916d819c656bab30a76c9823c8e8b3b6082e4ab6f29e
memoria:804d9bd261fbf28d,メモリア,记忆结晶资料,No.685 足が好きだと言ったばかりに,No.685 明明才刚说喜欢脚的,1,1,804d9bd261fbf28da2a191862e4501fd6d9c123f4f6dc6fda3ce7e6f3144c043,0b887ca527da67e8dc5eb85f43f290497efb73e9cdca0342b8395c35ccd52484
memoria:a2dc0af2be044113,メモリア,记忆结晶资料,No.686 そのおみ足は世界一！,No.686 そのおみ足は世界一！,1,1,a2dc0af2be044113bdce555b8f4d8fcbe12f1c51b14ed4574814b47f01cfb74e,0d124f4797031de66cc568bde88cd33d6a0509be6033cf355aeca65c05517963
memoria:bdcc76ec5c7b172c,メモリア,记忆结晶资料,No.687 魔法少女になれる気がしたの,No.687 感觉自己能当好魔法少女,1,1,bdcc76ec5c7b172cf6dd6be1f334d68865d1d7c848e4a9e6b0adb4d837e3c270,561bf43f839badb0163c6cd852cb34ee141af9103151be7d1ab147574ae0dffe
memoria:7cae59e9abd0bab0,メモリア,记忆结晶资料,No.688 虚構の救世主,No.688 虚構的救世主,1,1,7cae59e9abd0bab0594362ee95fd1c36541a89cd9d2c6bf12df2152461c8daa6,28180befad41f58e9de2c1d336634ac28ad51029add81f957b7353eb803ae254
memoria:6f341bf7b68c2bdd,メモリア,记忆结晶资料,No.689 聖女の微笑みは…,No.689 聖女の微笑みは…,1,1,6f341bf7b68c2bdd6f4465f90ed6000090fb496d5d42c53dec7beda2c92eff9a,4bde1dd82bb06d0d7b585a5cc94600850545ca88d0669e55f7397564c6356c45
memoria:17f6307e3212372f,メモリア,记忆结晶资料,No.69 神浜に広がる【うわさ】,No.69 广传于神滨的【传言】,1,1,17f6307e3212372f234d99a4406a4d7d5902d1aab9c0e4aca7bf37fdab4cb1a9,6dff809c2558e0b469107413b53bbf24b9adc783d85c70892aa5887fabafa988
memoria:0c0cc52351131834,メモリア,记忆结晶资料,No.690 この呪縛を抜け出して,No.690 挣脱这个魔咒,1,1,0c0cc52351131834021e3b00bfd5920286372d410df2822a6a33bf9d4475284c,2db0a036c4aa9debf1f17f1f1fb2f774449f41b3539aa4d964e11ac196719050
memoria:e75fe0708c48f0a6,メモリア,记忆结晶资料,No.691 鏡に映るまやかしの憎悪,No.691 映于镜中的虚假憎恶,1,1,e75fe0708c48f0a62f6ffbab5f28f71702d7bcf73377abf39630ad23e96fe651,5b4af907bbfc47537bebdeafde3f87ab6c6350d6f1e8cbc8de9c8b4a0a157010
memoria:84123d8bdbd8c76a,メモリア,记忆结晶资料,No.692 ベファーナの贈り物,No.692 贝法娜的赠礼,1,1,84123d8bdbd8c76a4798c7d9e02cbc4762c05e619265d410b4219008994c7c22,86894950325362af6bb3e5f631ec2cc6e10b2d9ab1f5cfc332fa38799123587a
memoria:c3d7da9c6090ce26,メモリア,记忆结晶资料,No.693 クールな指導のあたたかみ,No.693 冷静的指导的温暖,1,1,c3d7da9c6090ce268d4353dbf30e86d2db85d6e18d7619b25c26382792f46497,c90fb3856a9c66a3c40068148098d9c6c8a7621211f5fc6361c4310fb5fed257
memoria:0613faaa2137626a,メモリア,记忆结晶资料,No.694 波乱のダブルス部門,No.694 波折的双打部门,1,1,0613faaa2137626a6c65e9b3d0b214d40d2f52efc5d88d93479ca110e68e373e,9dcdac015ac23a4fdf7da47656b0ca66bda9377dbb70a2a99e0ba81d334ba4f1
memoria:1116e679c8c047f9,メモリア,记忆结晶资料,No.695 魔法使いの交通安全,No.695 魔法师的交通安全,1,1,1116e679c8c047f971a933f7c72be1091bdc14d9c41e40f1824301068bd265ce,5ee8fd608b87a92acaa60cfb5a5221630d600088d0625d01fb411a3fb1c7fc4b
memoria:84a970177b9f9de7,メモリア,记忆结晶资料,No.696 飾りなき声を求めて,No.696 追求不加掩饰的声音,1,1,84a970177b9f9de7f509b7d69287e7e4514ca27f3f13e3903d59c6e5fca08ebb,837374f326433ebbe8063c6e99504788ad0d52e13a7d0abf6ed7b14eb9535f81
memoria:fa1d47a35b028754,メモリア,记忆结晶资料,No.697 お前はそれでいいのかよ,No.697 你难道认为这样没问题吗,1,1,fa1d47a35b028754f9c2b0fea1751f67ce8dc1cd78e4636217945bbf6dcb220e,521465ff38bf2ecd5d6e337e708ad12b043cdbb4c5119368c20fc071c82e06ab
memoria:2c3f072fb047a2e1,メモリア,记忆结晶资料,No.698 ハイカラ今どきデザイン案,No.698 西洋现代设计方案,1,1,2c3f072fb047a2e15faeda57362e767778b2a82b8e8b24c11ea241e312c6873a,4c681a12925fb6731cd30d6d4d4fffd1fbbb3cbd749760735ff0f27c94acba60
memoria:75c6004e0dd55ff9,メモリア,记忆结晶资料,No.699 どんな衣装もお手のもの,No.699 所有衣服都能轻易变出来,1,1,75c6004e0dd55ff9a8705dc09e6eca34b3fa75c93606efb29c8158b3e35f8513,9d34a1b4047f23a1cdae853365425ede2cef8d45cd262c3c3276d54a418d10c6
memoria:42477e4dc9395577,メモリア,记忆结晶资料,No.7 銀の魔女の手下,No.7 银之魔女的手下,1,1,42477e4dc9395577eb42d42625d0d506ad2260cea8cc6e5970fbb7f6816fe714,354596bef10dbbf0506857833654e524d07e6c35bed1432c5aa65eeba2fc11ec
memoria:1833e2c22104cb38,メモリア,记忆结晶资料,No.70 味はいかほど？,No.70 味はいかほど？,1,1,1833e2c22104cb3859e08675ddfc10dcc9d0a5f0d4431b900292ff8b455cf887,3044c8933db823bf193e2e9e41ce970c1f4e9dab427f8e9d127873789bb944e6
memoria:612cba376b06b695,メモリア,记忆结晶资料,No.700 時女一族よりご挨拶！,No.700 時女一族よりご挨拶！,1,1,612cba376b06b69563ead00b56fa6296eefeaede057e4f48e2e8749199a77c86,155f51a0bc3bbf7b7aecf42e4e00c3605fe6444528380ab16589d316d03e2692
memoria:190faa9cc0fe2480,メモリア,记忆结晶资料,No.701 一族に新たな門出を,No.701 为一族开辟新的门户,1,1,190faa9cc0fe2480f6d6c998d18f6061875bfeca020a040670264cdaa420e221,c833f48c3ff3cb01285b653195f4c533d94313baaaa4b5862e1955afe04d2bff
memoria:9225fa34ac44bd09,メモリア,记忆结晶资料,No.702 陽は地を照らさず心は陰り,"No.702 太阳不照地,心也会阴",1,1,9225fa34ac44bd09c14c5893d2a55a1ebebb11c4cff7a966302be653fc455a2a,183343e3fa5371ab6b8549363d17d21ef9e0d7af085701aa936a13784546aa44
memoria:144e5a2ea1247680,メモリア,记忆结晶资料,No.703 新たな年にときめいて,No.703 心情雀跃迎新年,1,1,144e5a2ea1247680564a6e459de430f48a0954780be574d0d28bcae9ecffff30,0a0935742354b727626dd75c8b91c83b64d539034cf7e0b3f850dbff5e6d19e0
memoria:affddf499f081bf5,メモリア,记忆结晶资料,No.704 ふたりで立つ年始め,No.704 两个人站在一起的新年,1,1,affddf499f081bf547e22287151c24faf7b80e667f66f6b54fce750eb59aa0b7,df19eee4bdd7d634550e3e9698d429e8d97b0a4100fff927684575c5b45e4f01
memoria:7f3dcc8865fed6dd,メモリア,记忆结晶资料,No.705 災厄を招く馬鹿騒ぎ,No.705 招致灾祸的荒唐事件,1,1,7f3dcc8865fed6dd7ccd316cbc84fded5d27a66917b6998ebb41e807d3a731a7,6ed1e4150340a664e6ec9b6a5dd7b6654cd7c2d1acbbb5ff8e06a46aa80040e6
memoria:83c435bbe9b3e994,メモリア,记忆结晶资料,No.706 生き残りたいと願ったのは,No.706 之所以许愿想要活下去,1,1,83c435bbe9b3e994211d44db9cf0ff759e7d4650b781fe3a43e94cfa7a8d750a,13ec8cb589abc57c0afeee2fced4c540032b8f1db13f5471671d2ce17325be3c
memoria:d9ebb681763e103f,メモリア,记忆结晶资料,No.707 あてがわれたみかづき荘,No.707 被分配的三日月庄,1,1,d9ebb681763e103f77eb4a86f9aba3b9257e014506b583fe4887af55f81a6831,b658bcb270682fd9c78793a93550fc058376585b7527036f21c34e3ef2f56008
memoria:b9e4d94848b745a3,メモリア,记忆结晶资料,No.708 私にしかできないことです,No.708 这是只有我能做到的事,1,1,b9e4d94848b745a3afbe1183430c40e97e8294d904806ea9555187b544521861,89ce5ab566c49b5660efd59a88851ac96e557726c528cfb1800ccc1f819cb087
memoria:79ab72b6ed5e3783,メモリア,记忆结晶资料,No.709 見えないものに狙われて,No.709 被看不见的东西瞄准,1,1,79ab72b6ed5e3783448415de1cbc8c67066432143d84dc9b981d67b0c001896e,e7ecabb88859c46aa6a3bf88bc703a15fc8b8d77d15eada101e27cc87ab6a263
memoria:4a2451da547995f9,メモリア,记忆结晶资料,No.71 対極的な存在,No.71 两极相对的存在,1,1,4a2451da547995f9db13f721f400561460d5d87ebfea03ae3b9de456385e074a,e93b73e6558827a6a3e8e9c91d7e71c0917367b7dbe5f376bd8b5821034edf7f
memoria:8f686fa6cab3cd03,メモリア,记忆结晶资料,No.710 諦めたはずの光,No.710 本该断念的光,1,1,8f686fa6cab3cd034dfb11c5c53c833b5cacedc699630f2b4af41cfdc4610918,5bc2494639de141924b35a596fbc2017a035bd800a1a1a2c5fc6f75f15f7ca62
memoria:075bf39d87b6e669,メモリア,记忆结晶资料,No.711 知りたい気持ち,No.711 想知道的心情,1,1,075bf39d87b6e6690e9c527882761ac5743044e1236047e48a6d534b976b60cf,0cca3403f98b275e9a7b295d1c82cf1f84782875d309fe747a054de8d0ad6831
memoria:c80fa92e2dfa6621,メモリア,记忆结晶资料,No.712 諦念に誘う断末魔,No.712 诱人死心的垂死挣扎,1,1,c80fa92e2dfa66213a7ca7ef5ec26372f11035a62680ee8627692272a1e3f72a,b6c43099e3ee2105820bf977932c15b84b2cedca3b42f09ac4f2a3ddb3472548
memoria:b741d955c0eb01b5,メモリア,记忆结晶资料,No.713 そして自己は停止する,No.713 于是将自我停止,1,1,b741d955c0eb01b50fb9263c8cd771ac7e13fe49ebe9b38abff5524ec85817a9,b5e6217359e50d8afdca478cf573cd3f16f1115b13c8aeb45dc775bb2a25dcc2
memoria:3aac1e23ee091039,メモリア,记忆结晶资料,No.714 食うかい？,No.714 食うかい？,1,1,3aac1e23ee0910397b5777a600859213409bb445a89313541ab73a286292c088,7590cd811d95ff99f2b99682d8d777fbd7e1075a751eb4fb69028c15aac79659
memoria:cc27a67c2eb12fc6,メモリア,记忆结晶资料,No.715 she has a heart,No.715 she has a heart,1,1,cc27a67c2eb12fc6c62efce971ae0a903c3fa1dd91bfe690ed0cd4ff94a36f01,ddd407241b13d96bb2cdb47a7f8f7171ff7868b174cb53ef254a1b3abb05c2ce
memoria:5c6283b767421483,メモリア,记忆结晶资料,No.716 包んで！膨らむこの気持ち,No.716 包んで！膨らむこの気持ち,1,1,5c6283b76742148351a5d008b522f36b0ace331c8254f908d860846dd4ecdcb7,237ba8d69013ca2edeeea031c43c98f654ffcd6a06ff70e175c353a8c2fceca8
memoria:e49d0264ea0feb5c,メモリア,记忆结晶资料,No.717 あたしはあたし！,No.717 あたしはあたし！,1,1,e49d0264ea0feb5cc2454e4a53977bb3fe2f926816b6950fcb8b0fd785f1c31c,811ab6e3083a1360a66e9917f255a9793429531d0740fd2e3363d534f5b8a8a2
memoria:92f8a89eec2a7bc2,メモリア,记忆结晶资料,No.718 Sisters,No.718 Sisters,1,1,92f8a89eec2a7bc2c33cc1da452bf80c0a904e4b934e4b81895f2e6dcae4a0a2,f59e495212ffd73a9849713ad134504a930f2ae4e3ae86dbe65f032cf8d19ff1
memoria:3e3629b025487cc8,メモリア,记忆结晶资料,No.719 包んで！輝くこの想い,No.719 包んで！輝くこの想い,1,1,3e3629b025487cc8d3d6f16af803762caa1dcc2fce1ac466592b06b2f09c420e,8151cbdc2885bd16c8a43e5c232609e8d66b48da94671d081abec0105a91bcd6
memoria:1b15be0a8dd4a14f,メモリア,记忆结晶资料,No.72 アタシだって女の子,No.72 我也是女孩子呀,1,1,1b15be0a8dd4a14fbb12f9144d1bedc2f73a092b4b4d1b6252c3c21237e4e648,8f5ed9bb0c52aafe64442a7f93af63a21ac694cf89478e772348ca088b3bab9d
memoria:c158c1f7c94404bf,メモリア,记忆结晶资料,No.720 インキューブの瞳,No.720 孵化者之瞳,1,1,c158c1f7c94404bfd878807fc06a44e63efd0e33f6ab86d14d63e0e21574fe4b,39866b54ae9ce1452fb2ee24ac237b583189509ad98cd3827eeb887e7bbedd5d
memoria:4c992cae875176e2,メモリア,记忆结晶资料,No.721 1000年の眠りを超えて,No.721 超越1000年的睡眠,1,1,4c992cae875176e25ea9dc037768b7dd5d356d60ca5257c2b405f31f4d37e202,6bf1d3e785fdb1a698eefa7006adfa7870f90467724bf1bc348864713600a906
memoria:23871afac08a450e,メモリア,记忆结晶资料,No.722 女王の歩む道,No.722 女王所走的道路,1,1,23871afac08a450e274ffcb769c9d913ca9cd1529211d195cd17d3f3db9236c9,5acdb6a65d3fba1a3af9d6218b5d45e565cedaf43ff0a5b93897045864b694c3
memoria:cd6428476aa8e3be,メモリア,记忆结晶资料,No.723 錬金術士コンビ参上！,No.723 錬金術士コンビ参上！,1,1,cd6428476aa8e3be665c46e24ea2da48bedf913ea6584ea41f5b65ecf6f37684,f5a643a1ce048960d0697cbcdf15373a6e997e340a13c6500a041ab8f57ee732
memoria:2ab81607e0a51147,メモリア,记忆结晶资料,No.724 想いを継ぐものたち,No.724 继承思想的人们,1,1,2ab81607e0a5114764b98f60c5089153bd6e4b2a116b1d0746526b52461cb23e,fbc7c0370094b8145370062192635aee36a5d50bd46d4f9eb3f343f7b49d6db3
memoria:5b5114bcb526c18c,メモリア,记忆结晶资料,No.725 ロッシュ城の邂逅,No.725 洛什城堡的邂逅,1,1,5b5114bcb526c18c595b647de14b428a5afa24569cae994e6ca2a040dc5e8f97,7b37e2c555d3a2558085bcd7954c8ac3cc0bfa3e208093cd88524a5c542af86e
memoria:80675fe1c1f1970e,メモリア,记忆结晶资料,No.726 意志は決して消させない,No.726 决不让意志消失,1,1,80675fe1c1f1970e00e41186e93c9a29fcf8960580cfd0a3cdc3065763c2bf36,758131210e010b0cded791b81026940a20d741a09a6e014a9f1576e1cc6d3ec8
memoria:3cab2c6e99616e75,メモリア,记忆结晶资料,No.727 無感情の放課後,No.727 無感情的放課後,1,1,3cab2c6e99616e75d955b111a1dbcdfbe2dbfe2da279ce043de42e703e7e26d7,2c28143a3249d90cb916620539cfacef988b37f10533ff30fb649008a198ea48
memoria:fea78febacacf531,メモリア,记忆结晶资料,No.728 甘やかな芽生え,No.728 甜蜜的萌芽,1,1,fea78febacacf531dd5a22dd069e4d4a2b78d29e0d536531cdc609a1b9fda690,583971b3c89db4b27e7485ff135862b172167f79fbad6b54abd23d0537e68759
memoria:f655a771939599da,メモリア,记忆结晶资料,No.729 重すぎる代償,No.729 过于沉重的代价,1,1,f655a771939599da7b5064a47add4d0f9854195f2f130280935f43122c22d030,ba1efd8ee53d7740e14d009e37ec058f7c5f1182c005ee3daf23096962516a88
memoria:6b291f65700edf2b,メモリア,记忆结晶资料,No.73 アニマルパラダイス,No.73 Animal Paradise,1,1,6b291f65700edf2b0d7b4cae84bf25b2dec2601bd23f082e6cee109578d5355d,4b5a28c9f72b8c5ed2cf3d5ef703591a9a17e7572a7e8bdca8f92c8f522e7c91
memoria:3665b24fcf1bffb0,メモリア,记忆结晶资料,No.730 星に届く日まで,No.730 直到抵达星星那天,1,1,3665b24fcf1bffb00479a5a21043e0c2a12903c94e1936032b5d4009a0500625,0292db6da05f9d5fa229ca65e897f986e51d278fadb4a952a9996a5a2f089f8b
memoria:cad82b7491666123,メモリア,记忆结晶资料,No.731 波乱混乱ハプニング,No.731 波澜混乱Happening,1,1,cad82b74916661234c9e6fe069d49accd9f9f03db4df60187daf78e76f6bdc82,2c195b8d7a707ab3364a372e302904d55f0c1dc8d157d690818d24b16216d534
memoria:8e63fa58ee9a3398,メモリア,记忆结晶资料,No.732 ファースト・レコード,No.732 ファースト・レコード,1,1,8e63fa58ee9a33989dbc6ea1164b1e4dc75f8fc6f45097e3fbfbbcc3eb8c9c1b,16855e5b165266d1e6549d24f9b8919e919c21b886dc52d3ec86495ef8f1421c
memoria:d4702305da88f5d0,メモリア,记忆结晶资料,No.733 覚醒前夜,No.733 覚醒前夜,1,1,d4702305da88f5d027b369f4fa2932f71996b4eac0a7020d5e9bdd7ff189efce,2c2a5e536264b931a511bb4b6e802db88ba10a807e57a30678dbb21c2ae0f7bd
memoria:d508cdd0b6163561,メモリア,记忆结晶资料,No.734 悪魔でクールにレスキュー待ち,No.734 恶魔酷酷地等待救援,1,1,d508cdd0b616356157fd1cc0a57c68bfa17668f5731e2d8b49cc27ff655bbe6a,99029084152ce88b4c60c84deddd581006bd7acfe175688c491f80377a21a2ff
memoria:e8b79f368ab807f8,メモリア,记忆结晶资料,No.735 悪魔も常夏ビーチ映え,No.735 恶魔也在盛夏海滩美如画,1,1,e8b79f368ab807f809ff504a49bc77147558230f196954b508dfb7701ae7c2f5,1fbdb12af0cde2ddea646136ec165686580def1f56e8154d7b024e11d7108e18
memoria:c9c51e4d9001e732,メモリア,记忆结晶资料,No.736 【緊急配信】星４出します,No.736 【緊急配信】星４出します,1,1,c9c51e4d9001e73280ed33afe2785c8fd39774e910406bf479f0a9eb661a4399,c7fbe15d5019761d9ee0cf47165060c3a0d1267d77673c11f74e4aeaa0bd12a6
memoria:db5782d27848fa11,メモリア,记忆结晶资料,No.737 史上最強のメモリア（自称）,No.737 史上最強のメモリア（自称）,1,1,db5782d27848fa117b59ef3f654615f39123ff1994e8248d094925c50563ebb4,24236a0558730091a0c6da42cea43f6bc00685ac65a789fd07d2c2ddd2e9eba2
memoria:02582c230378affd,メモリア,记忆结晶资料,No.738 満ち足りた虚構,No.738 满足的虚构,1,1,02582c230378affd2dbf5ef54c88951a93148a035249c291cd89be5ef54cadf5,f438a764faacb7b1ef8d2cb5a070df377b992085ab7d66e797e63ab6c36f8da4
memoria:52f61c69da96fa80,メモリア,记忆结晶资料,No.739 約束したじゃないですか,No.739 不是约好了吗,1,1,52f61c69da96fa80571b04cf093a5381d6fb30a39667f040edeb1f29fb38a795,09a772889850248e846b9f90fcb8aff0dc5cd35af2750301fa9824038e41bfaf
memoria:8c9d00a2fe5f82cd,メモリア,记忆结晶资料,No.74 受け継ぐ意志,No.74 传承下的意志,1,1,8c9d00a2fe5f82cd0f476b0d4e48351bfbf82d22e10af2acfa0f9adbb9fdd0e1,655f27b198d279ea774c9daff32a509835ac4c80084a77bf92af0403b0b379f4
memoria:3fa96ec0b27695a1,メモリア,记忆结晶资料,No.740 私にしかできないことです,No.740 这是只有我能做到的事,1,1,3fa96ec0b27695a1d30c0131c12502c9b1704354fcf12fde75c1c39d1a38e234,9cef5a6cde203be6e924b594b7548b120ea9e7cf453caa8ffbcd6aeb7ff05b1e
memoria:593fb82151e1112b,メモリア,记忆结晶资料,No.741 鏡に映る透明な想い,No.741 镜中映出的透明思绪,1,1,593fb82151e1112b18244fec9ba6bc00e8d373f838d27f690285647bf0ad3828,91a5a688d1ccc90c9d52f4f18ea9361c06d6a46c8897ab0db41af880edccac06
memoria:e93281af7d5739b9,メモリア,记忆结晶资料,No.742 夢見たあとに,No.742 梦想之后,1,1,e93281af7d5739b9ab0dba5aca3ffa7f6c906e31ec22897d76d22d075a6db1ef,7ee41d2d5ceea7f88869e39154d1baa77d9c0d1882820c2ab4d31f851f4e0f5d
memoria:c16c91ba122d3b00,メモリア,记忆结晶资料,No.743 憧れに背伸びして,No.743 对憧憬翘首以盼,1,1,c16c91ba122d3b001b4b43bbb99b45e038309983e0ce2c9e848f330160c69c46,c8187ffcff26714fdd138b490bb53863c8b2090e08f7ab15f5b1544b5925d9de
memoria:f52c84f56fccf542,メモリア,记忆结晶资料,No.744 水底に沈む涙,No.744 沉到水底的眼泪,1,1,f52c84f56fccf5424184608801771326b23d1581e826919be481a9ab0a535ca1,6804505ab949922a87472d2b8802b643989aee2ce4c35d758b5cb881509d73aa
memoria:aecc33ff3fa2eed9,メモリア,记忆结晶资料,No.745 最後は笑ってさようなら,No.745 最后笑着说再见,1,1,aecc33ff3fa2eed9a0839b8a348ba4fb1bfeda6b206eb62fe574a6e69ae75602,9fa649b213d82e3c51d7bd6422ceefd06f1ee47dcb85fe5c324256c77cc3a94c
memoria:6d9ebbbd561512bd,メモリア,记忆结晶资料,No.746 ショータイムなんよ！,No.746 ショータイムなんよ！,1,1,6d9ebbbd561512bdc72a32a9f3dca2ea188a138333c0a720f7eadd48c470400c,2bcf3f97e501849e35aab3f18cbd32aa2a268d3966e9cf12dce8c8ac3df8f8de
memoria:39fc83b138ef46e4,メモリア,记忆结晶资料,No.747 今日はあなたの食べ方で,No.747 今天就照你的吃法,1,1,39fc83b138ef46e4a5968afdad6233e5bdcfa1629b6ac7b45df0b42abca3239f,0c365e519518f2c8d61a7c0cd8006c33d2ed6c69b1c23cf4614c388b20527a15
memoria:dfc9fdb0723c9811,メモリア,记忆结晶资料,No.748 いつでも心にあるもの,No.748 常在心中之物,1,1,dfc9fdb0723c9811ab82b039b190a8df529351869217cb73a139f152851e6fca,12c737801732ea2c27401ea350dcc491b74ccd8895d1ded2b2b90d864cde6a55
memoria:b712417b2a3ea475,メモリア,记忆结晶资料,No.749 かつて望んだこと…,No.749 かつて望んだこと…,1,1,b712417b2a3ea475de26925dbf2716c15cd8ae8b4abd3572b3da298e8179b104,5bbc9f0ccd7e561b27b2a5780f4a3276d9b6317ec218b123b84316bc12b3582c
memoria:4137bb4f5188849c,メモリア,记忆结晶资料,No.75 まどかのノート,No.75 小圆的笔记本,1,1,4137bb4f5188849ce6938fa61bdb6a2cf4056da4b6e19851056dc069de98f4e0,4ffca76fe31297cd8a0a54d41a9ff40a89c8134f92fc43eb8ebcefab3788ad8c
memoria:eba1a2e86e0da5dc,メモリア,记忆结晶资料,No.750 ふたりの未来に至る決着を,No.750 直至两人未来的决战,1,1,eba1a2e86e0da5dc9693062a4c928613a57081784a7b14d0187486ddbaa8806c,034cc2427c8725a5c31e07a80edd6af43ee5c74421416bd2c7ff73fea5baa290
memoria:b02ee89818fff5c6,メモリア,记忆结晶资料,No.751 ケーキの贅沢な食べ方,No.751 蛋糕的奢侈吃法,1,1,b02ee89818fff5c660f2ede5e6b92e5f9f147ccf44d7f57b960e0eb69e69c395,45ca5648862396ca4ff2210734c213f6a1bdec67b8374cc541af219c9803c464
memoria:63f074dd7b940a3a,メモリア,记忆结晶资料,No.752 あの夏のキュン,No.752 那个夏天的心跳,1,1,63f074dd7b940a3acd81b601cb711d41ef690e68f1de2247c11f52fc36e2a212,31366c972acad25b6a0d6fb79a7123fd068ff961bdd7cc7ac701c0b13a27e753
memoria:f881e84fe8e4f34f,メモリア,记忆结晶资料,No.753 私チャンの彼ピ,No.753 我的男朋友,1,1,f881e84fe8e4f34f8252475092166ba6f5134ad1aacb4faa219b0ff8e9c51154,cdabc0764f56eb4aa15078c103209235eb5c156495fc5b7fb48d9ee0fbe08e62
memoria:4f9cae40d44402db,メモリア,记忆结晶资料,No.754 フォーエバー・イン・ミー,No.754 フォーエバー・イン・ミー,1,1,4f9cae40d44402db41a588b5bf4c8ff413b154e3c55bc9f9d0f06113e4747c8f,dd75bb4ce5de3652d33ab6d7b421ca1904f403961e0170e9e42d7fd0771d9b94
memoria:db535f2695b63bc6,メモリア,记忆结晶资料,No.755 やがて消えゆく少女たちよ,No.755 终将逝去的少女们啊,1,1,db535f2695b63bc6521cb381eecb784f33372ba4e23f870c02ee7dde94c849bc,f71ec978d423520dbed0f45beb246ba155310e6ddd33c6d97258ffa219626c7d
memoria:235f292a60c57b36,メモリア,记忆结晶资料,No.756 何度切れても繋ぐもの,No.756 无论断多少次都连接起来的东西,1,1,235f292a60c57b36f6fa2089986bb5ae0554e3837d0e0254840702063cc849d3,6eed48e597f87b37fc774e634765bfa2abd3ba56d63b736892e40cf16245184c
memoria:5cf271e26fa488d8,メモリア,记忆结晶资料,No.757 大嫌いなレナ,No.757 最讨厌的玲奈,1,1,5cf271e26fa488d8cc70502e7c354e7575677cefbfb855a0e4ed1c9594fa74dc,378b20b49e07ee4874b42f762aa96a472a5cf4c93c8c5666f9a1426a2006d8b1
memoria:c5f492f48fa5eb37,メモリア,记忆结晶资料,No.758 下僕でいなさいっ！,No.758 下僕でいなさいっ！,1,1,c5f492f48fa5eb371d5873a55a79038ecf9c79e6deccaae2bbeef6e8ff44b7e9,ba928a4ee60f1666201e3992544e7049b3ba67a04ed10a46da5678a0812e07fd
memoria:397bd0986c3576d3,メモリア,记忆结晶资料,No.759 誰にも内緒の宝物,No.759 对谁都保密的宝物,1,1,397bd0986c3576d361a5ebbb21c27fbbf81d0d8a36ae1b47464a0155d1124835,52bfbb3922ae4c910032c4206944c0133167ff7081076e6e4005ed00e8232758
memoria:0ff0eb42c5e02c98,メモリア,记忆结晶资料,No.76 彼女を守る私になりたい,No.76 想成为保护她的我,1,1,0ff0eb42c5e02c983c2a7609b158ea26e3b3597e8ef8668d0ee0905bea11f2c2,722d1e22ccbbacd44361c526ae0dbc51c4636472d4250ae784880667debf32b7
memoria:5712334da4cff214,メモリア,记忆结晶资料,No.760 子どもっぽいって言わないで！,No.760 子どもっぽいって言わないで！,1,1,5712334da4cff21459cdaf3b572f731e5c2929c8bd73ab6881a2433c398e96ba,47d87d98a6a46ecf3d0101ad253fce78f51fe06ecae953c0337b62847f7e0acf
memoria:94e2a991887abe45,メモリア,记忆结晶资料,No.761 ゆっくりと、でも着実に,"No.761 慢慢地,但是踏实地",1,1,94e2a991887abe45acdb1a3bd4dc67363e865d70ed69ba6347e7b0204243393a,a406aeec9e70046bfbaeae5b53ec182081d1059f1a8254f5d7edc38adc6a6d27
memoria:b5f52e390388e1f6,メモリア,记忆结晶资料,No.762 ウサギさん当番の日,No.762 担任兔子照料员的日子,1,1,b5f52e390388e1f6f2cc0a37c168c252a8e2a4364010cdd394de1b996dd8a352,e701f30b722d91cc34609190dee535baf171e852c6bd0183edff8f8b62bfc98a
memoria:6d3759bfe95578af,メモリア,记忆结晶资料,No.763 参上！恋する小さな乙女,No.763 参上！恋する小さな乙女,1,1,6d3759bfe95578af04d8f8241d9487e70bc84aa544738f242594f852a203a111,8746d364cbb51a39f0085996ffc8135c4921e4b3659acba113c925f0ad3a4947
memoria:7b7792afce51c90c,メモリア,记忆结晶资料,No.764 ただいま敵情視察中,No.764 现在正在视察敌情,1,1,7b7792afce51c90cd6fff01a64c94e568c64e50619bdf336ac8054ce9f777ee0,607927dcd435154a5541ce27db00c510c45c60dc36fecf63dcc2d00b3ae2ae1d
memoria:493b0142443ff66e,メモリア,记忆结晶资料,No.765 僕たちは失敗した,No.765 我们失败了,1,1,493b0142443ff66e18d8ea7e05c94ca5b66ce06914290ef8e0cfbeba0dfee762,5b21bc0fb1f907b6ec28b2e54f875c5804d2b58c8a8ed9f2347fe5ca4417804a
memoria:d40c6c830c911ede,メモリア,记忆结晶资料,No.766 誰も知らない、私たちの記録,"No.766 无人知晓的,我们的记录",1,1,d40c6c830c911ede0f5886d33e3605e44782d4a3c8169fdd2b4d3dd0a5bc54d8,0ccfdc88d90a0d2b5273ea92d1e43dc6a6abaaef93fd3a45058598dd80c47a25
memoria:3620aabc93c9de1b,メモリア,记忆结晶资料,No.767 浅き夢の暁,No.767 浅梦的黎明,1,1,3620aabc93c9de1b4b153f89703f935f051975b5410eca716f15a688895d26d0,2da70e32c5ae461d7f895c5db689a3d18afa372b3685fe7d2869f0ecabd36a21
memoria:96b167321df4cf82,メモリア,记忆结晶资料,No.768 摂理に反した代償,No.768 违反天理的代价,1,1,96b167321df4cf823f2cf6de52800f0750ac39620129dca04d1d5020a2f81b2a,125b4c17bc296823b90d4504e87ab245182af0b672b6d730bab1adf693eade55
memoria:d0bf8223b0292939,メモリア,记忆结晶资料,No.769 スーパー使用人にお任せ,No.769 交给超级佣人,1,1,d0bf8223b0292939dc45af7f841b0d7ed67e48ce5966b7ca3ee8fec8cf206756,2dcbd830b817207dbb8d84551ead5a5a3297b189a4796ccb58d31cd0598eb983
memoria:44b3b56559b1b583,メモリア,记忆结晶资料,No.77 つかの間の休息,No.77 短暂的休息,1,1,44b3b56559b1b583ab73535278c748a0c565ed99a9cb1e3d4fa567bb3f6d5048,ed833510ac630555ffa59551885d5b07c2feb1043f2371fd6cad06bb5842bdb9
memoria:c9ba8a669f71e57d,メモリア,记忆结晶资料,No.770 愛され、救われていたあの頃,"No.770 被爱,被拯救的那个时候",1,1,c9ba8a669f71e57d622eb5aebc565ec41de9113ae95c45c41b473bda9dd58b17,4293ac1f9c4a7341082dff0722e57c1687011b7b5722990be41ff07a794ad998
memoria:bfae4f230d982362,メモリア,记忆结晶资料,No.771 鏡に映る遠い願い,No.771 映于镜中的渺远祈愿,1,1,bfae4f230d982362b4abee8935649039782abececcce24f3dc21796e102fb63f,45847c344d034c9a34419cb1f401245df124099a11edf777f300127e2153a32f
memoria:0c0c4bd415f696bf,メモリア,记忆结晶资料,No.772 目的地を忘れた脚,No.772 忘记目的地的脚,1,1,0c0c4bd415f696bfc58f4b616290ab2788c2f4bfd2a33edcbc347f70355ec478,bf22af50ab54a9e58ab7e697d3e6ffdc59608551ff55f3bb3c8248c8e66802c3
memoria:a8c140a5b03019f5,メモリア,记忆结晶资料,No.773 取り込まれた陽の鳥,No.773 捕入笼中的太阳鸟,1,1,a8c140a5b03019f5c26d202960a33354343de0a71df4d1da76eeefa237ee63bc,60a3f26bda5f9e04d03d5f28f5e61369a7e74cc0ebf8c99ade0f32e81b6c4422
memoria:4cd4079db0875798,メモリア,记忆结晶资料,No.774 欠けた理解と折れた心,No.774 不足的理解与破碎的心,1,1,4cd4079db0875798bb0c702063d9d6fd5d57ae5626bf94d5186a4b11e2f62cae,622b49a876f476ef8fbe7e14291f8cdc413ecdf139eb9bbf86783bc2ba78b9e9
memoria:3c259a1c8f981f20,メモリア,记忆结晶资料,No.775 震える足を踏み出して,No.775 迈出颤抖的脚步,1,1,3c259a1c8f981f200037e689306e3a81340bb5c42aa5c042735a40e44754257d,e5cc5e298c4e24b782c0b294cd2b82a9f510dabde7ef9907db2dd73b71aa02e5
memoria:abdba9d18800dcde,メモリア,记忆结晶资料,No.776 にぎやかな潮騒,No.776 热闹的潮声,1,1,abdba9d18800dcde7ee8505b80c9795f8fc52126528c36b49ef78a6195c5ec2a,9b489a140be7d23fba96cbb9fd0588828f06b920bf104a8b84b7444f18229821
memoria:bcfef5a20c1ed97c,メモリア,记忆结晶资料,No.777 また、次の夏も,No.777 下个夏天再见,1,1,bcfef5a20c1ed97cfc24e3f35ab07a010183d5b87080bd4daf5ba138cbfd800c,3ef89693c4bf354b27512c1ae9e7f56160587f429ffa673acce0bf91d8b6c839
memoria:a984a29a568309aa,メモリア,记忆结晶资料,No.778 リトル・サマー・バケーション,No.778 リトル・サマー・バケーション,1,1,a984a29a568309aac542921916b38a8f17bb1c8da9e9067633af30607a89563c,c24b29d3af8a66ba934130dcc82d4b2caadaeb3eae5e88d87689ed3eb06b99cd
memoria:7fcfc8fc25d94907,メモリア,记忆结晶资料,No.779 莉愛ちゃん殺人（？）事件,No.779 莉愛ちゃん殺人（？）事件,1,1,7fcfc8fc25d949078237c63aeea131dc6a4d9a79f0dacfba91a3db00eefb51f9,26c717edb4f36d59c6e04f3a398e3351446c79d5ac7fa0a2dc72c6db90a81c12
memoria:2a74632e76663cf2,メモリア,记忆结晶资料,No.78 勇往邁進,No.78 勇往邁進,1,1,2a74632e76663cf276ad865948ec07208283fc1276081b03bf8542529fba26e2,b6e49ae8209d3117920ef37d09cf1431331d8c9dbe54922ec58f6068b2fbbb28
memoria:111bf2845a69b9b7,メモリア,记忆结晶资料,No.780 振り返ればいつもそこに,No.780 回首总是在那里,1,1,111bf2845a69b9b71aac260814c275f7dd0b3b681f1c3d0ba35a7268dd74b7d8,58ed49948e0356e7a3cdbe1c3e71ade2f861926ee7bfbd5697021f8f5f39f1f2
memoria:656cdaa719a498d9,メモリア,记忆结晶资料,No.781 遊びだって真剣勝負！,No.781 遊びだって真剣勝負！,1,1,656cdaa719a498d9989ee6e9c134473f9016f2493bab67d17cb0b315467ab207,82caa6e71341bfbaa791d9125a9c3fcfd154a984da7bfb0672f72113c5d5b775
memoria:0c0bd94f06b415af,メモリア,记忆结晶资料,No.782 今しか見られない花,No.782 只在此刻一睹此花,1,1,0c0bd94f06b415af1391cc66027733a7ed9901b16a2afc0671f2d66fad2e21f1,85a0b7bfb59c7389ca32e463e77bff6775fd50ea2027f6e4f55040452b7b17d5
memoria:176217fcf3eca44e,メモリア,记忆结晶资料,No.783 清流の決戦,No.783 清流的决战,1,1,176217fcf3eca44e2bb73b0856d125e3a542fbabded80f4ffed3958c317a3e5c,d8b583e1127b43c38604a27142989368e1e9918d2ec2fcbd05c6547cb7280221
memoria:0c5e0131c051ee44,メモリア,记忆结晶资料,No.784 浜辺で探し物,No.784 在海滩上找东西,1,1,0c5e0131c051ee447dbc22ab8604b7178aa4b839e703fe8b90eefc443a6dd436,e562dbe08db8f53c6ceb41b89e4cd3bc42120926e4da061da7bb964d867e2639
memoria:0399308bd0c7417b,メモリア,记忆结晶资料,No.785 なんでもない運命の悪戯,No.785 命运的小小玩笑,1,1,0399308bd0c7417ba0c42adf36e4bec52d8753efcf2fbdc80f2c1766fffef842,9ceafef9b4f33f8516f3f4bf604a711e46ac006d0f7449116581bd69d9c85d00
memoria:39f3279c0a012959,メモリア,记忆结晶资料,No.786 すべての想いを乗せて,No.786 承载着所有的思念,1,1,39f3279c0a0129591e560e24b6eee5d3073a4b0d6f6f34a4d53cb94ba0651846,42071098ce534a9979bbccfdc200b123c510f7908749ef2874441c63b16d2e9c
memoria:7f2267d234b9d660,メモリア,记忆结晶资料,No.787 想い鮮明,No.787 念想鲜明,1,1,7f2267d234b9d6609d363c1066884e2e992a729c007f6de9778159ed03b2b1a0,19fbf86f02db2876c609ccba7f1a375b48c0bb1d81a94dd7a12ee996a72ec645
memoria:037501e53e70f79e,メモリア,记忆结晶资料,No.788 もしもの、ある日,No.788 如果有一天,1,1,037501e53e70f79ed894b336ca23fbab1667a278f02c75d4e1dba62e8053d63d,0fe738d351e366de68f12ccecd5eb4fcafcceba53fbb37b6e1cff20736fe0f65
memoria:12aa1fcc62efbb00,メモリア,记忆结晶资料,No.789 求める光、救われる未来,"No.789 寻求的光明,被拯救的未来",1,1,12aa1fcc62efbb004fe603bd32b1da0ae0870bfeeae5daebbfb57eced0a122ca,65bdc7007d99451507e3b2eca75d3d729c5129a78366ad80514a76348e6e5c93
memoria:75f25f2d383f51e6,メモリア,记忆结晶资料,No.79 心は１つ！,No.79 心は１つ！,1,1,75f25f2d383f51e6c4d4321ab97ff8cba96b5368e2190595baece1ae654f9046,a4706fb801f153a38e40f52a250f827914e3833c3b5fb54a322d856bf4c5e773
memoria:634e26c2eecc10bd,メモリア,记忆结晶资料,No.790 パジャマパーティーは突然に,No.790 睡衣派对突然于,1,1,634e26c2eecc10bd7687ea37476678ae134248caac7b4c19c03e5b3b53ff236d,2e5ae934dfb187838d67e79d4b5bf0eeec48037ae1b89418e53c0be672dd497c
memoria:d7e65278c9568cdd,メモリア,记忆结晶资料,No.791 深まる絆の輝き,No.791 深情的光辉,1,1,d7e65278c9568cdd00af7decba90fe6da43f3ec0203f477b24c2ec732da9318b,46b6313abd880758e7194ba5ef6cef3f62f51e269364627b9ae3b38bbbd3328f
memoria:d10b0e9e8e079083,メモリア,记忆结晶资料,No.792 終幕への願い,No.792 終幕向的愿望,1,1,d10b0e9e8e079083d62be3bd5fa435c5a22d7267407838c22cfb52c43144172e,9cc66be4c2ba17d9aa21b41342fbe84ee1705ba0f790ffbcd3dafbcf10a90b47
memoria:f5789fd86e260f27,メモリア,记忆结晶资料,No.793 序幕での対峙,No.793 序幕上的对峙,1,1,f5789fd86e260f274c923ad80033a44c8231fd4a466d2b9dfebc083bd320c941,acf39d0126a0bf208d075d3bdfc0acde6aaf7dfe0be77f61889647ae24a646e7
memoria:4399faa9c426bf22,メモリア,记忆结晶资料,No.794 重ねたかった心,No.794 想要重叠的心,1,1,4399faa9c426bf22398254d4f6d21586f7f33115de1fd5c96f24750a6d3bc92f,0b2326ce94d5cd06f40433d5ae67c5f0c30c7e09fc0b5173e3bc94a726cffad7
memoria:ef72731b18ffc3a2,メモリア,记忆结晶资料,No.795 ミコト・イン・ミラーズ,No.795 ミコト・イン・ミラーズ,1,1,ef72731b18ffc3a2e6998e1ee3490856d28e2347bc6c5c5a7bd7d6f96108a675,d75d40d42e2ed2756b65b29a25de74c9cb73358dd4450e844c5818e9988f65c7
memoria:2fd8f8dd578c68ea,メモリア,记忆结晶资料,No.796 はじめての、噂に聞く日常,No.796 第一次的、传说中的日常,1,1,2fd8f8dd578c68ea9d15e0fa765c3cc6faa93a2702a0c896c892f9b5aa8e8c34,13286f8995e219f8630de232f0af4d129cf50daee0bbdb265367ce2c5f3007be
memoria:3e9290dbd50702a4,メモリア,记忆结晶资料,No.797 希望が灯る絶望のはじまり,No.797 希望照亮的绝望的开端,1,1,3e9290dbd50702a4e23b817dae93a4038e97b81b07f84501cf53f04a74860e8d,5d6b958d0f98705dc5e5f9fe7522ecf106ba79c6312f8f95d14b044c21ed1fd1
memoria:d561b3dae9515ee1,メモリア,记忆结晶资料,No.798 夕日のように輝いて,No.798 像夕阳一样耀眼,1,1,d561b3dae9515ee147956f9b7078e494c06ebb7c3cf144b6ee198368b769982e,d7fb7297a6c048fab4c022a34c1f2d9732b058ef23eaf4b90a05bb1f71317093
memoria:902cda450d8aa7bb,メモリア,记忆结晶资料,No.799 集う想いの輝き,No.799 聚集的思念的光辉,1,1,902cda450d8aa7bbc3b0b2deae7902ae690426e71caa4b220e659dcc9576557d,a330596fbdd099b63e33074a70d6feba5135f696ffebf74fdb290203714a9a1d
memoria:e64ab115341b632e,メモリア,记忆结晶资料,No.8 影の魔女の手下,No.8 影之魔女的手下,1,1,e64ab115341b632e132fa90bb02c8b2d618bfaa7e20703c1350f186fa78f69b1,900ec0e50d576391cbfc9f9820bdadb953c820f502ed55f4e7783d08a3a44f9d
memoria:600b3b55180ffbc0,メモリア,记忆结晶资料,No.80 LOVE化学,No.80 LOVE化学,1,1,600b3b55180ffbc0d1292a25f05cb6c82e930b5c377a2727ce531347ef636318,2a37668e469c77989d0880a6e3620ca066dbc67d558df1c9856936071e471700
memoria:4469b5cb6a946061,メモリア,记忆结晶资料,No.800 手をつないだ明日へ,No.800 携手迈向明天,1,1,4469b5cb6a9460610ac710754477f2cea40d775fdcdb2e783fb6e6ad30e75797,b692a661bc826d1b60a6db360a9abd0d729ed63d28385c7f6540618521e63fad
memoria:3da9c565ef5e593e,メモリア,记忆结晶资料,No.801 毎日がはじまる場所,No.801 每天开始的地方,1,1,3da9c565ef5e593e5739d803cc87be85af0ce3ecae182bfbd41e2dba470c064f,48ea2767947a474753a94f9ef58b706f1f05d87536280c81f510a2185de69389
memoria:25c19edbb266cdef,メモリア,记忆结晶资料,No.802 等しき滅びをすべてに,No.802 平等地为一切带来毁灭,1,1,25c19edbb266cdeffe597edc832c1245e1b9a7a01c662629ff565355cf039d6c,b3ac53770b1e56672d26d1877cf1231584a64c7a3f298b6558b3eeacd4cbd6f5
memoria:f0ca7b69b812bb26,メモリア,记忆结晶资料,No.803 見えていなかった愛情,No.803 未曾看见的爱,1,1,f0ca7b69b812bb26f833082f4d0c3d02ac174533fdf91fbf5329270ea1574b5e,909ebc151834f9f94d4817cb98deadb1b181040487d1d3ff40e8540254a58400
memoria:fe14ff4f91272639,メモリア,记忆结晶资料,No.804 逆らう者にはキャンディを！,No.804 逆らう者にはキャンディを！,1,1,fe14ff4f9127263948814a9f9a793b932e1569bad7af8f93969638226cd072c6,20941a2ddc6a319696d70616ed3cafcba71032080bd880572629b91b9c7963f2
memoria:f5c4b37f26859439,メモリア,记忆结晶资料,No.805 「ただいま…」,No.805 「ただいま…」,1,1,f5c4b37f26859439f5c40dbc76a01f14e5ddaf7c02c56ae9ccb56f0d92309860,2c5e1e0bad4d8d39c61291f3db739a80536deac36fcce8ebb7dca4cd5ff44e07
memoria:cd7df537711075e7,メモリア,记忆结晶资料,No.806 謝罪と罰の矛盾,No.806 謝罪与罰的矛盾,1,1,cd7df537711075e7682dea413f938482346b85cf4df6bc9cbae90e2ea8911661,e6aff1ccb3185ae10a95eff9a44bdb5a8b6eced81311e67083bb3604d22e821a
memoria:107eba2a90444df5,メモリア,记忆结晶资料,No.807 過去を洗い流して,No.807 洗涤过去,1,1,107eba2a90444df559e3c7e6397b21ceaa854213ade586895c91ce0e5b84dc03,28df17c4c136bb5ed5c2b48d19d6bec746d73d283def200bc08f46beba77c926
memoria:f7d217a8aac67235,メモリア,记忆结晶资料,No.808 ふたりの道行き,No.808 两个人的去路,1,1,f7d217a8aac672351d3b4180a6900a750bc6581a2e37e127c8f1bd58a2ee4ba7,1398534232ad719e5702ddf9ef937cc979ead418b3f00f4e4a3d9270da886964
memoria:46236b8269b5d5e2,メモリア,记忆结晶资料,No.809 常闇のパーティー,No.809 常暗的派对,1,1,46236b8269b5d5e2fc6ee8aa28f3c9533166ba79345fa2fac2a0514fa36012a6,d525d19ccacfbdd13d3d1e8430e9df52bb3b1f085d5d4d7ab8a71e30abfb2a20
memoria:507c632b81c1cb84,メモリア,记忆结晶资料,No.81 父の背中を追って,No.81 追随着父亲的背影,1,1,507c632b81c1cb84fc8d0d964b9dc3f17dc278bcd448c82f0d8d9b4b0b768ca4,6b312df2f6bc392fae97785fbe5dc22c73f9a95d021a42e84d0c538cb8142137
memoria:70530a8e43018d2b,メモリア,记忆结晶资料,No.810 寒くとも心の内は,No.810 外冷内却热,1,1,70530a8e43018d2b037737e872cb9d44cf3fd768b50844e1bc55449c2ce41ef2,c3bed74138db7d996eba9b6f22ab949c98188c78d5429befd39028ac7fd13228
memoria:9675ecc8a8e7de48,メモリア,记忆结晶资料,No.811 瞬間を積み重ねて,No.811 积累起一个个瞬间,1,1,9675ecc8a8e7de48e65b0b5e4ac768f3770b7d6801a98a7fd63368678911b209,47bea215ca0b25edaf41d801c7518868da1fe0d0ea4ec43d1ba8250884a4e37c
memoria:a19f4ce0be0fab07,メモリア,记忆结晶资料,No.812 平和な日常をこれからも,No.812 和平的日常生活今后也要,1,1,a19f4ce0be0fab07badb2c6be7f9dc77a7124f514893ed904b670e83ce11abc4,056fa5199130b13a8d85c8975e301207ee27fd59eb8bd8923e33afdc8aee8050
memoria:a9a91011e45c9d11,メモリア,记忆结晶资料,No.813 隠していた本音,No.813 隐藏起来的心声,1,1,a9a91011e45c9d11025008a61c5a92071670c67362bfd5ab749a5e313e20c0f3,de5dffc71ca019d92ccd35d542010363d634a43981511c85912a47c78455d314
memoria:69acad419ac6b9f9,メモリア,记忆结晶资料,No.814 予想外の本音,No.814 予想外的本音,1,1,69acad419ac6b9f940c793578025c3802753072d4aab9e472ff90b8b378c4fac,df9c141857f528cb86a82f7da0768b656524526818b6e3dcb062a3bf5c258619
memoria:2b32565dffba2973,メモリア,记忆结晶资料,No.815 今日から友だち,No.815 今天开始做朋友,1,1,2b32565dffba29735c92604d754e6ec4f980051fee882d75c40f0652d50ed134,4defa167de6e66e2c53684d23474a41d0f2a63b0137bb343885f94da7135b409
memoria:0532c49d592200d6,メモリア,记忆结晶资料,No.816 やすらぎのひととき,No.816 安宁一刻,1,1,0532c49d592200d6e6b52162d7b54ba1e9e7f8fe36384c4e456f0e974294121a,05e79009764576b821c8a2b8131b30e56f3c11884d333bfa49349b0047160977
memoria:961304390ee7f51d,メモリア,记忆结晶资料,No.817 守るべき未来のために,No.817 为了必须捍卫的未来,1,1,961304390ee7f51d401aca16571b6b1bb99cd953ebbde39b20829ed9e5478fa5,de1d4fbd8a28277256ff243a9be9cb17035cf6c4c7a455ebd3626d12160e0637
memoria:4d2da68bc2400c16,メモリア,记忆结晶资料,No.818 みんなでひとつ,No.818 同心一体,1,1,4d2da68bc2400c16ae43b743de185109a26d80a06752d49dbc84931f7b883365,b6d0818a4404de45fe4847caa25ce08fa0ce9179054b29d5fb3550d58f0777ea
memoria:44df966c3ba6072a,メモリア,记忆结晶资料,No.819 つつ闇の中で,No.819 在黑暗中,1,1,44df966c3ba6072aed633f2caa7d17af3b4abbf638673c81e9bf951f69477802,e25ec0f0d296b9d00122686dcb12d93b489e8047d29736abf2ce5acb08d5bfc1
memoria:79c1e74cc509a8f8,メモリア,记忆结晶资料,No.82 名家の者として,No.82 作为名门之人,1,1,79c1e74cc509a8f83695e26c6c082d43f437291bcfcb62dac27bcb9dcff77bde,2077ed66270b900bf98552bcde9286da05b4f3d5537f68731ade2e989aee0b1d
memoria:7a3ed0ed2fbb11e0,メモリア,记忆结晶资料,No.820 魔法なんて使えなくても,No.820 即便使用不了魔法,1,1,7a3ed0ed2fbb11e0065894a924feede1fbd6bd4ce916ed66aa49af46b35ca3f5,0691d8903e048507eaefd36c9c7de078af404a91944f2716c7a5e50ae970f56c
memoria:a9285abf38c76fc9,メモリア,记忆结晶资料,No.821 終わらないで、おとぎ話,"No.821 不要结束,童话故事",1,1,a9285abf38c76fc92d7020fb1783a71634ddbc40a1497ee9db0cd5eeae3ed4c1,205e921fe25436300e2bad297c561e373311135ef55050fe1cbe5a9120f9b53d
memoria:39af83267dcb34ed,メモリア,记忆结晶资料,No.822 幼馴染なふたり,No.822 青梅竹马的两人,1,1,39af83267dcb34edf240e3db41f9ad5c5199fb2d1c7a9dbc522f9dfdc6f7866e,63cf35881c9b9e02243de5556b0d59b874c9a9abeaa6d88ca85932538f221712
memoria:e7c8df6a6acc547a,メモリア,记忆结晶资料,No.823 憧れだったヒロインに,No.823 对憧憬已久的女主角,1,1,e7c8df6a6acc547a205d880e1a1c61b697add68d5fa0d05b54732d684f186722,d508b60d4f0ee6bed25ed83109363d9ebcf24bb2330b59d80733258eb91bbd74
memoria:931a8a77677fe9df,メモリア,记忆结晶资料,No.824 大人と子どもの真ん中で,No.824 在大人和孩子的中间,1,1,931a8a77677fe9df791bdf42697c6c7d5d25deb8a2074343f7b8b6c880263cdf,dbba773444d112d73294364ef264a1ff70d318a0ebf66f71af93cee0a5d5398b
memoria:30643edacfa68340,メモリア,记忆结晶资料,No.825 頑張るあなたへメリークリスマス,No.825 给努力的你圣诞快乐,1,1,30643edacfa6834030331e926c2765984ff9c7b62b7852982979aa9befb03079,26e84873f0ff3ea71bffbecddf8f642f0110554a6329488a40a9dea6a632308b
memoria:287fa70cab06c45c,メモリア,记忆结晶资料,No.826 おとぎ話へ託す祈り,No.826 寄托于童话的祈祷,1,1,287fa70cab06c45cbf3cfd9497a944fae0388306c945e9c55e75a1c6a6608bbb,ba535d65eb7b01197bbf4e91b85730ec73147caa4cf1fb5cbc6954bf7e5b6ef9
memoria:92a55025ef3db24f,メモリア,记忆结晶资料,No.827 たまには甘えてほしいから,No.827 偶尔也想要撒娇,1,1,92a55025ef3db24f97596a5b79909a24b9e61a84a0c31054c3c73e3e9067a7bf,07c669c64bfc78d289bd4ddef69897958469ec28c6e7c6201daf056539901508
memoria:730cc1a3b6cb6e3a,メモリア,记忆结晶资料,No.828 火の魔王と氷の女王,No.828 火的魔王与氷的女王,1,1,730cc1a3b6cb6e3addcbc3a0c5c629038f30278fde732a0ba4d4caab1bd3db37,7062027497f64ddce23ca68f3b51dd36df0c2899d812dd216a8711ce8adce91a
memoria:b6509e969ca6c39e,メモリア,记忆结晶资料,No.829 想いよ届け、あなたのもとへ,No.829 思念传达到你身边,1,1,b6509e969ca6c39e8f0d1dac1f5f16ad2dc3a3264c18980f6f7e524068c08911,f85044cd711a1afc8d516ef61a648c1819bae36cd275880e1dac386c8e8cfc52
memoria:e033663883326c56,メモリア,记忆结晶资料,No.83 悩みなんて即解決！,No.83 悩みなんて即解決！,1,1,e033663883326c56b8e50921d7b6772560788394544a0095077c7e99d4558e73,6a9e160779d10b93e2fd159ed931838c190227512ae2e9827a9277ad6c48987a
memoria:145cf921cf4a2699,メモリア,记忆结晶资料,No.830 魔法少女は魔法使い,No.830 魔法少女是魔法师,1,1,145cf921cf4a2699993bd9181b0c136ab8d1ad9655336e6aa112f5935a629139,49ea9473d7c2c816cd2ca93efbcec1b8019d8f706f68c2d2cf64c4a2f461ebc5
memoria:5a0fe1e4a1d5bb71,メモリア,记忆结晶资料,No.831 静かに寄り添って,No.831 静静依偎着,1,1,5a0fe1e4a1d5bb71b226b21d01f0eeded19b51868f21c24749f105b62a0b5137,cd968634155a7fe4ed3ed6ce7e68b68e3a2fd615b4ff1eaf4d5be518b45ec6e7
memoria:310899641942354b,メモリア,记忆结晶资料,No.832 ほんとうの終わりへ,No.832 前往真正的结局,1,1,310899641942354bc27af79fe584cedacba6a19560b8dc7c91a3648ef469befc,ee17010983241182b94537624c318cc2b165d84601cef9435e676d351b08a921
memoria:1534b3d3a7b6ac8d,メモリア,记忆结晶资料,No.833 小さな初夢を見守りながら,No.833 一边守望着小小的初梦,1,1,1534b3d3a7b6ac8d04578dc09090bc86ed48523ff0661ad9b5858c3337d61709,1fb5978868bb553f73f5545ddc700f9f423717c80669c8b13a4f89ae3070b0dc
memoria:7939e37149b723c8,メモリア,记忆结晶资料,No.834 お里帰りは夢の中で,No.834 在梦中返乡,1,1,7939e37149b723c8f132c10d38636eb4066bc8a4dc0e41c644954d697f00d43d,d4faa24d85acffe61a79cca7cb01322299d346fd2a41ab385e7c0597c15e42f6
memoria:9489e0d873f1fd1e,メモリア,记忆结晶资料,No.835 かけがえのないお年玉,No.835 无可替代的压岁钱,1,1,9489e0d873f1fd1e7886609cd1bc3b4b35e00f53ad518c487d857aac3f725e5b,47be22e3bc56d8c7b830e732e1b665e9fe807a30ecade34500dea3820a5a1247
memoria:7c94a8b009b3d386,メモリア,记忆结晶资料,No.836 今年最後の御馳走,No.836 今年最後的御馳走,1,1,7c94a8b009b3d386b071cc88414fb108ce10b5ad03600740ab776841a7e0a461,8a350316427a84cdf377dfee33f94a5cefa1d512e85d546c653f958789034fae
memoria:8f14d25e195ebe8b,メモリア,记忆结晶资料,No.837 兎にも角にも謹賀新年,No.837 无论如何谨贺新年,1,1,8f14d25e195ebe8be3a0835a33a78f49cbef1e08b192a33a7ae2c430166179ed,f1eb95ee24c46bd481322f1b1663d7e23df59ae19b321416f3c63633da324c1e
memoria:a2e2c2b456e0ea4b,メモリア,记忆结晶资料,No.838 いつか、どこかの戦場で,"No.838 总有一天,在某个战场上",1,1,a2e2c2b456e0ea4bfa1e8915744cbaf3a873f0a4e5a50f134c2f82322fecd3b2,6ab921b7dd8ca1f216942fe858a4fbb7887d7dc5f3ffe4bf7b77fe666244bc16
memoria:8c47454abcfc668d,メモリア,记忆结晶资料,No.839 星を結ぶ鳥,No.839 连接星星的鸟,1,1,8c47454abcfc668dd8588ca22aec51fc1cc8d59f0c2e1dd16bbf685ed30ee433,8bbe8027f741c48e8393abeb148a88e0d6af3466c70d4fc90a5e651791d91002
memoria:bba3e4daa84a3e8f,メモリア,记忆结晶资料,No.84 明るさの裏側,No.84 明快的另一面,1,1,bba3e4daa84a3e8f860ff14541a122f751a991bde1c53ddfba470fd81bc53a7e,63801a0fa7045440978e4923b06235f6341b90cb2c12f29c6a69cd65a8dd5596
memoria:28631e1a1d43d0d0,メモリア,记忆结晶资料,No.840 貝殻の声に導かれ,No.840 被贝壳的声音引导,1,1,28631e1a1d43d0d0e042fd362220b9bc7922a5aff3e417632c7b23ec84c7a7af,b3f641981ea1daaf13b74d4e9c83684bedfb6f1abc3bfbef3b60652dc3d0b532
memoria:845039622ab3787f,メモリア,记忆结晶资料,No.841 生ける者への閃き,No.841 为生者闪耀的光,1,1,845039622ab3787f1f7908d5fbb29021f36ed734bd7b41f5ae153ec2f4cffedd,ca11cbd75471ed5d72fd67bd1e2a99436a35527d6cb83584d1b1c175fd59f85f
memoria:e3359d1676d665a3,メモリア,记忆结晶资料,No.842 古から結ぶもの,No.842 自古以来就有的东西,1,1,e3359d1676d665a3ac9c3547e79ad5a2156e8af3362594dec505834841e382c2,5a634f39bf6200662f67509404b4af488f5d6583456cf190e6c1748056788bbb
memoria:94821c5ccfa965c0,メモリア,记忆结晶资料,No.843 束の間の安らぎ,No.843 片刻的安宁,1,1,94821c5ccfa965c07431c93a2feac202f06102095d7424a9db43f1b728dba741,2cfa69a6014ee36f610fed64c0bae36016e279cfab926188458a7be6944f6e8d
memoria:380571ed81a8f1c1,メモリア,记忆结晶资料,No.844 泰党の得意技,No.844 泰党的得意技,1,1,380571ed81a8f1c1e8608640b6772a56e4222f309b213cbec8a0769dc8cd6296,faac7ea7f52da92d79813e65cc7f680244f2e30f8e6d68afd81d074b6c6cf174
memoria:2112dfabfd477ecd,メモリア,记忆结晶资料,No.845 血も想いも溶け合って,No.845 血与思念交融,1,1,2112dfabfd477ecdd71d412254f73ac888876c3a1427267bb504c86ebc2bfc92,0c1abe641a605fec530047030d6074ad41490596e3ee827fec2af33d70c4dc45
memoria:7c28051e5d2d8baf,メモリア,记忆结晶资料,No.846 天の川にかけた橋,No.846 横跨天河的桥,1,1,7c28051e5d2d8bafbb26ffc904693c481b89135244b94bd3c50c64dcea1eaeed,50faf4d66b2b6d001a18b0021c4656ce8e3ace6645acb37537d181c3bb77ec71
memoria:48fd4e3fa17b0e3b,メモリア,记忆结晶资料,No.847 三者三様の愛の形,No.847 三者三様的愛的形,1,1,48fd4e3fa17b0e3bcf360ccf6d875bb7ef325bb9dfc565572315fad7a4d5d9a6,f325a124c988919d01f862c6f6aed74c986a06fe0cf2cb8fd3048acaf91762e9
memoria:b519e837d3271f52,メモリア,记忆结晶资料,No.848 飛び跳ねるほどのテンパリング,No.848 跳跃性的旋转,1,1,b519e837d3271f52804afdd197e3e831a7aca01bf2b9f01a4715a715222f2136,0c94a20f37b534dec8db2e8b83bcc8b2cc9a8cb0bb5ff5eedab32176f183c534
memoria:437fbd86326e13ed,メモリア,记忆结晶资料,No.849 友情のおすそ分け,No.849 友情的分享,1,1,437fbd86326e13edd230143841c8c25d0035bbcbf79b905bcd410964aea986d9,d03ab040a4c96b825afb10b9abd5e6efd962667d330f837340c17d33edbcdcdb
memoria:bcea967d7d2c1696,メモリア,记忆结晶资料,No.85 優しき強者,No.85 温柔的强者,1,1,bcea967d7d2c1696bdbfc129933f9acb557be9c70f424f970e0bacbb39b4568f,cd2bd0aaa6949212e31f58aaa032de41610b4d0e50b8931b39fa4a963c0e1dc6
memoria:5b41361bd892015f,メモリア,记忆结晶资料,No.850 ビター＆シトラス,No.850 ビター＆シトラス,1,1,5b41361bd892015f092f93e6ec0f5a0284fd016716a002a6bdb1dcba8cd2bfa0,487d62bc314943244ca5947643d78b8bdd7acc22b7f7f2575af13545ad11e729
memoria:369408ceca84b58f,メモリア,记忆结晶资料,No.851 草の根のバレンタイン,No.851 草的根的情人节,1,1,369408ceca84b58f224680f427ca474802c016a5ca71276362fc3bdbbb0171b8,9bbc083183f8883477865e8c02c98d3424077f183d64a4c64f5857115ab300ea
memoria:ba95b287e041a22d,メモリア,记忆结晶资料,No.852 名前も知らない救世主,No.852 不知名的救世主,1,1,ba95b287e041a22df4205de6347254e262f36333af7a709dabfc93e4856a5f92,6ac248aca1677d91e05f561b7fad8c824088ee26993c57222bbd6c77f584c4b8
memoria:5534e7dae2fd6399,メモリア,记忆结晶资料,No.853 捨てられなかった,No.853 无法舍弃,1,1,5534e7dae2fd6399cc31a090bf406e25c1949f7e44475dcbb1ebdace2e9c6efd,677cbbbf7740e3263b0297ab69d89ace4d0f241707d8082c251392172bf20186
memoria:7d66f403a040ace5,メモリア,记忆结晶资料,No.854 今夜は遅くまで…？,No.854 今夜は遅くまで…？,1,1,7d66f403a040ace52535408bb5d18b011976949d629b61107523113375719434,a6962d2babfe5bc2fb72f715efc1adb41566b9abb20f168c32c2c36fbb8d0d84
memoria:ca3f1c9a3a45769b,メモリア,记忆结晶资料,No.855 眠りにつくなら…,No.855 眠りにつくなら…,1,1,ca3f1c9a3a45769b9da1d418e3be8e9d6c5f9e68a78e1687715af2dd1833ff21,141ed85cdb6a68faadda035365fe1db383b0a6fe6e0bae461f67b911e5a400e4
memoria:1f29467122f81b8b,メモリア,记忆结晶资料,No.856 無心になりたくて,No.856 想要全神贯注,1,1,1f29467122f81b8b3274877a91359fee539002b42d5e2e48fff1a034cc0b098a,e7a0b6cb6d4dc7340e55052c59450858b843aed7ade65fccae304e4de95502c9
memoria:61aa1afbe9cdacb0,メモリア,记忆结晶资料,No.857 幻惑の香り,No.857 幻惑之香,1,1,61aa1afbe9cdacb0afec972f46ee9db345c790d950736b909794758aed71b005,954850671c9476150c8059a76f4dbdaca009101b0e4e483a042505f065e5af49
memoria:89228318450283e3,メモリア,记忆结晶资料,No.858 揺れる忠義,No.858 动摇的忠义,1,1,89228318450283e3d3305ab8f1a07d0b5e240bbb08c4e32684290c37f67ebc1b,08c3cd9c6f4e98aed3771366617b6480737684e80bc63c77e03b38e01826b371
memoria:ee9133a71bdcae2f,メモリア,记忆结晶资料,No.859 宿業の峡谷,No.859 宿業的峡谷,1,1,ee9133a71bdcae2f67515ac797aac110461cfae0e86a2b972fea38a36802e21e,d883c83bd9e0516ef1aac2ca37d22dc2c53a3c91c1a9584b559770d88e6d80c2
memoria:259db5179f95a0db,メモリア,记忆结晶资料,No.86 数量限定！まなか特製弁当,No.86 数量限定！まなか特製弁当,1,1,259db5179f95a0dbfcf1bb312cf949584b2bc7cca7eb96c133a67bfee1b8c0ee,2f6ff7fdc690734c0bf59ebd1df38e2370c665de0bce479e1de2b63ee510ca18
memoria:584475c8c8345f63,メモリア,记忆结晶资料,No.860 数奇な巡り合わせ,No.860 坎坷的际遇,1,1,584475c8c8345f63477b8c7b28f0e32cd037fb4d4c0828137386b1fc15f466a7,dbe587b5f6cf27cc521ef0061edde0320aca5099738fcda9fad28790acadf40d
memoria:80ae095a6e6527f3,メモリア,记忆结晶资料,No.861 砂塵に吹かれて,No.861 尘拂自若,1,1,80ae095a6e6527f31bd6f41098e11d36ad456872adab0fd095168290e4c50585,5a49fe379e97eefd6d77568c113b0c01f503cf78e344620341c27a0f8153defb
memoria:339d4a31e3dfb2b6,メモリア,记忆结晶资料,No.862 祖霊と生きる姫君,No.862 与祖灵共生的公主,1,1,339d4a31e3dfb2b6d7f9c0d0d71eba1873aec11d7a88cf8fb488875284bb6c0a,048f14fbc5afdd296e366a44aa51400d2362336e6cf14efa740028695480b388
memoria:2b03a3816c7356e1,メモリア,记忆结晶资料,No.863 契りを信ずる義賊,No.863 信约的义贼,1,1,2b03a3816c7356e1f71b1eaf10543f1693e0fa3e803fa03f11a4e9faf4c10790,cad69875f84a1ed7ceae446bd0d728d7e936a464a55116bb0536f091ed3bfb93
memoria:0fa784144f8c4e84,メモリア,记忆结晶资料,No.864 何気ない１日のシメ,No.864 何気ない１日のシメ,1,1,0fa784144f8c4e843597a0b7191ed7fa2d4468a7a115a3e2252419cabcaee056,07bb9654331239d973ce77614c0c211f3c75f9bfda1620adafe32a5c75ae218d
memoria:c14c84e3eef83625,メモリア,记忆结晶资料,No.865 鏡に映る諦念の時計,No.865 镜子里映出的死心之钟,1,1,c14c84e3eef836255f0cdf62d92952a859fbbc210c8093e8de25a932d2c409a7,547eadaef24291b28cef269264fef982a44a4fe532c3b01afe295b404b30ec7d
memoria:288d65ea52443985,メモリア,记忆结晶资料,No.866 これからも、みんなと,"No.866 今后,也与大家一起",1,1,288d65ea52443985ee7bb8d2b8aa696f98c199ab9e5c2ee3e7f0e6f6ee3ea074,23a1a1bf24e3107e0f2bef03d8b28c3b1eaa7f076aee687ab318e407f481ca68
memoria:9667876a69b42783,メモリア,记忆结晶资料,No.867 定められた救い,No.867 救赎已被钦定,1,1,9667876a69b4278360261bf56902e52379b2bc2a115c6f7493f34dd57523b1e4,a4880ba39bc2cdf77b566f8ae8875b56eb290b497a30ddd43dcb290b6b5e3603
memoria:57dd0c2b4f7e8778,メモリア,记忆结晶资料,No.868 きっと愛しい物語に,No.868 一定会变成有爱的故事,1,1,57dd0c2b4f7e877863d17f2d85cd4bb7da6d4589267865fbe4efb0a2bb7f89f1,e9884cb50677ed60d602bfec701d3113e244602f83d3894e27354e920c4f36fb
memoria:894004f424f21b76,メモリア,记忆结晶资料,No.869 直列コネクト,No.869 串联连携,1,1,894004f424f21b769c2a296ee620959a2a7e597e8b4a72a7255219d2c2f8fdd8,ddcf361dc26397bf38d2cf5d9da319e08486291291e5d193d4b63325c9a86f32
memoria:66bb19cae67cc598,メモリア,记忆结晶资料,No.87 本の住人,No.87 书中居者,1,1,66bb19cae67cc5985db3a043b7c30ef9f7949f9096c44dff2d96374f8ded6a84,f25ed156e5ca32f9db762d5951ad87579709d3255f8026727c89522eca4a5334
memoria:3eb1c684beb4deb6,メモリア,记忆结晶资料,No.870 戻した時間は戻らない,No.870 回去的时间回不来,1,1,3eb1c684beb4deb6f8d549438b40323d4673f486a35f67ec8ea9bd86983ff4be,3564560a998db1ce2c0a65fe572c288cfebe4814e803aa5338137f38df617420
memoria:d477a46d5e640111,メモリア,记忆结晶资料,No.871 私の可能性,No.871 私的可能性,1,1,d477a46d5e640111f1715835ebbd4d2e8806b870e074914c1bc8b7dc688569fa,b5033a21cd7f252c92c022b471644d1a0013b34b705a7b34e528dd06eb9e7ed2
memoria:a4b54d1a92b3eb72,メモリア,记忆结晶资料,No.872 決断の槍,No.872 決断的槍,1,1,a4b54d1a92b3eb72d0dd04d9b4e4c3524a3133b03d25d5d4ee2c548067cc0bd1,0be909fc8d846ceee5e5fbbb13f37f5735eacfec01d81b1be52df3b42634504b
memoria:b19942fcc87cb15a,メモリア,记忆结晶资料,No.873 夢追いの航路,No.873 追梦的航线,1,1,b19942fcc87cb15a8aa903313508f42b8d50646b966385a9e88676cce2a17bac,e0b0add4f03e487f6efc6189a52260e1942a9a1b49704624e973b34caf2506a1
memoria:22ea9341e7815af1,メモリア,记忆结晶资料,No.874 陽光に誓う,No.874 向着阳光发誓,1,1,22ea9341e7815af1490190de3c3e261681d230e80207bbbbb6ffd344da42b1f4,1dec2b3761299b33bee1626fe5640eadef70977bc445dfb3a660b43a512548de
memoria:c68540d048a8991c,メモリア,记忆结晶资料,No.875 激情の双斧,No.875 激情的双斧,1,1,c68540d048a8991cd4fa7a6988326f51b19dad7acb743ced48a30572ef9a0363,24a72dbecc9a1d6c44564c4e919daec0342f1411b3c1392111753575c40f7af1
memoria:806341eba201fa08,メモリア,记忆结晶资料,No.876 姉には見える世界,No.876 姐姐看得见的世界,1,1,806341eba201fa08d5bd6d83aa0c03e1bf81168b8a5b3be7a8b1876cbae0a8fc,c02d7d80623ac236a5d77985971223526be433dc1c1dfe7dae84c06c50c5f5d5
memoria:0dc10a1f307d1863,メモリア,记忆结晶资料,No.877 闇に沈む思考,No.877 沉入黑暗的思绪,1,1,0dc10a1f307d1863eff5a31bd61354f08e8ac4d0fdfd29bc3c49189638ee1c83,abffa5c1b6317a4eb51e70d5ccf7022c6a11c33e63449823f77f65397ad193f7
memoria:8a0cee0538077b4a,メモリア,记忆结晶资料,No.878 レーラズの影,No.878 莱瓦尔之影,1,1,8a0cee0538077b4a81d5b55fe272c0f9beb3ace98a580a58afba7fb9ccd95382,683b8fc2fceffbbd39670d447fe2162c4305b0f70a261c7c9f60e1f2a00b17d4
memoria:14bed62d36cdb02c,メモリア,记忆结晶资料,No.879 姉妹の夜は更けて,No.879 姐妹的夜更深了,1,1,14bed62d36cdb02c8c9b4312fedbbe4b0ac42607453abb610eae03239769c334,9bfeeaff7b2f4f423cfad5b13f6c3e416959da4481404a669b309ba3e5236fca
memoria:da2ca3b1c9076752,メモリア,记忆结晶资料,No.88 使い古された木人,No.88 用旧了的木人,1,1,da2ca3b1c907675241dadec875966355c98f54f288c4c9c39869af91a6b9850a,2a6072fb58e8255d8f02431830c9034784e23aeae0ba155c61aeb1bc6116c748
memoria:db2e08056fed9b26,メモリア,记忆结晶资料,No.880 砂漠を歩む者,No.880 沙漠行者,1,1,db2e08056fed9b2638ba6c4d5fae860ef656804e015d69d806a343f4d14889c3,b297e0a5388693135d912dd40bdb6b7921e2af1fc4096c4abe44399add30b0aa
memoria:79493a031a1836ad,メモリア,记忆结晶资料,No.881 天馬駆ける,No.881 天马行空,1,1,79493a031a1836ade616e057e0c78c554204c2e56587c33597b6eef258dea41e,6d8ec563c1b767ea3c3270672e51df0bbac5b6cf627659c1e1fcc0a34502a44e
memoria:4c0833e29a78eb96,メモリア,记忆结晶资料,No.882 灰は土に還り、そして花へ,"No.882 尘归于土,土更护花",1,1,4c0833e29a78eb96eda0eb9fc70a8247fec450ec9d2c337d9511aa218deaf373,a3200754b3de9825b6f17430047010706db5b58291c8f3d579ceef00cc803232
memoria:aef24033911ab1ae,メモリア,记忆结晶资料,No.883 普通でいられる穏やかな時,No.883 卸去身份的安稳时光,1,1,aef24033911ab1ae42dfa71fe21dbeca2686e89630d5e6990d5eac833db09b29,09a316eac33ec011a6530c0d3f09eaeb0f134cd88e6e7ae693276e03e17624e3
memoria:3f7079de3f31c3f3,メモリア,记忆结晶资料,No.884 特別になりたかった,No.884 曾想要变得特别,1,1,3f7079de3f31c3f3b9b2693841ea6da293956a6429cd26bb886695fd56139fef,e5e06b56cdbf97b4b3a268d967c6b6d2c05e6963d8a6ff2aa686839002962900
memoria:1b87b74a1f2ee382,メモリア,记忆结晶资料,No.885 ふたりの終着地はまばゆく,No.885 两人的终点闪着光芒,1,1,1b87b74a1f2ee382875132a5c49aec95ea91fec5dd500384ae0e66f05f777d29,5c143657d0b873e313686464310ea57d7509ec96ceaaf1390ea226c793cb5706
memoria:b08849ca562bebc4,メモリア,记忆结晶资料,No.886 縋ってしまった光,No.886 不禁追随的光芒,1,1,b08849ca562bebc49f85ba81f74dd91d425d93a49d4481e813ca7b995eb1e414,b9cd41a4dc7315770cd9c11762b5bba237c937c8ed82cc77d7fb19b9ecadbbaa
memoria:cf21fbf75311d42a,メモリア,记忆结晶资料,No.887 夢を見る姉,No.887 做梦的姐姐,1,1,cf21fbf75311d42a4a47699040e0b3b3d5a6a560f939e8a80c9b065a1fcd0a1d,1c1c6760e3eab19d86f4ffbbeffa248d10389324089f52576f4705986160dcaa
memoria:89fe8fc8b3089746,メモリア,记忆结晶资料,No.888 夢を追う妹,No.888 追梦的妹妹,1,1,89fe8fc8b308974696a01ce39a2191231697ddcbf6f3ac2828abc40dad51108f,9da027a136d6531f7967da8906819ae4ec3ceede0b8474ae24ec1d731ac61c9a
memoria:355d78749622f1ca,メモリア,记忆结晶资料,No.889 新鮮なポジション,No.889 新鲜的位置,1,1,355d78749622f1cad8c208caa7fc7e77ae5b1acc60e2e5161386ece14b49de49,b57554066f913a8dfca41c70fc908e98ec46a3f4ae7dd7c6e4cb647e487129e6
memoria:d2d7c453e8d7bfa9,メモリア,记忆结晶资料,No.89 自分を笑顔に、みんなも笑顔に,"No.89 带给自己笑容,也带给大家笑容",1,1,d2d7c453e8d7bfa916160ebe52a05a50235dee8ef955e234fc19a1140e38c3b0,ce798b261eb6bb11c92ff1297584cda13f4f54a15a2521efcbc56b89be40235d
memoria:d10f8fcc62dda4b5,メモリア,记忆结晶资料,No.890 夏のベストタイム,No.890 夏天的最佳时间,1,1,d10f8fcc62dda4b55fc0113840a0dd6101c838e6d2285c8939c323aa917de171,805653bdafa12aa1dd707887ff4aba5c94c931243a3ff9aedf87f0d1957cad93
memoria:3511d24d0b1aadd1,メモリア,记忆结晶资料,No.891 花束を、私たちの未来へ,No.891 花束、私们的未来向,1,1,3511d24d0b1aadd191dd8bf04005b1f81c3179cdbaafa40d2bb9c6fdedc44541,87e4b5d5e1e0e10863d71b36de716d57d5ddd7eb730947636ca5912e92b0ac07
memoria:5a0d279f0dfea25b,メモリア,记忆结晶资料,No.892 繋いだ手の中にある幸せ,No.892 相牵的手中的幸福,1,1,5a0d279f0dfea25b32210930c78e11b3eb58dcff5625b9cf62abcf9b88ebc1a5,a2a96e1a493a0531b7262b9904f40e67db8950e8ea5e63bcc638115d3d6606f3
memoria:ab4e61622107be28,メモリア,记忆结晶资料,No.893 そんなあなただから,No.893 正因为你是这样的人,1,1,ab4e61622107be28d7ad23d07406acdc0f4aa4b0312e175fa52c3705de039343,850a590468b701877b70b99e4b4d6adb0ee45262a1a83560908bb515263928c0
memoria:1033adfc8600fd19,メモリア,记忆结晶资料,No.894 心のままに振るう刃,No.894 随心所欲挥动的利刃,1,1,1033adfc8600fd19a8b9bed64e9d290740849ccf20a0e9122014ad06bb939271,bcde551b4918d812dd65e4137cc7d19e31e804cdc8c30641d4da887e10cf99c8
memoria:c63ee2e8ec6e7020,メモリア,记忆结晶资料,No.895 幸せは黄昏に溶けて,No.895 幸福在黄昏中融化,1,1,c63ee2e8ec6e7020be1d6d3f77e3c38461c8d66ba8c5a1bf83b0c11460935495,7febc547fb2bb4826e3b97f7bf5b1a52a7f58acc70e1c95867d9264dd551ca05
memoria:ad1e336efd5a8f70,メモリア,记忆结晶资料,No.896 みんなで一緒にストレッチ！,No.896 みんなで一緒にストレッチ！,1,1,ad1e336efd5a8f70665ed5767ddc1cf79526fb7485d1d5e1116ee39b430c9c92,05a21fc71bf5373ac7b931a0b0d3bb7e383c8826ee9efd791655ab22705b43ce
memoria:2f1607a948d2652a,メモリア,记忆结晶资料,No.897 普通から弾き出されても,No.897 即使鹤立鸡群,1,1,2f1607a948d2652a6a30b23e43233c05573e958c0453806ec18940d82e024893,91d8a56cbfa25110d47cadde335fca95e6299c27af22238fc28a99a90a6499d0
memoria:3a6af328be89e53f,メモリア,记忆结晶资料,No.898 受け継がれ、子を導き,"No.898 薪火相传,引导子民",1,1,3a6af328be89e53f8036e9300727fdd493422f2c79645de652369e6a2bf2f9bb,4da7121718f7a04a28a6d6819568fc9d3988717a00fb5232f9ff5ff22baef4b2
memoria:3ed34a2353932830,メモリア,记忆结晶资料,No.899 輝く場所へ連れていきたい,No.899 想带你去闪耀的地方,1,1,3ed34a2353932830ca7d088dba70e2c87da7ac1969a6eaa58e3f15799bc3b6c0,73488fcb9b8701f492e9f49f3e2a2fdacab7a8b24e2aa3e546d979ac962818ed
memoria:043edca543f5465e,メモリア,记忆结晶资料,No.9 犬の魔女の手下,No.9 犬之魔女的手下,1,1,043edca543f5465e8eb25ae67275b5e6bfa80767eb94ddd490530eb653ec4c67,4b8d790d04718df2e58e33fa5277ac65f4b8732e2eee60e845f4b7633fce52ad
memoria:0795366bafad5ddc,メモリア,记忆结晶资料,No.90 無味乾燥,No.90 無味乾燥,1,1,0795366bafad5ddc800c2559b0f89434bdaf9666365f8d591eb7d61ca7f0e114,3b9ea5daad467aa301c01393c2d922cfd31cca31a8ee59e607508172aaef1b67
memoria:63b97fda72fbf23d,メモリア,记忆结晶资料,No.900 夏のはじまりに母の影光り,"No.900 夏日伊始,母亲的影子",1,1,63b97fda72fbf23d6d7fc8d44cde63f98d3bb2c084d4afeed2704b975e9eb44e,034a174cd0feeaf4c899ad73492666e0de5e13ba952ec03c39ae0aedbde4c7f0
memoria:c7acc6297611bde5,メモリア,记忆结晶资料,No.901 記憶の中の温もりは蘇り,No.901 记忆中的温暖复苏了,1,1,c7acc6297611bde58ba656b0012c586c7bdb4999b543f123f8045c2812021b64,a50fa72dd4a16aea0a959db7dbbbe8e26ace992343291e6bc1cc80be8cb22a67
memoria:6093240d67ebe7c2,メモリア,记忆结晶资料,No.902 救世のラクシャーシー,No.902 救世的罗刹女,1,1,6093240d67ebe7c2650657b849e21ccdb34e29b567e0810189914d54143a519c,1484eb23ac7c092587293c4c3373a54b41cd81a0ff58d0845f68f0105a675437
memoria:8a9e626275da29c4,メモリア,记忆结晶资料,No.903 自由なあの子の忘れ物,No.903 自由的她落下之物,1,1,8a9e626275da29c434d760e8957f32bd7b46b2e3f148a9a5762551992f18a4ea,8da5318a76c4bddf9885664e93b81ddda5911a1a01587ea6b239f4d8c4548165
memoria:d87f50439aad1fdf,メモリア,记忆结晶资料,No.904 ファイナルサマーメモリー,No.904 最后的夏日记忆,1,1,d87f50439aad1fdfb5c5e3716603855fd8e98879b8abf46a6f502685b446dbe8,e339d675df802eec1f7a7824933ce8969ca4801d13ae3313a3a362ddb551f75c
memoria:1af773b333fd487c,メモリア,记忆结晶资料,No.905 大人買いに憧れて,No.905 向往大人购物,1,1,1af773b333fd487c14bbf669bae09a3ffaa03e0b87c2d0ded0047ba5eab2d579,4974079a0d8823f5228b84498a285082b000cb275f901c6a3d9b6762801edeca
memoria:eddf8a2d6eb9ffc0,メモリア,记忆结晶资料,No.906 小さなインフルエンサー,No.906 小小流量网红,1,1,eddf8a2d6eb9ffc050ca810722c34011e169f1c9d7d9565fc250fcd79480f349,600f267a9a130fca37b50e8b633ff41baddd052eb7f6ecec9f18eeffffdd2af3
memoria:e309cbc444945d5a,メモリア,记忆结晶资料,No.907 ありあまるユーフォリア,No.907 溢出的极乐体验,1,1,e309cbc444945d5a2b1c99f875c7f41f2f27e4e84c28d8f81e390810224a1480,4787f5cce4630ef94d7282b50042a8ae54157ef75dd2b98e474908aa2036a7e1
memoria:226ff997b658d44e,メモリア,记忆结晶资料,No.908 きらめく思い出を照らす鍵,No.908 照亮闪耀回忆的钥匙,1,1,226ff997b658d44e456995e6b6214a6f0c7ef8c40c22ad38a549b509e5d974b2,332520296d985f3c3a14f2d0f660c62291ef50063598417e9436a17db7f95692
memoria:18ef96e692c91c10,メモリア,记忆结晶资料,No.909 知的盤上遊戯の誘惑,No.909 知的盤上遊戯的誘惑,1,1,18ef96e692c91c10183469536cb3bf1070527f810ef2b3f6dac93bb0aaf2cde5,f0ab97369a57f84c277222a7f8b30a292e1abfe6f3dba73dd95825fbc96db74a
memoria:95923935d670ad13,メモリア,记忆结晶资料,No.91 花言葉って知ってる？,No.91 花言葉って知ってる？,1,1,95923935d670ad13d24e30c340014308afd7dacc3fc3be24acfd545d04c765a7,f32a92ee7ce2044c0d0f36e6b81c009b6df5d6e14f126366af705256cc5e4780
memoria:281a6b52d01f25cd,メモリア,记忆结晶资料,No.910 波瀾の最終レース,No.910 波澜起伏的决赛,1,1,281a6b52d01f25cdb977bbb276ac3460252b30451ed33bc988eeceec9a3c85e7,b1658e51268607c53f5441a64f386729f011f62a1f292cf26fc8220c0d41c1c4
memoria:add578c4190c24c0,メモリア,记忆结晶资料,No.911 幸運は勇者に味方する,No.911 幸运将庇佑勇者,1,1,add578c4190c24c06bf01cd1f2ab69859544aa94d8f25475729346ece930d737,67a3ebcd1195bf997cba48002c8877ac035b6f0bbe56d0f563be95dbd6d26fbf
memoria:73077719b2e0b363,メモリア,记忆结晶资料,No.912 守りたかった小さな世界,No.912 想要守护的小小世界,1,1,73077719b2e0b363f8437c12b23dc5be75bf35bd7dda406e6a11267c96d54b08,4ca5067c09d29a1837274e650ca97608283a9a6223f36e4ed3932b5336175a80
memoria:04a7a5a45f218432,メモリア,记忆结晶资料,No.913 日輪の後継者,No.913 日輪的後継者,1,1,04a7a5a45f218432f788b553d403d318bd81635e8f570735d05282eb7461c7a7,3a1c852314390d24ac945ed0db739e1d69fe771e11b61bee1574625009c147e9
memoria:fa1917c9daa29e9a,メモリア,记忆结晶资料,No.914 アルちゃん？妖怪？,No.914 アルちゃん？妖怪？,1,1,fa1917c9daa29e9a168ef2cded2a8ccb2166afccb58d4ca990913daed4d49549,cc9cafc4a7c29640743fcf98eb74a327e5fd4b5f6e4021580dac19cc17432f41
memoria:8956fe9a53cc7723,メモリア,记忆结晶资料,No.915 見られてはならない姿,No.915 不想被看见的姿态,1,1,8956fe9a53cc77232053097fbe71f31a31ecdd792e8751e936e8b133dad00208,ec4c06e29cd8dc69f5dfacc4be3ee890c00aaf3e02319bacf6769ad50a5dc8a4
memoria:e21312d17c28e62d,メモリア,记忆结晶资料,No.916 神浜七不思議調査隊…？,No.916 神浜七不思議調査隊…？,1,1,e21312d17c28e62d5ee2e6eafa4d3e5a5de002289480bc33945ca183d64b53e3,777458c24dd3a6f5ee4159d09e6d755cc1fcae5b3143908a137025398a66ee37
memoria:fed7b7c7b6464f9b,メモリア,记忆结晶资料,No.917 百鬼夜行の灯,No.917 百鬼夜行的灯,1,1,fed7b7c7b6464f9b74579b22a323251d7a29764faf7122167589d689437f26c5,e9c55ae9a7ed3e3a5ed84ddd2fe9ff3f447a963771b5ef36ed7e486314a0a46c
memoria:9a672691d0bc3da8,メモリア,记忆结晶资料,No.918 私と重なる新たな私,No.918 与我重叠的崭新自我,1,1,9a672691d0bc3da868c6ee856da3611856b8ece9da02f95083d74fc8a23d1abb,53f61c6a2df342d8984774f948805ef9d335a07fb970595088748c299721dc63
memoria:4d7d33d4e53f9d24,メモリア,记忆结晶资料,No.919 残された記憶,No.919 残存的记忆,1,1,4d7d33d4e53f9d247f595306c9419c0a68eb1227e06c82272ed4af197c3f8b64,611bb9b16a06ae8d5b370775fcec270dc7937c1bb7e5f4ed44510c34b71c15ac
memoria:2302ca81d3c4c19a,メモリア,记忆结晶资料,No.92 おしゃれ全開！,No.92 おしゃれ全開！,1,1,2302ca81d3c4c19acba9f958556792a6d08f0521c21836b58bf8df27575ed56d,65369f39db26365771f8f12fd59174fece993b3cc8bce2e5126e0511dfee3f62
memoria:5ac1be938f61a2ea,メモリア,记忆结晶资料,No.920 歴史を残す決戦,No.920 名留青史的决战,1,1,5ac1be938f61a2ea553ad82a7d03d1394a3bcf54a835321a819776ef7049a1f5,99d9a9725665095df6535582daa2aef6cc59ea5091975c4251a6817241e6a205
memoria:a7e9161f8670d045,メモリア,记忆结晶资料,No.921 胸の奥で育つ影,No.921 在内心深处成长的影子,1,1,a7e9161f8670d045d9a06ce28b1cefc9dbe1e62e9368c2d1c9344755a5eb55d6,af24b9e3af254ca89c78c99434e3d691cbd8cb31065a722ebdb166be15de307a
memoria:1265e649f4869612,メモリア,记忆结晶资料,No.922 パクス・ロマーナの煌乙女,No.922 パクス・ロマーナの煌乙女,1,1,1265e649f48696123f6c687399030880759df4f98cbbf4df8a6ed5f012f9ff40,0fa4735c4c05466d35a1f560ffc311cebefd55139c8c86633588a0e16a6aa9c0
memoria:4450b3d374561eb6,メモリア,记忆结晶资料,No.923 奪われしレコード,No.923 纪录遭到掠夺,1,1,4450b3d374561eb6647995778e4fb663845aba10191dd07fe712e3a131cd4d76,8790bb51d41516651dbb041737406492f102a00e0902795f5424f8603f7f0769
memoria:48c6d26c8ac8cf72,メモリア,记忆结晶资料,No.924 変貌のあかし,No.924 变化之证,1,1,48c6d26c8ac8cf72a75b4704864021efa7baac820f9fb5bc20af6f736108c0b7,3f7964c04ddaad30283387891534c72635d184acaaae8163df9026b8476fd191
memoria:75a5dc8078e5bca7,メモリア,记忆结晶资料,No.925 協力してもらうわよ,No.925 好好帮忙哟,1,1,75a5dc8078e5bca7c7c2f7594eb6e2dc421784ffe6e57c3980c4622a47bebe21,beab3800c5013d791ec1b93e77e4a5ad992f7f39c6befb38d2b044ef79f601f3
memoria:8f705a13394a1b25,メモリア,记忆结晶资料,No.926 たどり着いた答え,No.926 抵达的答案,1,1,8f705a13394a1b25791243ef117c3ad088f88559b41e95d3070cf585cd84b1b4,19735e4763dd5c2fe2dffc97bf179acb532f192033832abe96d2a10c9dcfafa3
memoria:d74ec40c01c6d9c1,メモリア,记忆结晶资料,No.927 いつかの環いろはへ,No.927 致曾几何时的环彩羽,1,1,d74ec40c01c6d9c18fdc3321784c7ceb2225c8f295ff110c9da9aa33fe7985c4,4b9619793ab978e53425f081a9d8b86284c7655ba4a345ac50c88cc0f1bf309b
memoria:903b6104964498b3,メモリア,记忆结晶资料,No.928 みかづき荘の音,No.928 三日月庄之音,1,1,903b6104964498b35d1ca343d7d4868fa7dc7e63022ff23060b36c497160d00c,d4a9d1dea950cff88a4913a01471d0147a74ae0bf27a66bcdc0970112f11b0a1
memoria:3337b5c077ef5bd0,メモリア,记忆结晶资料,No.929 決意の記念日,No.929 決意的記念日,1,1,3337b5c077ef5bd07c6be7e72920198c767ae27458cfc18dbe1ae57dab1e544f,35b6f3f0de2f7c497984dde1ad131f3fa995e9993b4dc7fdbe6014441c0ca458
memoria:0f47532099e295d7,メモリア,记忆结晶资料,No.93 罪と罰,No.93 罪与罚,1,1,0f47532099e295d7c1ef78b5753464ba20d22ce5317d398e931d2053f4c6803f,fa26f7609863ac8ec8ccc15f35224fb1447db27e63426cfc8b76ee63cb515be6
memoria:0c98f5c81751694e,メモリア,记忆结晶资料,No.930 家族の時間を経て…,No.930 家族の時間を経て…,1,1,0c98f5c81751694e937f92aa4b924adde7c3ac8d0b539a50ad2b92ba54648201,3cd0c0a9e12aa48a1ce737694542bb2db0e9ea644e86c189f57b00a5352b3bc5
memoria:080f2130b7653487,メモリア,记忆结晶资料,No.931 不思議な食卓,No.931 不可思议的餐桌,1,1,080f2130b7653487fb5bd72d358ab85977635ec8f35e203601a7371181420d97,8a4f1ef05139e10d4491c9b9a39b51c2839cc677c4d4ccf71d30ab1dcf5ec188
memoria:08b00ec6068fe77f,メモリア,记忆结晶资料,No.932 自分、いるんです,No.932 自己在那里,1,1,08b00ec6068fe77f3afc27bcf005958551a229f2e7c03e0ae50ab534c41c808f,0aa881d2823437f2b28244ca9d5035b24d7b26b37be91b5c0b3636d8e3b5fb37
memoria:c053cb0b4f15bad5,メモリア,记忆结晶资料,No.933 ベンチで見る夢,No.933 在长椅上做的梦,1,1,c053cb0b4f15bad5510d6ed199517a5a7a3954c4494d080301a0b6ef33516e89,d93064bf5d77b6b0d915cc2c09fee2fc8476790439d3501e122cb348eed5531b
memoria:93cfe05cb28c2abe,メモリア,记忆结晶资料,No.934 見守りたいの,No.934 想要守护你,1,1,93cfe05cb28c2abeb81d608469bc70676fd404eaa19c7b45ff8db849f2c99287,4b9c78773e8d213bcb5dae7fe27d8349eb423e9bec5d35ae94bd96eb1640f1f6
memoria:86b7b3e3fed65c46,メモリア,记忆结晶资料,No.935 倍の歳になった姿は,No.935 年龄翻倍后的模样,1,1,86b7b3e3fed65c46fddc3c1dd4006fc462614dd483a8ca8559ae6376290e4873,129990af8720a490607cdd6950ec42e22406d13fe5c97c4168c50f3e8e6ed2a1
memoria:9ab5cb900f88e934,メモリア,记忆结晶资料,No.936 病室の風景が全て,No.936 病房里的风景已是一切,1,1,9ab5cb900f88e9345f40a59d231ab0eef4e6f9f62f9ba84c802ec5e0f392f9b4,1eb4255df93d315e995473464365bbaffec0168daf178090f8cee68c855bbd1b
memoria:6735e377537aecaa,メモリア,记忆结晶资料,No.937 鏡に映るふたりの存在,No.937 映在镜子里的两个人的存在,1,1,6735e377537aecaa1ae39d8b127995c440bb3af5ced7afe52a058fe1f46c57ac,e1eda07750b4645644c232dd94e0af5451521b29c0c0c96ef27742119129a22b
memoria:5657d039f918028d,メモリア,记忆结晶资料,No.938 スペシャルなお悩み相談所,No.938 特别的烦恼咨询处,1,1,5657d039f918028d0ae82d525cebe748de8fe95723730c98422ec9e86d9affb4,76a2bdec3a1aea8a1bcd89ed1d80f635bb08dc08956444ddd3df1144141b474c
memoria:1da8da9fbdb5e734,メモリア,记忆结晶资料,No.939 タイトルは、ロックな千束！,No.939 タイトルは、ロックな千束！,1,1,1da8da9fbdb5e7343b952b53a6a2543f17767981199c2b7bf7e8a3106f197275,85dcf0d7e98cb428084018e416199677a7a5b9d26405b7c7e9db11a31d059fd1
memoria:e3e5faf2c795a3ca,メモリア,记忆结晶资料,No.94 愛のかたまり,No.94 爱的聚合物,1,1,e3e5faf2c795a3ca7a7dd8e7730f4772a4c7f80afeff882d26459513418a5d66,8c3bf95b7a35edf05ba7f376bc3fddc00b12beddb48acf33a91a7b99c71b2471
memoria:508af9b9f1b867a1,メモリア,记忆结晶资料,No.940 タイトルは、写真を撮る私！,No.940 タイトルは、写真を撮る私！,1,1,508af9b9f1b867a118c8423973b01d595fc896dc3adec9506974e5f2932e2852,65078a8690c04a15db25b149b014b56c40b00e5d9ef6fe872fd7ca0e61ab14d6
memoria:a8125ee95b37cdab,メモリア,记忆结晶资料,No.941 似顔絵特訓の成果,No.941 似顔絵特訓的成果,1,1,a8125ee95b37cdab5df3ac6aeb2241d3e746d045b4dfaaba5081bad4a7a54b54,7bbb65e11a0ffd204cea27cc11b95a063b51c5310e7c6839708ab13917d44906
memoria:0bc3de89070f7e82,メモリア,记忆结晶资料,No.942 撮影記録：ロック,No.942 撮影記録：ロック,1,1,0bc3de89070f7e82d2c06bbb9149dd10c6acdc75897fab2bf3a82a14f7c617fe,47b2a376025169481ecbb582e876dade9bbb2ec2a9b84255a80958f87d2f2fb3
memoria:12873a8353537e75,メモリア,记忆结晶资料,No.943 撮影記録：私と銃の関係,No.943 撮影記録：私と銃の関係,1,1,12873a8353537e75b01e867c94de4e1f4d0b901a69159530ec99edb73b2e341f,9a9f5b2dc79269a8b03ed17e1a70166c45c230287ea9d1fea34783d038c9c81d
memoria:2a6d4f213de3c34a,メモリア,记忆结晶资料,No.944 喫茶リコリコにおまかせ,No.944 交给咖啡厅LycoReco吧,1,1,2a6d4f213de3c34af2d537437fdaf3057ff2643c91beeab53710f5c2669f37a4,0a7565fd970a70c773ac6b545265f8490a764521923c05c70589bb330e7edee5
memoria:dd98f1693d47a3cc,メモリア,记忆结晶资料,No.945 平穏な日常の裏側で,No.945 在和平日常的幕后,1,1,dd98f1693d47a3ccd11219030e5076efd349ee04a156b2b84301a862b395e402,7f2df50e9de2ef25e5055e3cf48f3b6027a6ddab2b0e709f57f63feaccd8935e
memoria:f4777f5a3ca5beeb,メモリア,记忆结晶资料,No.946 自分たちで選ぶ未来,No.946 亲手选择的未来,1,1,f4777f5a3ca5beebd0cff8947051bbea497a947e1934fb99c409861ac78d799a,05251f29b47e8efee768590d72ad55108f3f5bb1ea9999175f1aa44fdcc4bb6c
memoria:5a4ac308239e3da7,メモリア,记忆结晶资料,No.947 喫茶リコリコの凸凹コンビ,No.947 咖啡厅LycoReco的天差地远搭档,1,1,5a4ac308239e3da79f5a9ce390fe406be48711c6aa78d8b2582fabb6b8c187a9,087cc3c439cdf92aa20a909bbed24ad8a2743ec836c417ccafca9e6974185ea3
memoria:1bf3c0c1b23a9eab,メモリア,记忆结晶资料,No.948 ネクスト☆アクター,No.948 Next☆Actor,1,1,1bf3c0c1b23a9eabb0d5a68fc92a59190df747a4b606ad7f1cc2ef60e2e30c61,53a915442c96b3c68beaf32c799530c66f11fb556c23dbfebc85fc2e32f38dfd
memoria:8f2bc89188b78ce3,メモリア,记忆结晶资料,No.949 レコンパンス名物,No.949 Récompense名产,1,1,8f2bc89188b78ce301929fa0594863b463fe7154c14b8d961950f83fd1a6aae7,eed03b121c7f4c6a01a7aecd1c377824284548059d3012954730dc8f7bc9f01d
memoria:7b0bf1ae67bab6f5,メモリア,记忆结晶资料,No.95 ヒーローとの出会い,No.95 与英雄的相遇,1,1,7b0bf1ae67bab6f57fa3bbc40a2932cbbb68da92aabcfaf853bf702422890c65,d66350aab01d79a0c3019e42f1a67fd885bbe533cfaf152eb2fe1fdb4366db5e
memoria:4df98e4a92cb4551,メモリア,记忆结晶资料,No.950 目覚めた心,No.950 醒转的心灵,1,1,4df98e4a92cb4551cc139b8032f56efc173c4e3ad886be94dc94b661df7b228e,d24a60e5d9269ff5a21dea0493aa087654d3f5860d01f868b593a31ef1880401
memoria:a8858e7329fca2db,メモリア,记忆结晶资料,No.951 まどろむ小さなぬくもり,No.951 小憩中的点滴温存,1,1,a8858e7329fca2db5ad35aea03433c7e0fa076ed2386f2a7f363df165760c376,894d129ad0377fa05484dd33126c2c5f973f60126d8b7d8133aacba115d08b2c
memoria:dd8102ea3556f894,メモリア,记忆结晶资料,No.952 ラテアート,No.952 咖啡拉花,1,1,dd8102ea3556f894500a45cc17eaee72e7aeceed520b11ea898af3114ca35b55,a0653674d9a63b115d15615f9b6a674cca24ef36f87c142903dff00b4f4bf9b2
memoria:6a50b2c82c813d29,メモリア,记忆结晶资料,No.953 希望を捨てない,No.953 不要放弃希望,1,1,6a50b2c82c813d2966420c6ef80d63709ab2f8866825a6922ac0d4a0e9005023,a83d4a37ac1b03a506994bc37d9226b62d2f86856b30199de0a0f8a37d72dd48
memoria:ff4d9d07e94e3acb,メモリア,记忆结晶资料,No.954 光を浴びて映るのは,No.954 在那光中照映出的是,1,1,ff4d9d07e94e3acb07d016c48010b5244b52e5cb6d87bea8e4a8682a9789a194,52de0ef67d31a447d2916980865cf9f0d629b5b9cd4e5e8dfdad39bf3f30035f
memoria:e94077e6ed2287ea,メモリア,记忆结晶资料,No.955 奇跡をいつまでも,No.955 令奇迹常在,1,1,e94077e6ed2287eac79052145f5282c073d4fe7e0416dfccb1e22255093a513e,9713f16be9e84fbf996c3275133b61c26d90b1cf1324dce94bc3321f3aba5e4b
memoria:9ff3dae371d01f6e,メモリア,记忆结晶资料,No.956 ただ、自分らしくあるために,"No.956 只是,为了保持自我",1,1,9ff3dae371d01f6e59789573f680e1ae6388cc3fb606c80191447c73abde5772,88477c6268deddba13fc35cd4e18e4566c6373894284dbec1c85898627044eb6
memoria:5d19f94422e6d215,メモリア,记忆结晶资料,No.957 優等生には程遠い,No.957 离优等生还很远,1,1,5d19f94422e6d21565ec1a1b25fc7dd6ca7175e886b28ee0380c7f5062220940,779cd50ed486db00c344a665595b3d51667dce4e2010487cef153679c5ae36c8
memoria:70127dba66ae2148,メモリア,记忆结晶资料,No.958 わたしが考えた最高の罰ゲーム,No.958 我想到的最好的惩罚游戏,1,1,70127dba66ae2148294c17ccc2486459b28c0e883d91929e33047c8e540e6d60,e54fca9401c65413a1f8bf9d65c6fccab8dee9caf74b11431dcc83238370037e
memoria:0e96d324e2aae4a5,メモリア,记忆结晶资料,No.959 いつか地獄で会う日まで,No.959 直到在地狱相见的那一天,1,1,0e96d324e2aae4a5329014208ba83f017902fbd66c320c9ace9c211e194f2dce,983b015732576861d9036a40f0fd89fef1ea5978082994158a6461ba0f5e53cc
memoria:a5284d616ec31db1,メモリア,记忆结晶资料,No.96 休日の昼寝も思うがまま,No.96 休息日午睡也随心所欲,1,1,a5284d616ec31db1c333fa9066fb76f8e0332a2f2911682b1be4f9bd5fc4f998,2d4ddff6d44688eb125140b43f5d945c5c42882af9c185bfb6db11910065327b
memoria:fd082ed491a49a04,メモリア,记忆结晶资料,No.960 赦されぬ罪,No.960 不可饶恕的罪,1,1,fd082ed491a49a04e459d47995f34c081361a7c1d1f46eae156400c16c256a37,cfe71fe9f81a107703ba9e459d12271e778e9f7e0a84859643076c93a18809f9
memoria:49b49b1807ceac38,メモリア,记忆结晶资料,No.961 その手を取れば、闇の中,"No.961 握住其手,便是步入黑夜",1,1,49b49b1807ceac3897b66960f295a81700dc41f32e7c82bac03cbf1946de8539,5eaa19ebce9ef8de4ef825bc1d638bf5fddfbf05895c3a1f6598a3a36d7b4cdd
memoria:2a502f803173da50,メモリア,记忆结晶资料,No.962 常闇に甘えて,No.962 依身于暗夜,1,1,2a502f803173da506fc87e98af42c42e420fd4efefc2b1891edb2c34142a9291,eebbec790626c32d0081774203b1ff2f347172903c0a16aaa7d570f93e1ce934
memoria:f6360117af33bf6c,メモリア,记忆结晶资料,No.963 真夜中の初めまして,No.963 午夜里的初见面,1,1,f6360117af33bf6cedd7a13f6317752a9f4d58e4e0b2103e77e50522d654481f,505b11e61bd10a32cea2d5e2f06cb26e796f1c9d72e9127bfade3924b0f422f2
memoria:cc8df9f955df0708,メモリア,记忆结晶资料,No.964 孤高の覚悟,No.964 孤高的覚悟,1,1,cc8df9f955df07088d4620d82f2657098e431c1949b3ed10a9293a8dbc664c76,ca75b8f7b5559ea40718b65586d6be1993791045bd4405ca036386efca7ffbb4
memoria:fe31d5fefa731b8e,メモリア,记忆结晶资料,No.965 私が守るから,No.965 我会守护你,1,1,fe31d5fefa731b8e302db1034c1ccfbced52e61aa80e93ac5c9f798620b3cdc1,a377943835758cb0c3a16cd1e839ca75d1c016652f7e330464ac430d2c4daf50
memoria:bb2e9d753ba0c113,メモリア,记忆结晶资料,No.966 無情の入口,No.966 無情的入口,1,1,bb2e9d753ba0c1136e971608393235a98f8f11c3b19bd46a683a7dcd81ad682a,cc3caf593fc3ace68719184c4a862ce76c720e4ce7280271408e1d3e3f44a96f
memoria:6813be8ca108b53c,メモリア,记忆结晶资料,No.967 ただのゲーム,No.967 普通的游戏,1,1,6813be8ca108b53c1614198d030181022ca694699a365fea23a7c71fd724d3e9,0a7929b3b9f6f8ba5e6ab7664a2b3f4e39ebb7af0f7e43104476e06465e9fdf6
memoria:1acbcb22aa4cd787,メモリア,记忆结晶资料,No.968 戒めの誓約,No.968 告诫的誓约,1,1,1acbcb22aa4cd787ae05f101c087eea63332e6cb37291ca6d995b772cbe8132a,99878f50c99c53b3619cad1382670539d940454c51bd8f93bb8a0397a32408f4
memoria:1f1dccb26b060103,メモリア,记忆结晶资料,No.969 ひそかな祈りを,No.969 献上不为人知的祈祷,1,1,1f1dccb26b060103c9ac98c91be49e54913bd9e6b894dabe250dd018f5f61b4d,32fa68ba5853db917806701b8c45271ec40a8e6b3332a8d46e4d26d232a912dd
memoria:9e91516539b83b5b,メモリア,记忆结晶资料,No.97 牧場の思い出,No.97 牧场的回忆,1,1,9e91516539b83b5bf6f4fd3dde3d8b5dcb26d5dc3de008dee826b261cf39c0b9,b07377de6201a430d62b38788b32cfb0390477f8103c37e303ce2138d95afecc
memoria:2f668771fddc54c3,メモリア,记忆结晶资料,No.970 願いの形,No.970 愿望的形,1,1,2f668771fddc54c3124bcbfc0e0e0818cdba04ab08636874b749f10493ea0d2d,de0dc10bec6120328cb244878c2d09d4d33c860c6504f08e399ce5ce04b714f2
memoria:2174845e0e403424,メモリア,记忆结晶资料,No.971 私たちに明日はいらない,No.971 我们不需要明日,1,1,2174845e0e403424b2d7616b57f7275d83c9a316e032949374849c1f29764fca,589a1708f9a423fa14a49461845acc71ad1bd2e9cdebec6e078eccc0c4c155fe
memoria:4109ccf6d690e673,メモリア,记忆结晶资料,No.972 ビタースイート・ハート,No.972 ビタースイート・ハート,1,1,4109ccf6d690e673e5dac47546f1ab0c0ec60defc0d28d514925e5ed15d0d37f,ce6dd75dcfdd638cae3d69cfaf8db1ab6986a07a55d4ba9c41f2089bdf039e12
memoria:d9ef801e042b7a6a,メモリア,记忆结晶资料,No.973 分け合う調べ,No.973 彼此分享的旋律,1,1,d9ef801e042b7a6a3b01393fdc10b30bdc3bd96fccf0b27bbe2a59789e1c27af,8af9e4190416a53d7045a7630047a1bf5bbd41f47e9c2e9c468f1bc9c089a482
memoria:45a8935bb0fd1a8b,メモリア,记忆结晶资料,No.974 旋律に導かれて,No.974 受旋律指引,1,1,45a8935bb0fd1a8b3c760eaebea18a62b6eff9333285ba69234d7debddfaae31,1e2f8e58ed1d2836c8f0c065e7bb941ac8cc6350c6627f65c7c002bfab70c0d7
memoria:3c978ac70ca587e4,メモリア,记忆结晶资料,No.975 映画オタクの生態,No.975 电影宅的生态,1,1,3c978ac70ca587e46568be901d1f4c19274073cf0a76edc2e53cfe05d4e007e8,6bd8b5fb47f05f5147a4e166a7264947000e5acc4db5547138215fc4bed0afb3
memoria:4b6eaf720d1ff879,メモリア,记忆结晶资料,No.976 TV神浜キャスティング！,No.976 TV神浜キャスティング！,1,1,4b6eaf720d1ff87992baff38197d3ca669a62ca7e1118b44c0947cf3fa999fe3,bbf10406328cf75f6f2f385718608ea9c933882b80fed2441545c7eedfbdf73d
memoria:df5af09ea482b866,メモリア,记忆结晶资料,No.977 雪に咲くふたりの証,No.977 绽于雪中的两人的证明,1,1,df5af09ea482b866bc13e05129902b9b02dc35c5c7da2a373598221c60f025fa,c6bc8b05b9972ffae7d1ee1432eac56d6b6e8742257e822f0444d847a0a28361
memoria:df19aa9909cbd9aa,メモリア,记忆结晶资料,No.978 終わりへの逃避行,No.978 朝向终结的逃避行,1,1,df19aa9909cbd9aa9bd26ca7c249d347f5677ef71a0538183f301c410da42a56,b96ef4aabbebe55d002ea1e722d9ab4ab0268a8a1fac1a67e351a60ffb4c12c4
memoria:b74687655775907c,メモリア,记忆结晶资料,No.979 希望は、となりで見たかった,No.979 只愿和你比邻注视希望,1,1,b74687655775907cf67379a494713d6b2215f5df9a442ab8057d573b5308329f,6f71179e75b03c467da464475554ec2a2eec35746c83740616cd9a5790f4c115
memoria:dd83580a3f4b2d64,メモリア,记忆结晶资料,No.98 透き通る夏の色,No.98 通透的夏之色,1,1,dd83580a3f4b2d64b576fcae2054b52a45c32be0b0ec9fab0ad6781ac96b286c,7e4303f4b03795c062f13836fc2657ea7973ed069bcc2ae6bcfbe96d03a0135a
memoria:8bd118a2a0962bfe,メモリア,记忆结晶资料,No.980 色とりどりの思い出をふたりに,No.980 予此二人的五彩回忆,1,1,8bd118a2a0962bfec809bdd2690003698b5f27cfe33c2d6fec3964f51cf18006,38145d8501a73b91738a8bb2cce554207f91a59e7042c72209f215f9f4667874
memoria:a8efb435791b3f1b,メモリア,记忆结晶资料,No.981 それでも、ヴィランとして,No.981 然而我等仍是反派,1,1,a8efb435791b3f1be393225575f27d9bace32ba7e94635f62dbeec61feeb2c55,1a345c94265b7bc7e5e21839f4afa2675950be497de8863d0aa6bee9bdb01012
memoria:b3c5ec2d69b31038,メモリア,记忆结晶资料,No.982 完全なハッピーエンド,No.982 完美的圆满结局,1,1,b3c5ec2d69b310389b54c1d77fac57df46ff12e40171a0fe3c966f8cb2a1d14d,0e879497543c836902eda9d206072454e0018cb94a856ca339c3bdcef812caf5
memoria:95456ee9235353aa,メモリア,记忆结晶资料,No.983 またね、私たちのおとぎ話,"No.983 再见,我们的童话",1,1,95456ee9235353aa00302cc5eb77ddcc06e589d2dac569fe986a45ae0afe3e3f,235200ab8d51e24aabe97da4c2275e707f3caa76089d40b80184a16f50d6d32a
memoria:68fb1939eeaff752,メモリア,记忆结晶资料,No.984 正しさにとらわれて,No.984 被正确所束缚,1,1,68fb1939eeaff75257763fcb269d8e3582cddd59b7c9ea50011e54164d3306bc,d4d9775ad2aa131ab5eb3530ae470090f42fae6c15b3af2d974c6857fd29e599
memoria:423018c47bcb8c5d,メモリア,记忆结晶资料,No.985 小槌の輝くとき,No.985 小锤闪耀的时候,1,1,423018c47bcb8c5daf59b525590a62263b02c99bb08535cd900d0da64d3abefd,6b383fe85277299043e4c420fffd5ad87938563f2290964cf0ff1a26ac0e917e
memoria:ee03c840d15360f7,メモリア,记忆结晶资料,No.986 運試しだって全力で,No.986 拼尽全力碰运气,1,1,ee03c840d15360f73645e216c114a669fe0c1b5cbaf93dd61c9dd3fa363aa294,1c7f9eb16299128059d0f8412e2d4876de4bd676eda25015cb84f614e45dec7b
memoria:f3cddc14c7c5c835,メモリア,记忆结晶资料,No.987 正しさの答え,No.987 正确的答案,1,1,f3cddc14c7c5c83595165c8fb38f9e47991e6a7290a369e86ffdbc8e05dd4ace,8b4537934ee8ab2d109255070f4bcbe34768c3bea2cbcf85ab4258089f262a77
memoria:b2dea2e8807fd7f6,メモリア,记忆结晶资料,No.988 目を閉じ、見つめる先に,"No.988 闭上眼睛,凝视前方",1,1,b2dea2e8807fd7f6d474bd09594717c6e04b790f9e6074e359b8f57ad426f975,200b3aae7a1a6424ec54742f88e4ba2ab5141f68c389b4ffa62d1222035c5aea
memoria:9ae8d22d1c090013,メモリア,记忆结晶资料,No.989 初詣の祈りを辿って,No.989 追溯新年首次参拜时的祈祷,1,1,9ae8d22d1c09001319169e2f397e9d2dbd3ce54d1d11fa59e0fb99ce34406c3a,8e24e4dc54de82377112effaf15fb4d0d90d64e80a750b5ab2269327933ead04
memoria:c1ebace028e1ebcf,メモリア,记忆结晶资料,No.99 美しいものなんてない,No.99 美好的东西根本不存在,1,1,c1ebace028e1ebcfbba519741a8937494716f20581c96331fc3a6f93b3c5d68e,96e651fa3cf1aa27a5a92c6bbd59f33ab6c3d9cfd7d932d1d93b753be02deacb
memoria:3c5c06d93b983144,メモリア,记忆结晶资料,No.990 迎春から始まる昇り龍,No.990 从迎春开始的升龙,1,1,3c5c06d93b983144aac5d91856c784c973c5920f82910fe16bf676bcf605552d,2b2d9c34070634003a08cc8e55bb8f42d50a429136814647a19697662f52c7f7
memoria:b8769188e24ce310,メモリア,记忆结晶资料,No.991 先達は見逃さない,No.991 前辈不会放过的,1,1,b8769188e24ce31064f2ae786b300f4100a81bc7a088c708dc11a3a830fd0d11,cd0818d7069d6dfda7128da50f255ecb4db0479acfeb0edf8efc88d6fa2f3ba6
memoria:ee62b6494cd67417,メモリア,记忆结晶资料,No.992 生き残りを賭けて,No.992 赌上自己的生存,1,1,ee62b6494cd6741752fc319cf90334a5aa7b322a01281253d1454de0818d4e99,128e496effe0be6b80d3f2f903d9afcbe4d74d3c7931fae568f16141c1780b4c
memoria:f3da8d75de79c6fe,メモリア,记忆结晶资料,No.993 平行な世界,No.993 平行的世界,1,1,f3da8d75de79c6fe9d9dd400306c16d784debcb4fbb26687528d193f73bbb99a,23cab30150c4a729f864cefd64763f25b682a7f02b5ddadc07a6d2dc99144e8b
memoria:e977922184216bf2,メモリア,记忆结晶资料,No.994 エンドレス・ループ,No.994 エンドレス・ループ,1,1,e977922184216bf202b0c86de950c3c33b6dc8446209051b2f5ca070f5909a5a,55c52c8951d37e29db2acad933dba9f20238dc23f5dba048fe1cfa1c542f3ffa
memoria:426fc1912571711d,メモリア,记忆结晶资料,No.995 目覚めの温もり,No.995 唤醒身心的暖意,1,1,426fc1912571711da951eaa781cd4336bcffe4767feaab9accf1c0fc5425dea7,60304411c5bea63e96424f1bd5b299a0fbe240e03b607edbb7971bd17d02a8b8
memoria:efbd6ded39fb8972,メモリア,记忆结晶资料,No.996 引縄批根,No.996 引縄批根,1,1,efbd6ded39fb8972b41f5563620548f3e7f6aae97636c9eef23f4afc18f5d61b,9dabfb3e6105ca0cae77c32b1d43c3f8a513868078c9d9913ea3dd2079a71bb7
memoria:1fede0f5b28d79e8,メモリア,记忆结晶资料,No.997 眠っていた思い出,No.997 沉睡的回忆,1,1,1fede0f5b28d79e85cf1ac4a8bf98050b790ee93dbf7a170ca57feb29e4d2c36,9460639339bc57fdab4b2011ce9836d3442a50aee9474e2d92c4d7b408b9ddbb
memoria:e1d9058f9c6edec6,メモリア,记忆结晶资料,No.998 心繋がり走り出す,No.998 一体同心向前奔跑,1,1,e1d9058f9c6edec69b7a68f787629b593a6f4bc7dec7dcb65cfdd7aa0324d15a,f230c7037d870f197d8b527ed7face3e9c3bce8b2002c9fc486e585d2358aa13
memoria:ea83b8763b54705b,メモリア,记忆结晶资料,No.999 積もり積もって,No.999 日积月累下,1,1,ea83b8763b54705befabd6afc3198dd99ae7ebe05964bc3491b6edf3c6485dba,cced864811e479b3ea84ae02683dbb64897bb8f8892c5154e22f323a969e9af1
ed-1:ab1297a8d36a44f3,第1部EDムービー,第一部片尾动画,0.59頃,0.59左右,1,1,ab1297a8d36a44f356b84dbf5757d8e29e4a4cafa33b01ec1e7fd4f5eecced5b,ae72d958fc25db6f0b8390429b638e83138b226b02ca1d4bf0565b4424b6aa30
ed-1:f4f750af9b74e8eb,第1部EDムービー,第一部片尾动画,0:50頃,0:50左右,1,1,f4f750af9b74e8eb55eecb3e5dbce13118d6e3d45dec3113522e37233d374dc4,82c3b224268c0bfe149d2d1242cff84609c648b40b16627b46da265c40986d08
ed-1:2b89c66316119894,第1部EDムービー,第一部片尾动画,1:03頃,1:03左右,1,1,2b89c663161198946cb1117fc85bfcd829a46d7b8e81ffc4db1aee078b0c5a34,fe06a7197371aec5c5e2811538d45293cb89d5db08e522723aa84f9091ba8e56
ed-1:9b611c34db88b547,第1部EDムービー,第一部片尾动画,1:07頃,1:07左右,1,1,9b611c34db88b5471f1eabc36d93e240c41247bc07e71aed7b894aea7e44dc61,0b9324f966108c346faff0fff26e0dd7970552881268ea7908817bf179aeedbe
ed-1:fd5241e759fcb530,第1部EDムービー,第一部片尾动画,1:11頃,1:11左右,1,1,fd5241e759fcb53070f26a6ba4e11478faeb5ea886d7ba4f44ec0c9e17c56e88,1e484334873b0840828f0d870087fc7126f84e1aa19cbfc5e9d3443e89e3b2d0
ed-1:adddd440176c06bf,第1部EDムービー,第一部片尾动画,1:13頃,1:13左右,1,1,adddd440176c06bfbb9c8e255242bce459c47e251e944be8ea2b97791bc3385d,59eabf42498f651caf8710858aaf21936d3ecb96aaf06a356073cd6c697f5a97
ed-1:4f56c98dc7f99df2,第1部EDムービー,第一部片尾动画,1:19頃,1:19左右,1,1,4f56c98dc7f99df243b56d1dd065ff804a409b21d43e74e0a28b0ae29bfff3eb,ea76dac42b12337b30a5b6386f90a1d07f87e6b314016f66d25fe3728eff96cb
ed-1:94fe4f69a6528182,第1部EDムービー,第一部片尾动画,1:21頃,1:21左右,1,1,94fe4f69a65281828a8c2f142f59eb353843ceb181cecbe6a423d2c96b85cf18,a3f4dd40ea03d2383885e3f1db8abf9c9d5b51f54933445130499c60b31a8487
ed-1:7d5844d89b7a6c2a,第1部EDムービー,第一部片尾动画,1:27頃,1:27左右,1,1,7d5844d89b7a6c2a6f9d014486554415a7ca4f4bd5fa82d51410f31026f1823e,7e4e7c1e05fe84399f9eeef37023860478e27c41ed3d4ce98b453379fd6dcba9
ed-1:5e1d454d62ed3ea5,第1部EDムービー,第一部片尾动画,1:30頃,1:30左右,1,1,5e1d454d62ed3ea523a7f709c73d95de69a94a9b9ff336504ec58fc269b947ef,055a979631679579a252296a607405cc85565e86ea7fda13b4e95c920e91bb5c
ed-1:d81dc863aa2c6d28,第1部EDムービー,第一部片尾动画,1:34頃,1:34左右,1,1,d81dc863aa2c6d280f233569a8b005080225808b10c3990efc622d6aa708fbf2,4f0cb8d548586a92a902675f1351be9060ca2202f37e9659692878d228ab5369
ed-1:71ae65a1bab15aeb,第1部EDムービー,第一部片尾动画,1:39頃,1:39左右,1,1,71ae65a1bab15aeb28eebc60d54e2557f68fbf89aff74a2696f7af7a110a8a4e,e80a9cd8c1639e53eed1588c6ee9f744a9d999db7449f097049138720a20605d
ed-1:a3ed0e9225d3248f,第1部EDムービー,第一部片尾动画,1:43頃,1:43左右,1,1,a3ed0e9225d3248f2364a3811e83663ba52b9db8761faa94d14af8966ab6550c,09beec64bbf4c42e91d85821f51e7da0cc5b707dd5f703915cba989c84d5e45c
ed-1:1c86a3fa20ff3f0a,第1部EDムービー,第一部片尾动画,1:47頃,1:47左右,1,1,1c86a3fa20ff3f0a5c6ef071dd24eb6032a6f1230866ff5e785d1151b8292713,3fe312780a4d253828faf8bfd81cc28e5ec31366ce67e2e0b84d7456dec517ee
ed-1:c5fdfdd3f16aaea9,第1部EDムービー,第一部片尾动画,1:51頃,1:51左右,1,1,c5fdfdd3f16aaea94cb5a95c109fc67f36d511ca9a7e5b7994b65f9ae3811e84,a5eac8a17900e98c098171da9fc3f350450d6a9ccf2da9614a0d8a9dc39dfed1
ed-1:92c81ae20f385caa,第1部EDムービー,第一部片尾动画,1:55頃,1:55左右,1,1,92c81ae20f385caa95e564efb8df15b0b6593e0fb95fd69764a4d7ea8faf599d,f4b8e6b6faab3458cff9908dbc54a81211e733d21c79077b187e00ef440d9ca5
ed-1:edce78ca79faa099,第1部EDムービー,第一部片尾动画,1:59頃,1:59左右,1,1,edce78ca79faa09990a947c42b98edbdf6c57c4bd250979d4521a04233cc35a8,aa675c67bdbec680a109465c92d980c2c909018ae38b3d63b9401df8a26fcbf4
ed-1:b2381fec969e16cd,第1部EDムービー,第一部片尾动画,2:02頃,2:02左右,1,1,b2381fec969e16cd87d129edf144fb84e8869a1df89902bf70243e859fa7800e,353adc5cb16e4f4418126188650c5473eb7854316de35f6b37d8fc2a0b30143b
ed-1:4a6fa03666543268,第1部EDムービー,第一部片尾动画,2:06頃,2:06左右,1,1,4a6fa03666543268032aae4f12fa8dc6c3b73c6490e52cc4b9e9c62e10ad28e3,e7044c1fc8c925cd7e9cf04f43499546db8d3c91bd767ddee47834a79603ba72
ed-1:5a07772af282a63d,第1部EDムービー,第一部片尾动画,2:14頃,2:14左右,1,1,5a07772af282a63d9efe233eb23ca13634c7825d836f1420ba517279c4cfbeb1,c2aacce1aa4f69426e0424768514cf96eddd5299f27c9e75f9325eacbca71644
ed-1:6f7e734844f35a4a,第1部EDムービー,第一部片尾动画,2:19頃,2:19左右,1,1,6f7e734844f35a4a8c9953a2e82ddc38059d3f1ee7d30e1a3a83172c0eee6604,b8ccfee45b447ca0089bed68a138787e6ee3a7716c31e202388a32b31be53687
ed-1:59509411f3b83410,第1部EDムービー,第一部片尾动画,2:47頃,2:47左右,1,1,59509411f3b83410b2525f882ae0470fbb02838ef36c4cb0414d0414da47d04f,ebecb29ad2595826cd27b3572355a48a47c6c00eef687db039e7fd07f7dfbad2
ed-1:cd5e203bb932d2b8,第1部EDムービー,第一部片尾动画,3:09頃,3:09左右,1,1,cd5e203bb932d2b8240f394d42a758bddd50d49077af7c57d5196ffab9816893,2847c7b43f9a4dfe7e31a0e8e2daae7a6c7c0309d415ee8c1f8fdfc983d9190f
ed-1:b6218b00df62fc9d,第1部EDムービー,第一部片尾动画,3:14頃,3:14左右,1,1,b6218b00df62fc9d39ccf2f3ecd70807fee71e5897096e67cdb93b8887aecd0c,8300e6117e89b9755a32d87ba29cc16d0696c0a4a5a515c0188005dc92f65a2b
ed-1:ca27a857d31454a6,第1部EDムービー,第一部片尾动画,3:17頃,3:17左右,1,1,ca27a857d31454a63e9f8b37e434179512287bb18c20596ac2e3ad2d31eec670,98dd4238d41edba5ec1f183efa56f297fd129cd63db37658478188db7c14ee4f
ed-1:8cb354852ed2cbcb,第1部EDムービー,第一部片尾动画,3:21頃,3:21左右,1,1,8cb354852ed2cbcb5a546130a7f543eab09512c1f937df2ce25ce9b9a67e7b65,3d1a6b0e957c95fc910c1cfaec447c3d750187e1a4a0ffab4ab03935514b772a
ed-1:5d7399b3358ef8fa,第1部EDムービー,第一部片尾动画,3:29頃,3:29左右,1,1,5d7399b3358ef8fad97346a0a99f5b7b504a686aae2ae5380a44b1fb4bf74654,abc804b46b52d74ba5ff1039c4f8b54fdd79f9e0191f0030501f7b282c6e920a
ed-1:b9483d6b30841d03,第1部EDムービー,第一部片尾动画,3:34頃,3:34左右,1,1,b9483d6b30841d03cfa792f630d8f9bd6cc6cdd2a570e77d47e1a77241450b9d,d274eb897c17cef017046313822cc5a1a99703b017d44cf9f98de1447ded7821
ed-1:824a61920757d96f,第1部EDムービー,第一部片尾动画,3:37頃,3:37左右,1,1,824a61920757d96f0464df7e71b1035a9ee1ea0fb9a839c649e7ecb392d38044,161a2463e2b7ea574301f530bfb9cd921fdb72440a780e3e9679dd06ae91be6e
ed-1:d4faa1c738383d5d,第1部EDムービー,第一部片尾动画,3:42頃,3:42左右,1,1,d4faa1c738383d5d622187baa67ec65a170343b87df213e07434ae2eccdd2306,bebf56ce1d86c2146ef3f6f6375ed358a0146c9fe4da64ed84aaf0bf2d738338
ed-1:c16ab2dd41f9516b,第1部EDムービー,第一部片尾动画,3:45頃,3:45左右,1,1,c16ab2dd41f9516baee7eea91d350a9a212261e32abbe0ec5032e4655dc37c73,69fd3702e91797542e1aa2146bfd60a8d26b359e1ecd5c924bafeddbd04a67e6
ed-1:2591698f27257aca,第1部EDムービー,第一部片尾动画,3:49頃,3:49左右,1,1,2591698f27257aca0304ac2dd819f7dfa11b26d1caf2d16dcaa0659c7f6befed,37682fa5b1eb945965663ad072bb7e9017b8f12219e7e0d7eae16de0f0a8c181
ed-1:fe350e9dc956eed8,第1部EDムービー,第一部片尾动画,3:53頃,3:53左右,1,1,fe350e9dc956eed8705146380c345df820924d58552871c56163d609418a559f,90c0d2d8d6a990aaf389f925ddcd5c6f475b465dc41f43db6d1bcde823416318
ed-1:8456c6d78207cd79,第1部EDムービー,第一部片尾动画,4:13頃,4:13左右,1,1,8456c6d78207cd7965db244322e17b0729d7c88af299225d3a37dd244b339e13,59257469388837e162996e25f8a2ef7d2db1458b26d20cdb1ab32d94d607f2b6
ed-2:2b4e250413e71ac6,第2部EDムービー,第二部片尾动画,0:21頃,0:21左右,1,3,2b4e250413e71ac6e1650fd8fca6bcde4ceb66391b260d21b2d9b08f25dd6bc3,6218351a025c945dbc5c3068d0651dc9afdddb0eed51480d1b40e7f7ffe11829
ed-2:1f8d14d83d3e0aa2,第2部EDムービー,第二部片尾动画,0:29頃,0:29左右,1,3,1f8d14d83d3e0aa2f2ee4818d0a09475150ada6609c198ca36630cb8e8ac367b,9943d7c40f453c1eeb712a2a57726755ce4543f9bc1c5f3631c964a62b6568a1
ed-2:2031bba5bb5e409d,第2部EDムービー,第二部片尾动画,0:36頃,0:36左右,1,4,2031bba5bb5e409d2a59e290aa5326610eab803e5874869dd5b467715c25a788,d27e52bebd4dc121afe556211edee99ae26321ab1580fc7023ad34d635336763
ed-2:1261150baea47587,第2部EDムービー,第二部片尾动画,0:43頃,0:43左右,1,3,1261150baea47587f2bd7c20dfa2f6b932b05187ec8a95b675d8538ec4c82412,f01f3a74888e7274c3ae6222372e57e047444f03a1712a9f4789ec197cef30b6
ed-2:950c9974124ef07e,第2部EDムービー,第二部片尾动画,0:51頃,0:51左右,1,4,950c9974124ef07ef44d628a40e9a15f1a45cee61dd76dca93cc99d39e62a01b,58abc82029c6da6f7e71465d21a149982c2baa48e0f494554cabddf46de1e432
ed-2:fbd9d01f97109c0a,第2部EDムービー,第二部片尾动画,0:58頃,0:58左右,1,4,fbd9d01f97109c0a586774c406bd6f1bf426925a6eac84830fbb31c9bc6622c0,98b141d97f2871e6bd06d3308b985ee18647291e1ecbc988f296732e617affeb
ed-2:0832622af1cfee7d,第2部EDムービー,第二部片尾动画,1:05頃,1:05左右,1,3,0832622af1cfee7d28a4ff4d38df65cfb82d860fcbcf8d1cbb557eaf051d13ee,694e088f138d291db7bf25f38c2b2efe5b851f2889bad9d8e0bcef9fc63960ed
ed-2:e3701130f46a3f5e,第2部EDムービー,第二部片尾动画,1:13頃,1:13左右,1,4,e3701130f46a3f5e6705c6047951de8044a7ac030b388c141a3424b73c85b8f9,59eabf42498f651caf8710858aaf21936d3ecb96aaf06a356073cd6c697f5a97
ed-2:329c33bc4e5f3700,第2部EDムービー,第二部片尾动画,1:21頃,1:21左右,1,4,329c33bc4e5f370086cea09c64edb10855e42040b0a6643c2933caf28b887138,a3f4dd40ea03d2383885e3f1db8abf9c9d5b51f54933445130499c60b31a8487
ed-2:b36ded5c1daa424b,第2部EDムービー,第二部片尾动画,1:33頃,1:33左右,1,3,b36ded5c1daa424b166172f144089bf4e8b7db8f060c650e43d079024573158b,8c1500f474f147cd78c28f19972cb11c8a06f6c51169682ee8b231c86f58f915
ed-2:a974eefe43aed897,第2部EDムービー,第二部片尾动画,1:39頃,1:39左右,1,4,a974eefe43aed8975d289061d29d8cb692dd163511ef95caa87d0cd35524a3d3,e80a9cd8c1639e53eed1588c6ee9f744a9d999db7449f097049138720a20605d
ed-2:3c24379e9ac58c09,第2部EDムービー,第二部片尾动画,1:47頃,1:47左右,1,4,3c24379e9ac58c094aa29a23d65d1cb0ab40cb3a8f533ed4cb4c3947430b9ab5,3fe312780a4d253828faf8bfd81cc28e5ec31366ce67e2e0b84d7456dec517ee
ed-2:4e752f5418d05c2f,第2部EDムービー,第二部片尾动画,1:53頃,1:53左右,1,4,4e752f5418d05c2f39390e1b86ff05922e6468db10f8d8ce551503149626f0a7,cb918efd6fa9c9c64dd047d56f543b72d65e3a294f5c4fe88882c880e471fadb
ed-2:4214f3209bfdd9ad,第2部EDムービー,第二部片尾动画,2:01頃,2:01左右,1,3,4214f3209bfdd9addf2792598a5aedd979bec8cbb5a66bbbae76176cafb87bf0,1e6c1c726a5555e73bf629e2144b9ecdf839763f761df1f0070904ca9c90afa0
ed-2:fa9adbfc079be763,第2部EDムービー,第二部片尾动画,2:08頃,2:08左右,1,3,fa9adbfc079be76381136f074f0eb40601cdc215afef89b5fa55fb3919a2ebeb,e64e8d323c21001e5ae47ddee9ef0957ce10c41705fc455dd859ac8b1834af66
ed-2:659e6208fef8c0c6,第2部EDムービー,第二部片尾动画,2:15頃,2:15左右,1,4,659e6208fef8c0c61284814e5a894761621fc2f4b4bdfdd43877c371a11bd501,241b5a7da9a68ead05b4d0ae122578646c6e6ec0069540c1a32f062568e4bf2f
ed-2:926d4ccccaa770bd,第2部EDムービー,第二部片尾动画,2:22頃,2:22左右,1,3,926d4ccccaa770bd1a87442455341ada9cd02ee43c2c27e2b1438d7a0a7a5744,538a70d5307bd88481a18ab6adad208d19cf61e7f2c8b0629450227acdd2da5e
ed-2:7bd70460149e90e4,第2部EDムービー,第二部片尾动画,2:30頃,2:30左右,1,3,7bd70460149e90e408daad316bc38019814b8460628292e59484111e8f1f4e21,56897fc01cb33668b07d5b9ed830eb13508e9ddc18cb331c2aa5465589bd6082
ed-2:a2a320ec13d47d78,第2部EDムービー,第二部片尾动画,2:36頃,2:36左右,1,3,a2a320ec13d47d78127ada87db947a86ac422a5241f2a255f5796b39f6a66010,6252e3dfc4ad792311f80d6413e4529cc5a2be5f0e64cea84d48577ea3717958
ed-2:1ad8a1fd18ac8384,第2部EDムービー,第二部片尾动画,2:59頃,2:59左右,1,4,1ad8a1fd18ac83847302c04ca36ed2f83fb63b7501b360405deecf04bd6107b5,0fc45826a15a9be1063c2d411955d8066512196b02003ab436088ac6a4ff40c5
ed-2:b099e3a9280b29f8,第2部EDムービー,第二部片尾动画,3:06頃,3:06左右,1,4,b099e3a9280b29f86ad5c0d7984e7ace0c7be45e6297be2a806bd8f645b4e875,8dcdd94dd55349a1049758bbdc8e08a04e582414ba109f0aa1a3d14d678c0791
ed-2:b433bcaf90ccc77c,第2部EDムービー,第二部片尾动画,3:12頃,3:12左右,1,4,b433bcaf90ccc77cfbfbca6bf60dfa493c978c6dc6ff9fcc4e596068f272964d,c1904dbf8e09819454d61e99cfafd21b0e1722e679637b4c3153476ebf5cd01e
ed-2:3b32ab8f0ce0c5dc,第2部EDムービー,第二部片尾动画,3:19頃,3:19左右,1,4,3b32ab8f0ce0c5dcc90f70c8b19f0cf8c84566d395083927c71bccdf564ab54b,19b4de8f2439c0089983c258814ecfdf74140327f8b58cda626af6cd0d61d11a
ed-2:d4161b273f0d577f,第2部EDムービー,第二部片尾动画,3:26頃,3:26左右,1,4,d4161b273f0d577f3b7e258b5ac2c8b01b711a49ac6520cce49b522ac2e86014,55f555b22a61640b14e3f6958fe62801cc13ef1562ea8e8f1d50b7f63375ca9b
ed-2:5ce6be79deca7cc4,第2部EDムービー,第二部片尾动画,3:33頃,3:33左右,1,4,5ce6be79deca7cc4d2eb3468d5cc9890789c389023db24923c1f37d8b64e61a9,4010faa6d6f68f2a2b255eb087813ed76503d191c711d65cf48b560d28ad9f57
costume:4a93c37787759b72,衣装,服装故事,いろはちゃん 出涸嵐マナ,小彩羽 出涸岚玛娜,1,4,4a93c37787759b72131010367b26514356eb672afb9fcf9eabf68efe18533173,dc02aa2e47ca60b7f56718ad93ae13ee77042f145232aae5b8e0e39a4ddef109
costume:dcdcac713834b607,衣装,服装故事,いろはちゃん 未完成いろは,小彩羽 未完成彩羽,1,2,dcdcac713834b607a6fe75aa6aa4f37ab22aaf13ede59f07d5888d31ed0b5317,f026c888d9b7331cab4ce1e34e4c331c3c50bb08ea0b804b7ffa111ceea340fd
costume:cb49d13807e4400f,衣装,服装故事,まどか先輩 鹿目アロハ,小圆前辈 鹿目阿罗哈,1,1,cb49d13807e4400f4716c73929d93d66bbe2cfe97e1776feb561bff12bf57d23,20eab1b391dc783c93b410875b01492602ce52a4544a96ab799a8974d7450bfe
costume:a62cb79e62c5c26c,衣装,服装故事,アシュリー・テイラー 冬服,アシュリー・テイラー 冬服,1,1,a62cb79e62c5c26c5e0597744a2e58afc14d6dd9b7685f3a1d7890f7e3c5baeb,f451d8b96d5d0a1c86e294a15bdbc32bd56f55358edf8db2a4379cfc73d131b4
costume:78afcff1db7945d6,衣装,服装故事,アシュリー・テイラー 水着(2022),アシュリー・テイラー 水着(2022),1,4,78afcff1db7945d6df0a4bd71e7164c3dfa560e95dd0dcf5e857aadc658a8d5d,45f2afe49c173c97ec03a013f6fd6a9eb0b434833764c379bf4b1e8aa870c78b
costume:496b7984c148034d,衣装,服装故事,アリナ・グレイ アトリエ着,アリナ・グレイ アトリエ着,1,1,496b7984c148034d5bada267f3d092170a4e86dc5f49657a701d2058e3b8a9ab,c80dbb44e64f1bcb77c2fd4a7275ea7cc7ef94e47df9d76dad67a36716014ec4
costume:01cfc1e1bbb5ba07,衣装,服装故事,アリナ・グレイ 入院着,アリナ・グレイ 入院着,1,1,01cfc1e1bbb5ba07cf289b465dae43702dbb73f718e553a0754f8f4badbb66a9,3e1d05027143b43576d4dd138469df0948ee57df86b5c16223a75211f600f529
costume:819bce83adbb1b19,衣装,服装故事,アリナ・グレイ 水着(2019),アリナ・グレイ 水着(2019),1,1,819bce83adbb1b194bd7f05cd57296a46685a845d9eb4c564ea64525d11666f4,670c8b18012717c53a557efdd6cbf56181729b768f83c72a32aa22890a06b5b5
costume:f3a06b0fd38cf5b0,衣装,服装故事,七海やちよ お正月衣装,七海八千代 新年服装,1,2,f3a06b0fd38cf5b03f63978565d08398950381822d25827fd02e588227e0d6d9,4daf2701057e5ad844836bce67d532c66c8a2d165aa040543094613950e7cc6c
costume:9bc65c35d0cd999e,衣装,服装故事,七海やちよ パジャマ,七海八千代 睡衣,1,2,9bc65c35d0cd999ec01a45a25de44cd92001e6d5071361483c34a4f4e93f2c33,f09b4b133e1c5bc8f59e9e311cba94bce7923efc948d4ae6e49b7efef445fbbc
costume:c18f6ac7da25b897,衣装,服装故事,七海やちよ ルームウェア,七海八千代 居家服,1,1,c18f6ac7da25b897cb61cce8a89d6be54e0a9a3dd5a3acbc23968c9a31cbf42d,348eec586968cdab519eab09904ed800c1c9796deb3b4e1d68d7bae6e7fac155
costume:831818d66acfd275,衣装,服装故事,七海やちよ 冬服,七海八千代 冬日装,1,2,831818d66acfd27549d5de27d0f57330d0019a3de8175e2e55629fbb16679a90,b32a3bf86f49b1916d55eeacff410a623ac6176e4b13b5f036cf0eb386db8fb2
costume:0d3dce0922d6cea1,衣装,服装故事,七海やちよ 水着(2018),七海八千代 泳装(2018),1,1,0d3dce0922d6cea14d1ebe4e5f3fea7027093a4e746097fb17ae500ba4b27253,8faf54e9dd398c015dff4cf1077dbfa2bf0302ed4e7a3be9a8f4efc3f18a74be
costume:825abff784c2f91a,衣装,服装故事,七海やちよ 神浜市立大付属学校の制服,七海八千代 神滨市立大学附属学校校服,1,5,825abff784c2f91a11d14d53aba867a75c434ff98eadf89e7aeecee84f11c49e,efa585939bfe608480ad8ba17f9ac4030bffc2eb3c18c3150cd5b42fffe086ca
costume:f7f8ee3b48636984,衣装,服装故事,三栗あやめ 水着(2021),三栗菖蒲 泳装(2021),1,2,f7f8ee3b486369845a93233b9bd8a262d872880cddb5bc001567131e36b81fc1,b6c23c995f20f84140cf2596d2de254620184c1433e9e81aafff4a97bbb69195
costume:830a37abb10632b0,衣装,服装故事,三浦旭 ハロウィン衣装(2023),三浦旭 万圣节服装(2023),1,3,830a37abb10632b061dee4d1c3ad9cfea53e59a69f1561b22d6ad68d6b3a8ed8,24e40ef931ba20f04fb80b2fc66277e046f407b8921ec7b256bb251057cad63a
costume:2897c1300fd5a248,衣装,服装故事,二葉さな お正月衣装,二叶莎奈 新年服装,1,4,2897c1300fd5a2485f47037434ba2e0283856e9989f2ce7a39c4cc3f7931d95a,e4899d1153a139978bbb61b182c3723fcfa022abae7878b8712c6e006076d132
costume:f1e732d666ad33b2,衣装,服装故事,二葉さな パジャマ,二叶莎奈 睡衣,1,3,f1e732d666ad33b28bdded46cf51d255f364ce77f096297339dafc30f00f66a8,889262565ab2b6927b0bf44413ee97aebc616ad125adc21b78611a92065c8547
costume:91e53b5df61a9a1a,衣装,服装故事,二葉さな ルームウェア,二叶莎奈 居家服,1,1,91e53b5df61a9a1ad9d4542ca9bcc6da87fbf38ed0dd0f1c0f969a46ae42db43,7e738895cf2d8d7dac5d71b663245f8b4c814210c4bdde2a77e55f6abbc57d5c
costume:d1c716500f643972,衣装,服装故事,二葉さな 冬服,二叶莎奈 冬日装,1,3,d1c716500f64397214148fe3594d88ee75568cbd9326a107e3c41af8dbb3a0f7,a98e5fe387e9762f98dd3d0a79aa29d8831abfc3c1bc5b74b3b9e6d770147da1
costume:5d1dcabaaa51981b,衣装,服装故事,二葉さな 水着(2018),二叶莎奈 泳装(2018),1,1,5d1dcabaaa51981b8538ebb047cb4555fba981b08ea723ed7a1244bfe1917b51,86a17d1f5d47c0d8a33ae8b1b5d07d45e4fb998cd09dd09b2c56c1f2faaceb78
costume:e82f011a127d9969,衣装,服装故事,五十鈴れん 冬服,五十铃怜 冬日装,1,3,e82f011a127d9969dda6bc0729c4900e8bcf3931198d651d6ed7739d5314d7b6,d0fab101a0228d51ce616d4b8f81ed97239dea585abc8cd3078bea780546741f
costume:8bc8581e668e9d9c,衣装,服装故事,五十鈴れん 水着(2018),五十铃怜 泳装(2018),1,4,8bc8581e668e9d9ca9deb836e2213dbdd6c06010ee611173090180f504dcaa84,545ff47fddd5a48e2f39544b3d6e590c7915956f7f8baf711b1f19d8e34ce583
costume:40bfd4f0e37bcafd,衣装,服装故事,五十鈴れん 私服,五十铃怜 便服,1,2,40bfd4f0e37bcafd8a5539aa43aaf53f449b423826bf2bafb8c8742eb4a935e6,e5b04ba34ee733931c387c4ea2a190c6f5069a2db067c2d16cf525a6e13fa9f7
costume:9dae61c0e1b03a6c,衣装,服装故事,伊吹れいら 冬服 (バレンタインストーリー2021),伊吹丽良 冬日装 (情人节故事2021),1,5,9dae61c0e1b03a6c458030374a3a2777ad763f64c2540d406664eed91a16fa6f,30c2e8427774d75c25342b8f53a510098cab752dcfde0d48016df26bd36ec44a
costume:ac1099d3e84fe4fa,衣装,服装故事,佐倉杏子 お正月衣装,佐仓杏子 新年服装,1,1,ac1099d3e84fe4faffb29687b087a369f5e81cc8c2f7e04ea27417a07929d5bf,59a55a6b3a5e334b84e9bb2742d8c98beda17002655ee914ad2684583ca98f3a
costume:5bdce715bc65311c,衣装,服装故事,佐倉杏子 ハロウィンシアターの衣装,佐仓杏子 万圣节剧场服装,1,1,5bdce715bc65311ca3b711159dcaadb3395230c1923295b1fc0a7ea3c0d151d9,a541b1d106ad3d4b20428920b58bb218af9a95440faacfe6637dd4254bac43ee
costume:179e1f3f7df6f3c6,衣装,服装故事,佐倉杏子 パジャマ,佐仓杏子 睡衣,1,1,179e1f3f7df6f3c6665486a84b2d551840c1f0ac5938ecc9cf906ccefb816bc4,aefbde5618f3fb03f769c7ce05b0866d5f326775914b0a480bfab09db979968c
costume:00d25cd51ce1c0b7,衣装,服装故事,佐倉杏子 冬服,佐仓杏子 冬日装,1,3,00d25cd51ce1c0b7135cd81e68262a61a8725481aa64344eda983750f1fbd08e,2fe25781bdcbc1531ec99fb7c0cbc78ab6ef70f6ddb80c3ce2c419958ef2819d
costume:74501f5e2cb1cff9,衣装,服装故事,佐倉杏子 水着(2018),佐仓杏子 泳装(2018),1,2,74501f5e2cb1cff96ab103cff48bffd843d9e745a605619d51966f813d7d0100,ef70d788a2c2e7182f8234d2d28f8d447d40c820a96c22ff0b328bc4093be455
costume:5fb08384ce7b1726,衣装,服装故事,佐和月出里 クリスマス衣装(2021),佐和月出里 圣诞节服装(2021),1,3,5fb08384ce7b17260691edf10f02406bc1ba9e808df1ad93699b896f8556946e,dd8139c8d159aa96951b16439079c5dd4b0996df4c28f1c7f7a77ee606956d4a
costume:9ac9aa9ee89cf6a6,衣装,服装故事,佐鳥かごめ パジャマ,佐鸟笼目 睡衣,1,1,9ac9aa9ee89cf6a6bfc291553fe46e862e80f989d9993823e03168e844493629,3a1d191bd01a19b1220910c19b89d8c7a262f809c1e121bffdc13d2f452d89b1
costume:43418f93b7d3c0c0,衣装,服装故事,保澄雫 ハロウィン衣装,保澄雫 万圣节服装,1,3,43418f93b7d3c0c0da6ef495568df85a6e7b2a608657fedcc4b310e326f1dc71,858c6da43e3476c127123d8ede541e21e23913569188b948da8e23b29cd250b8
costume:760d83f30e8b6af8,衣装,服装故事,保澄雫 冬服 (バレンタインストーリー2021),保澄雫 冬日装 (情人节故事2021),1,4,760d83f30e8b6af84344949b9b7f353675ce466abdc0285704b5f37c868dcb1f,d7367c79207b76c46eb59b384c7d70b5a2b39f1f212659d8fcdb874927aa9f16
costume:327b3f812f888b1d,衣装,服装故事,入名クシュ クリスマス衣装(2022),入名库什 圣诞节服装(2022),1,5,327b3f812f888b1d02c7ff42c61d6070972eb48cfed9c16ef510eef2d0c4da6e,50aa3a5c436c1dcad1e618a84bcdc2d8afa7a6b5b0bfa118b1e97489976505b9
costume:136012425a569cf6,衣装,服装故事,八雲みかげ 冬服 (バレンタインストーリー2021),八云御影 冬日装 (情人节故事2021),1,14,136012425a569cf659f98c25a46d852c5ef677ffc9b9a0b5cbf05843b12442e5,bd5a31c1bfd77918ab475fd82c1b4bce6e0017b5fbaf324495dfcb34c3428634
costume:9f3ccda67330bccb,衣装,服装故事,八雲みたま 大東学院の制服,八云御魂 大东学院校服,1,1,9f3ccda67330bccb14eec25162d680733798121d2b5667957ca4f83c0434ebd2,6fbfcb6a95bc536f42c621a91f876cbea5f03036d2c8c177a700d29dfedec60f
costume:4c1f38bd205714ce,衣装,服装故事,八雲みたま 水着(2019),八云御魂 泳装(2019),1,3,4c1f38bd205714cec4e655cf10b2b9f8a54cc4acea8a9dc34bba0d71d7bdfc15,5d08080e7f30226bb081932bf3f00115c3dac7bf30618eada54123a72fe22d8e
costume:3857f96944c6e48e,衣装,服装故事,加賀見まさら アウトドアウェア,加贺见真良 户外装,1,1,3857f96944c6e48e84eaca97881e70f7b38840c4f50ae505399bcc226fa3dc3d,f09e4a451a794f687f8533a7abc86b6c40a3351eb0c8d57bafc0e49e22f93ff2
costume:1940f1f25da051ac,衣装,服装故事,加賀見まさら 冬服,加贺见真良 冬日装,1,1,1940f1f25da051acaebfba38f3b1be907c7977cd192d6cadf341bbf80398535c,f9b7602824616c6e99bdf5e33f0f628abe389c74aedbdc7b3b7f35b7c3c814f7
costume:ddf556c500277f9f,衣装,服装故事,加賀見まさら 水着(2018),加贺见真良 泳装(2018),1,2,ddf556c500277f9f6a7a9cd89773ef98e1480cd372dec843a564e412f9ee8b71,7e5a11535c45b8a2d571e6dd7d06a61c4e7b5673959591ea372ffbe75eb0b553
costume:d35b41b088a8362d,衣装,服装故事,十咎ももこ 冬服,十咎桃子 冬日装,1,2,d35b41b088a8362d24063ee07de3536d26b486c6673346409029df18f7c007cd,efac01f85f5157c1728dc69b101f4237f4415a4524a3445d3755834d29d2d698
costume:0d00e1fe695ff156,衣装,服装故事,十咎ももこ 水着(2018),十咎桃子 泳装(2018),1,3,0d00e1fe695ff156f9397260929dcd50a66e19ab714709233a41a9df093b9d21,35cf9bda3e028ac5f543e921888694206f1ab3184bf0c9f33aa32bd96dc2803f
costume:1d3f792350286a17,衣装,服装故事,千秋理子 冬服,千秋理子 冬日装,1,1,1d3f792350286a17e9561c6ec2d036bc8e6b424a502395129af3fc76ecf78247,9f918770690cfa4c66a0511098541f2fcaad280accb93564c3eaefca626298fe
costume:d89dde81987b5772,衣装,服装故事,千秋理子 水着(2022),千秋理子 泳装(2022),1,4,d89dde81987b57723d3c948ec4455a5e8426c72394732abc1d13d95bf4c760e9,ed510c1ae466a0aec52468be86f5c700b87ff0a392f5001991b6de8644a72b96
costume:8c42019a8691201f,衣装,服装故事,南津涼子 水着(2022),南津凉子 泳装(2022),1,2,8c42019a8691201f678677f3f6437d78177faa2c3ee98cdab2fb8ebde326de5e,47dfc35bffa39479f89f7becacd35ac42b6d8a12a4394e0f07b7aac1ccec68d9
costume:03058b02903f3847,衣装,服装故事,史乃沙優希 水着(2019),史乃沙优希 泳装(2019),1,3,03058b02903f384743a9eb1280f97b640f922f87a8925cfb7064a0cefd2f0614,57772790ca454e23592354927d2437261bbeace2ccf3df32f005a933f918f5d4
costume:0e840c8f632ccbe5,衣装,服装故事,吉良てまり 冬服 (バレンタインストーリー2021),吉良手鞠 冬日装 (情人节故事2021),1,13,0e840c8f632ccbe555df67f578a83f263d17e986320e81be3ffa880eb7ed4887,9a3d71d928f2a6ab642428a6ffad75bc7b75e71c31a4a65a747fc0316db2d58f
costume:cb33a1ee41728711,衣装,服装故事,和泉十七夜 パジャマ,和泉十七夜 睡衣,1,1,cb33a1ee417287117a45b4c3bbf3d95744505aa80c0c46383a78ca254a5a8e31,d0910a55f05ebf75dff3e150aa4758c3dfc20bec0fbe96c2351856f1ef187ae1
costume:c5f851997c855b67,衣装,服装故事,和泉十七夜 メイド服,和泉十七夜 女仆装,1,7,c5f851997c855b67ef4a7e85e68e78bd84acc024b2c1a55b41d602ed5734e379,03b19d5169490dd67b65194de7ad7c593d35f8808f7c00f36a2e91d80dabdf89
costume:68ff37db552bccc7,衣装,服装故事,和泉十七夜 冬服,和泉十七夜 冬日装,1,2,68ff37db552bccc7cf1bc9e4bd51f0ffbf58e1d8ae7876c92a11b3358443dad8,5bac8676e7973c23445d46d428cd823172cfe7486dbb97200818f2b497eb3de4
costume:2011258bcdc4a60a,衣装,服装故事,和泉十七夜 水着(2019),和泉十七夜 泳装(2019),1,3,2011258bcdc4a60a53ba7e15c815e70c37ce572e87e7fe0c65b6e41c07e82d9e,98344c36644781a2c1b5790cd8569370f07e122347e9614d1fe23046206b22e6
costume:e84eb5107b314806,衣装,服装故事,土岐すなお お正月衣装(2022),土岐沙绪 新年服装(2022),1,7,e84eb5107b31480606e03c8722bd054f217deb52ba43f9ef8ad3ce9539081b75,5481f15c583cfd593a1e1f9795ef75556c8f4f033aaee2a315ae90269aa9938b
costume:8a21d9728be2f619,衣装,服装故事,土岐すなお カメ,土岐沙绪 乌龟,1,3,8a21d9728be2f6196405df30b73e3b405a3bd3e746372f9891d961b6c5e4b53d,6d539049128c032be6bc1eec6f0c36db6a30250e27da289bc808e882b1174cdd
costume:5d9421638f706c94,衣装,服装故事,土岐すなお 水着(2021),土岐沙绪 泳装(2021),1,1,5d9421638f706c943183b5bbe6851d216158d9baeccde43c0e1c7c43150cd53e,c8a961aaf6da22c48ac7e919790a1bd21ae38f098f2cffa993463015c9d59751
costume:33d19924ca5fb700,衣装,服装故事,夏目かこ ハロウィン仮装,夏目佳子 万圣节仮装,1,3,33d19924ca5fb70052b8d5b2f78d4b992bd1ec07bd6cdf3993e96f6cd47532c1,00b46b21f216f9e0e0d2481b49ccc501e08008a777e0843ed51a0600ccc2c50d
costume:f089936586073381,衣装,服装故事,夏目かこ 水着(2021),夏目佳子 泳装(2021),1,1,f0899365860733818402458250094e3814a53201b64da9cbcb7cde8c57f34172,e44bda094ac7587224b7390e8ffdd37d1477592d16723b8accf349bfad61bea1
costume:eb6d3e27991f952e,衣装,服装故事,大庭樹里 冬服,大庭树里 冬日装,1,2,eb6d3e27991f952e8db9a7f01d5dd3cf40d01f97f55397557e4eadcae3d6c0cd,6bebdbf7104bc4248a2cf306780241e53ec2929eeb138c4f36066c7bc6712837
costume:06f571eded28d1aa,衣装,服装故事,大庭樹里 私服(大人),大庭树里 便服(大人),1,2,06f571eded28d1aa7db4e1dfd1ea90017b61c17a1292f296e68d8be1cdaecc1d,29d5dff2f5c27a301214bdf317e09fd3867f4bc10deedccc6ce6a9ab965d098e
costume:3c4398d7557b895f,衣装,服装故事,天音月咲 クリスマス衣装(2018),天音月咲 圣诞节服装(2018),1,4,3c4398d7557b895fccdb2cec4d25c3a8370ab14f3c607a2c680f7e9d1a1e25bd,daeff1731980e9e17fe75fadff67ab7d3e3cf6f0a5f6ee08baedaeac34e4b263
costume:8560616e06760e0d,衣装,服装故事,天音月咲 冬服,天音月咲 冬日装,1,4,8560616e06760e0d96619679c606240fd4833728437354d52c6fb7aa3c57826f,72a4fa38a76087d4b09dd4f0ce7914d7afce0bf3672530e48d5e0cd8a56f2a5b
costume:37ffedc8d7f16ec3,衣装,服装故事,天音月夜 クリスマス衣装(2018),天音月夜 圣诞节服装(2018),1,2,37ffedc8d7f16ec37eb11771c01eb01552a9ba30d3eadcdad121285967f81385,ced9bde5633c631b1172559cfde251b7b83dcf0c2133b12e71c52346bc686b69
costume:5797e461edf85c01,衣装,服装故事,天音月夜 冬服,天音月夜 冬日装,1,1,5797e461edf85c01dc93520792848a973c2e688e8deddd420915bae2b5ab820e,5debe038e12cd51812139dbc9750627d0b2771b31d3b8a1de66cbb91cacdce76
costume:dd36fbc404bebfcf,衣装,服装故事,安名メル ハロウィン衣装,安名梅露 万圣节服装,1,2,dd36fbc404bebfcf14ad12115b9c670ee967709f5a4502bc4fa06f0fe690191f,c4a688a0e95cb81982b328cb92f020765c0c755ddb30c873814f16029499a65d
costume:6fbc34ecd5f878b5,衣装,服装故事,安名メル 冬服,安名梅露 冬日装,1,1,6fbc34ecd5f878b57e12b031123227474575d11aebb34bbc85fe141f66ff82b0,56f92f3990ea1dc6d338f9aa173e81345cb80fd9ebbe756b91cd63ff0816e875
costume:8dc89839e58c7007,衣装,服装故事,安積はぐむ 水着(2022),安积育梦 泳装(2022),1,2,8dc89839e58c700793ab88c8bc1f919693bb080ca1c9a97d0671f01d5abf43e0,79de1634f8f56d77a91c0152abb9e271bb9baa9d5d5bd0f6d55d370977671b82
costume:06f43a804be6a4db,衣装,服装故事,宮尾時雨 水着(2022),宫尾时雨 泳装(2022),1,2,06f43a804be6a4db22d737cafb19f943c300fbaceaa70bf598d2a5cb605ab4c9,904e908759421ca5664ef91db9cb681b32a8f26a13bc0ae556fa8132228b61a6
costume:2d2eb3cedd362595,衣装,服装故事,巴マミ お正月衣装,巴麻美 新年服装,1,1,2d2eb3cedd3625950547ffa674361e26afcca39ae200296693f8f7e71d4e39ab,2510caeefc6ad4e413b6cc0ac8f3829915d6ee287e0297d7bf603dba7cb82ced
costume:4bd160a550d2d7ec,衣装,服装故事,巴マミ パジャマ,巴麻美 睡衣,1,2,4bd160a550d2d7ec908e06a7ad994b82210209e2313f703f88da0ac39ecf6ac5,7bf1683409b241e42ccf475b02bf1a70b976b6c8a620915102aad4d1187308d2
costume:c0ac01642a426fca,衣装,服装故事,巴マミ 冬服,巴麻美 冬日装,1,1,c0ac01642a426fca50b25aeafa5baa1968e02acca340a5a47185ae50020de6f8,d94fefe9f4bbf770ec8a9834fc240c78c5f1c6b6fbcfe4f62387d00acd6d1118
costume:bb581c7e5f2ce613,衣装,服装故事,巴マミ 水着(2018),巴麻美 泳装(2018),1,3,bb581c7e5f2ce61330aac7e741755a7b2087595b1a756cdf04e8748cfc56f249,0dfa2a04751ce7e0fde4ec6069806888df147a38b3cec3015014b0cc3af64185
costume:2da1e4949e01ce5a,衣装,服装故事,常盤ななか 冬服,常盘七香 冬日装,1,2,2da1e4949e01ce5af2f0951eeb0094b84234b9e8f01126d06b5bf9cf69a61b36,423b5a9834978810f635460b330997a9ef81eb3ac86c9e7e151daa69e0429eb9
costume:c3e8c5199c1ea6fc,衣装,服装故事,広江ちはる お正月衣装(2022),广江千春 新年服装(2022),1,3,c3e8c5199c1ea6fc53939c7682ceb76edae71faa663c1c5267e67fcc33db8d24,51dde7ac8b2d3c6686f7846a55d9eed09ade12d0a1812d451d70dc6124bb81b3
costume:599103143105b265,衣装,服装故事,広江ちはる トリ,广江千春 鸟,1,3,599103143105b2657331890e3dbedb1f17e067abdae5a66e98070041fed843ac,d8f746e1af44ea023ba877e77b6fe0f3a41e76b1c473608a3087fc3e717506a6
costume:e815471eed04bac6,衣装,服装故事,広江ちはる 水着(2021),广江千春 泳装(2021),1,3,e815471eed04bac6b3b1fdc9c63af1c74360dbc5bd6e8565a0e1e3978f7e0738,6d709fef7c59a4e873cf119c4b4d16c81fddc1f75fc15f98152c5333d9a944be
costume:2d09b349efe72b8c,衣装,服装故事,御園かりん 入院着,御园花凛 病号服,1,1,2d09b349efe72b8cc7aa1ba6479607ba6af27d0eead8708b0f34c92dbdbac089,698f8ef21dc130165bda3126347b56f32275b769477490cc7cb113fde3947f50
costume:75a6c04010453e02,衣装,服装故事,御園かりん 水着(2019),御园花凛 泳装(2019),1,9,75a6c04010453e024e193e14c459f80f1c4411c628ae3f35558ebfe82cd82390,8ed35f0af02017c8733af86aac6bc0cdf11045eb9c8d900882b7f9bb3e5a50a9
costume:76caf03a832a3538,衣装,服装故事,志伸あきら クリスマス衣装,志伸晶 圣诞节服装,1,1,76caf03a832a3538de533779424856ff7f23390c25e41ac39eea8f31ec96d84d,5a2d0ffc71aa2a97f69be0aaf7a4ad07aa04a37a34737a8940bbb8808d4a981f
costume:a32b476248d9e727,衣装,服装故事,恵萌花 冬服,惠萌花 冬日装,1,2,a32b476248d9e72706a6f3003fd23c67db71e6bf71a06a2f51e6d4ee7d68af1c,79910cdef2297d73675a5f7726ffbe740a9282ef1731ad2bb7e81fdd673b0b4e
costume:39a84501e1de527d,衣装,服装故事,愛生まばゆ 白衣,爱生眩 白衣,1,7,39a84501e1de527db728f1f18124890c4212be630ebfe5e27980a0c239a4a930,379e31dd6ce8362558aa11f7b0b21bc688d772e9c0a1034992999bba9f17b571
costume:f160775469e9fd23,衣装,服装故事,春名このみ クリスマス衣装(2022),春名木乃美 圣诞节服装(2022),1,2,f160775469e9fd23a15ef0af11082346dd8f83b2de8c1a46d0bb70d76d3c4848,bc2347cebb3224317133501f6f3a046e12adc8edfaa61f05892a225ecaab1a5a
costume:fb7e53846f100710,衣装,服装故事,春名このみ 冬服,春名木乃美 冬日装,1,1,fb7e53846f10071006c98d1818c0576efe0099dd33f25017b9fd6ea7f19dc9b7,d6bf8b68db5683bb66976182bda8c9f7facfba2e8379a5daa147316dc9779d30
costume:22ab48c2ece925cc,衣装,服装故事,時女静香 トラ,时女静香 虎,1,2,22ab48c2ece925cc851f8c501e416cf5c60a878a43a32c75eeb4ba8f405d4747,fd6fded6d0ef96efdff95da3dc136bef224dae4fb04aa628448b69f5e445a3fd
costume:4833ecb0dfaa15e1,衣装,服装故事,時女静香 冬服 (バレンタインストーリー2021),时女静香 冬日装 (情人节故事2021),1,12,4833ecb0dfaa15e1469f4fce1d8c5c899fa2d4914e47c5f30893572c8f1801f4,34eb302295db743856a0e9d236590f7c2dadc1be4d91b71a79eb7f392d306109
costume:5e23a5d7ffa72e30,衣装,服装故事,時女静香 水着(2021),时女静香 泳装(2021),1,2,5e23a5d7ffa72e3002618931dd2f159aaa2587a2a56c0bf5a6fd32001b9ccd42,e057e1d1ccd043411cd3c326631d1f19251b2396ec53f7534175a0d125b93a26
costume:4a97ea605a7006ee,衣装,服装故事,智珠らんか 冬服,智珠兰华 冬日装,1,2,4a97ea605a7006eef03d27bb59f6c7d6fa5b2e39de461eb11d54d8660a5c8131,af5d12b5b23b43f06f5a14b041d89e1d04d8f7377deab44386cb856b5a0bca53
costume:c3d450ff4ef4061e,衣装,服装故事,暁美ほむら(晴着ver) 冬服,晓美焰(新年和服ver.) 冬日装,1,1,c3d450ff4ef4061e2cee7491c7dbf07a949dbfac5b7cd6ab646b98a2fe483b98,ddfa6adb78b463e9da84830ccfe8b3266463ba280273d04295cf9451129b530c
costume:d4c9bf9e4fed3fad,衣装,服装故事,暁美ほむら(眼鏡ver) お正月衣装,晓美焰-眼镜ver 新年服装,1,1,d4c9bf9e4fed3fadf74054e0f2b2bcabb4d0dda9d81f1e80b7b041f980a0d0a2,acbabb19f6c437c76e08e27ce4877d266f8c9f4b92ed4216baf95ebc59e365d0
costume:dca271333ac34f81,衣装,服装故事,暁美ほむら(眼鏡ver) パジャマ,晓美焰-眼镜ver 睡衣,1,2,dca271333ac34f81b973a8327d4c2c3131bb31e8c42b9ebff503d290f8474c89,d08f501a76c5f41733431d288fd30888dc5eab5492572b3e8940032977cc5e13
costume:bd0a3699d4c20301,衣装,服装故事,暁美ほむら(眼鏡ver) 冬服,晓美焰-眼镜ver 冬日装,1,1,bd0a3699d4c20301076fe48c526dcae8740cfc465db365cc0bd838a0f6a18fa9,0570b5de3e64ab5fb4d151b79217f17f34015bc8e0b4f5d5fbec496604ef4a2b
costume:89bf400fd3fe8ffa,衣装,服装故事,有愛うらら ハロウィン衣装(2023),有爱丽 万圣节服装(2023),1,4,89bf400fd3fe8ffa83bc7ed59fdc08067e9fcc04a4cb3a74f9edc449c6aacfd4,f538ab32895d63d317627591bbefdea8d5e7238b305fe7c4a7f32f85cc39f8d7
costume:107d986cd167d5db,衣装,服装故事,木崎衣美里 クリスマス衣装,木崎衣美里 圣诞节服装,1,1,107d986cd167d5db0b2c42d7741514e5ec2b3f133437b819884bc6a3ad7209c0,4e88c2d61eed0bb1500a59cd5e39b51d8e2759ca88c4203f0033994f480ba7ad
costume:98766991a1db0410,衣装,服装故事,木崎衣美里 冬服,木崎衣美里 冬日装,1,1,98766991a1db04109ef37ae0170c64a71605d09cb7fade36eb91c587937bf5eb,a095ba152b903b533dceb16561c39606e15be75d017c01e3ff6bb2fa1ce7a2d5
costume:0f7a8ccaf1dafc7e,衣装,服装故事,柊ねむ 水着(2019),柊音梦 泳装(2019),1,2,0f7a8ccaf1dafc7ee39d02eb63edb3b0f1e7f6337bcf773d626df7c93d36e29b,eb75bf51592e216ba840e414e7b751e7762f6464cfea44dfe1fe9da5660c4d9c
costume:ad62f791980fc183,衣装,服装故事,柊ねむ 病院服,柊音梦 病院服,1,1,ad62f791980fc1837380f9905ee57983f8a8a086ac8fe0897997ca8a4249d358,9485c7e0fb31d828f2ed6e2b4a1897237f3733954829bb54c3fb0583afe76aa4
costume:f1a52951982b4b01,衣装,服装故事,栗栖アレクサンドラ 水着(2023),栗栖亚历山德拉 泳装(2023),1,2,f1a52951982b4b01a41782e953a52ede2c0fb614d4225137acfd075969099091,abb2d31cc9fe2384e608959c26912b6a0c51f7493779ccd32f5155efcc31de00
costume:eacb0b213699674f,衣装,服装故事,梓みふゆ クリスマス衣装,梓美冬 圣诞节服装,1,1,eacb0b213699674fc2fdef1e27a80efc0247e950a84e611f8b2758180d8cbb7a,3db765584a871ca1693b0ec26b3e3b89007e5503d22e3d28c9c85e35cb7c5364
costume:9b28a16fc216cc10,衣装,服装故事,梓みふゆ 水名女学園の制服,梓美冬 水名女学园校服,1,5,9b28a16fc216cc108ce869ef27dd9330159efacc9aa788db69eaa1cff07af447,f1b27010baa6ed4fd94bcf278eb81aba536129ee7d97544c2f7f7cd94a2ba82d
costume:fbf1b2968319f984,衣装,服装故事,梓みふゆ 水着(2019),梓美冬 泳装(2019),1,5,fbf1b2968319f984a9b80fc4ed13354515ee10c76e830ffb02bd867e103199d5,b5d3784bf14f4123ee36225384cf805f3efdb849ef097e61c84ede57163c0fdd
costume:588707e0ff010279,衣装,服装故事,梢麻友 水着(2022),梢麻友 泳装(2022),1,3,588707e0ff010279ae4f6e1c06f8f8cf3588c4081927f2810f29dc70dfa84510,229c7f4e650dfba81265dffab24128870481755c6e2fc324b0381353b950525f
costume:ff6d6a59db65a01c,衣装,服装故事,毬子あやか ハロウィン衣装,毬子亚弥华 万圣节服装,1,2,ff6d6a59db65a01cb170ad3ad11cb0068b989c01cfed1dd06cb5f76ec3f6931d,b17b10485873ed1ba8805942ed081998bbcbcc64c57fd85e1b6fb68f8fed113a
costume:10286555395aad3e,衣装,服装故事,毬子あやか 冬服,毬子亚弥华 冬日装,1,3,10286555395aad3e356012ad90510ebab00beab23721e3dc039d08e9779b4d0a,e247cbe1a017a9904fad3ac89ce59b66dfed97075cd241efe40f18a66befbc33
costume:a5f3516aaf4d8898,衣装,服装故事,水波レナ クリスマス衣装,水波玲奈 圣诞节服装,1,3,a5f3516aaf4d88980aac005cd99a80561c2778197ca388b43e55c07eb2d98fcf,7b341c4f437f5641dcf1d12654c7d7ccba33f12c83316a068a503fbfc33ad4cd
costume:27d2dcc50da756a2,衣装,服装故事,水波レナ 冬服,水波玲奈 冬日装,1,1,27d2dcc50da756a2de61ca3a58d5feeef3f36dd43fbc27956ef86c10087aae8b,07f45e7aef305ac6b67c92446b67258535ba9be1cefd049c5630a21720075c4b
costume:6a73283cbf55621f,衣装,服装故事,水波レナ 水着(2018),水波玲奈 泳装(2018),1,2,6a73283cbf55621f2812764ec6022e54725304678e813675a217bf3d1fe03ccf,92a365feb089f46f94ad9d44efa8546e7f1aabab89eb7191dd16c49404636bc6
costume:118dc33559e3325b,衣装,服装故事,氷室ラビ エプロン,冰室拉比 围裙,1,1,118dc33559e3325beeda9cb53b4dbdfcf37c5a1f6789886d809db93928128a68,0749fce163ab15af4ae76269751ffac45c2cb87db33ce77ff7c2680f9a832c59
costume:26487de1c02163ae,衣装,服装故事,氷室ラビ ハロウィン衣装(2023),冰室拉比 万圣节服装(2023),1,1,26487de1c02163ae21673d843b17ef0a37d4a8ac6b16e922c3bb931cd481b4e6,c5270bfbfb3235533c1c63c63c25c2351a8ec9240e823b85f0dd4bc6e2bedc7a
costume:c80ce2329dcf2c66,衣装,服装故事,江利あいみ 冬服,江利爱实 冬日装,1,3,c80ce2329dcf2c66f53ae14660acb7eefae43f95d8a25dc4fd0a964345120cb7,fbf945225cb1befd9fea6aafb19566cb71001a5b9e05ddf09b9cac7a4c498e0b
costume:cbb41116d9702a6f,衣装,服装故事,深月フェリシア お正月衣装,深月菲莉希亚 新年服装,1,3,cbb41116d9702a6f0d4d93bc780d9805d9ea997f39686d5d3322db43bee6cfeb,c35fbf0be4999827b4c80f1599dd18b3516623616a1f62a178230857a5105696
costume:c63b371687b35eba,衣装,服装故事,深月フェリシア ハロウィンシアターの衣装,深月菲莉希亚 万圣节剧场服装,1,1,c63b371687b35ebaa7bcaf1dcbf3ff694235ad9d0f6fc5907c7b25f4e61e78f1,9ae1d94d3f20f2c3ee28bf6590fb5adbe77c9276fd828cec14f3ed80f7f65eb5
costume:ca53c68ed72d2b83,衣装,服装故事,深月フェリシア パジャマ,深月菲莉希亚 睡衣,1,1,ca53c68ed72d2b83b74d69bbd57a25c6f650cd5c0a0ebc5d162f7a232fd728fe,7d0701d2ca7db2c09f11198d50d2fc00a1fdde19b7baed5200e33e68b883e4f9
costume:a46d7c0c690173fe,衣装,服装故事,深月フェリシア ルームウェア,深月菲莉希亚 居家服,1,3,a46d7c0c690173feeece4072d75bd38fe1c5e40821cd14d3ca1aa2205c2d8996,4dffe992b042679934b08b18848dc408b4958e3b42114f90504a60462b8698fa
costume:546f3873b95508d0,衣装,服装故事,深月フェリシア 冬服,深月菲莉希亚 冬日装,1,2,546f3873b95508d07010aafa685f0bfa747dbbaf88af81cfec67e552d103b0e1,895d84962333a5c2ca23650017033fa340ecd58512445134188ae4e06c3337d7
costume:c9b9771f6750e022,衣装,服装故事,深月フェリシア 水着(2018),深月菲莉希亚 泳装(2018),1,2,c9b9771f6750e0220ea82a20f35c924e33b27aa32e4169b768be28d740b5579c,d8ee142a51f96f25b365550eb283a51f9ab8135e71f536dca8e3a2381331c5b1
costume:601b04d75e7b4ca4,衣装,服装故事,煌里ひかる 水着(2020),煌里光 泳装(2020),1,1,601b04d75e7b4ca42d6a30250c3c8a7fba16470a768326030f5b3c587c7bb096,f6a7bffc0119926bb035087c5dfef4c5dadfd9cf6cad5d2aef353e8d2116ef5f
costume:807a24a5bf063912,衣装,服装故事,煌里ひかる 私服(大人),煌里光 便服(大人),1,2,807a24a5bf063912fb12adab2cfaec6acdee7b581720d1c4cbf07a1ce6611784,d748e5acebe1095f95b6117455e2aeb422a89b9c859675696ffc1df7d73d5bc3
costume:fb8d888e9d05ffb0,衣装,服装故事,牧野郁美 メイド服,牧野郁美 女仆装,1,1,fb8d888e9d05ffb084befdf1a8b4210c26a2bc6760acd31c29ba77fa1cd1a9c3,1eed61bf2c704447f7223adcda25186040baba0e36db1087e075843af27f8923
costume:9d1833a4a6108aca,衣装,服装故事,牧野郁美 水着(2020),牧野郁美 泳装(2020),1,3,9d1833a4a6108acac852a8a54e07ea12b02bc328949d3eec6c8cff2ee5dc4e8b,6d770b74d0ce7f16d9779acbb777d7fed3de7e2173849d663eaca04b451fd433
costume:1c9d272aaea92ee0,衣装,服装故事,環いろは お正月衣装,环彩羽 新年服装,1,3,1c9d272aaea92ee0bba0f90c4ce5304108b338a2ced533101a695a1cfd30bda2,39adfaba0cb973b731420f799470cc71c99817a568365ea6913627c6235ce088
costume:f8b739c169dab310,衣装,服装故事,環いろは クリスマス衣装,环彩羽 圣诞节服装,1,1,f8b739c169dab3106ebb1d23d699ba9df7a4c48ec9c1cb74ff761395e647de1e,80935b09796ee33d6c6d62699cbde4b52c5ea401970dc3155ed8ac1edc2f3ca1
costume:1a8cee52e6c1e45f,衣装,服装故事,環いろは パジャマ,环彩羽 睡衣,1,3,1a8cee52e6c1e45f5618ee1fc14c82bfed3f578812a6ae20a030440366fa421e,6f396d20f2ed38a2a6971e3f9464b245bd1c65ebaab4b76adc69c699dcf2e180
costume:42b2040c5e3c45ca,衣装,服装故事,環いろは メイド服,环彩羽 女仆装,1,3,42b2040c5e3c45ca0a4a03955bca0b813cb55ee3c6da4f920a1652d3fc16797f,89e1ef3261b0e3198e25b635b28aeed9994416d82feedd41b4bb5de2ddef9c36
costume:21a1da90845c33d9,衣装,服装故事,環いろは ルームウェア,环彩羽 居家服,1,1,21a1da90845c33d948de1cf6418bbfefff1ad2286cbbc69e1284daf1fa7fc730,7fd2c610d39a58a842e9da0a07f73923fc2b60ca8e735d507785d4470ec22b0b
costume:e34bf7ea10ad2d29,衣装,服装故事,環いろは 冬服,环彩羽 冬日装,1,2,e34bf7ea10ad2d29aa0a04d4fe0bbec9d8ddd30ee6b83abbf12b3ce4abf895be,ac9e836ee67939a20c44d6838c7aaa502c25c9ea428c45abf68cacff32cbf4b8
costume:ef359e461d58560b,衣装,服装故事,環いろは 水着,环彩羽 泳装,1,1,ef359e461d58560b4e5e5928e7ca03d49d713d2db257accd515ab05528c4404c,d364469342f089b41f60d5995cb3da8b75a40e202cc943f11a8f3ca1e2258928
costume:ffa291b2b4a5709c,衣装,服装故事,環うい お正月衣装,环忧 新年服装,1,2,ffa291b2b4a5709ce4090cd51e6a00bed326157a940e45917312947e5de56151,9c576a9a62c2c6362b14f19fc8db8418b68e3083757467338103abef49547dfa
costume:929a7da30ec8a9ee,衣装,服装故事,環うい 冬服,环忧 冬日装,1,4,929a7da30ec8a9ee4bc7360680cb953e7174c0628cc257a3350d346641e530b6,f73b7d39889d21e9d3853376950751d373278650f6f803846ca6fcfa8b947568
costume:41c4f23af28c5aa8,衣装,服装故事,環うい 水着(2019),环忧 泳装(2019),1,5,41c4f23af28c5aa8dc662ad74f9a1102f1fc969e95df05cab82b65538ecc43eb,b91457ab146f5fccd9f859404c75f74d93377d5ab6beee36c491a84b0d52613a
costume:9d6df29e8f751066,衣装,服装故事,由比鶴乃 お正月衣装,由比鹤乃 新年服装,1,3,9d6df29e8f75106687bf8725c7da1cd731ea623214576849aef75853c255df1f,b42714812ab26a6718b0987337a55c4e681e08b08e551481bb6d8378375d29bb
costume:37d1c9a7a72ecc80,衣装,服装故事,由比鶴乃 クリスマス衣装,由比鹤乃 圣诞节服装,1,1,37d1c9a7a72ecc80a59e59403717d82de4ae11342b915b1fff2ad2b69ae0bd6f,2a079e79c3a8fe203b1add20578fa5f885d091bd9232d10558a9909ff8a0c3bf
costume:b529482afd3a842d,衣装,服装故事,由比鶴乃 パジャマ,由比鹤乃 睡衣,1,2,b529482afd3a842db7441fe3a0aeb2c40a7d7597f5249b693463d2e8c0cdeba1,c5b0809ed8667c58a5293c1b04a2f130345ca62f42c501d12010d495c8d5deb3
costume:bb84071c46128fea,衣装,服装故事,由比鶴乃 ルームウェア,由比鹤乃 居家服,1,3,bb84071c46128feaf9cf100bd86101f20475f6d16fb0ba6bfaa9241e2e36c0fd,0b03ef4bf0440be39c86d11923ea23dfb1579962a964c91bf4faade5581fc7dd
costume:43d56984ffa71694,衣装,服装故事,由比鶴乃 七夕,由比鹤乃 七夕,1,2,43d56984ffa716946071729890f0fada0e9359febeab14e89e85a0bb2a46dfae,bf1fcb3ebb7b46e41f3bdd5771d583d51e7c1bc009e6d15983718b5726db9f9d
costume:7950d827693c1e3f,衣装,服装故事,由比鶴乃 冬服,由比鹤乃 冬日装,1,1,7950d827693c1e3f334a6cfc4d72612abb6fd4777b897b407a1ccb704fb23c19,30b22c642897a0bc17b0f14b8b560a13ad600be52a76380dcf97270ac1484314
costume:e7743aed29872150,衣装,服装故事,由比鶴乃 水着(2018),由比鹤乃 泳装(2018),1,1,e7743aed298721505c94e60b9c861063f4bff18ce7125a48170088f5d1c3f9e6,095689921dca60821f415c8e8f04ea6a0255e6f5244d6993fb84b5d563f0c1fc
costume:7701c22e02ed33cc,衣装,服装故事,由良蛍 冬服,由良萤 冬日装,1,1,7701c22e02ed33cc9ec01a0e731316797691480f466e6c4bc952827297e7e20e,ba635c062e2a168c7e2656eb43a5c9c80c8549367b3b93d3c4dafb6d21426d6f
costume:b4de65a876b70edd,衣装,服装故事,百江なぎさ お正月衣装,百江渚 新年服装,1,2,b4de65a876b70edd9e149ca3667b48659edb49ca366f5d12f897679bf5cfe4c7,75a91b2194e95a40cf05eb996b64d49902337339e48fb912809ad8c9c938eecc
costume:b2f34ec65de87857,衣装,服装故事,百江なぎさ 水着(2020),百江渚 泳装(2020),1,2,b2f34ec65de87857e893ed479e26b6b90ab96442d7cc2f75f5455fca04aad99a,a862eaf72e52efe8e08b2f70750490662690847c19fbba99046159d43460d14d
costume:4f1c23a28fa39459,衣装,服装故事,相野みと ハロウィン衣装 (2022),相野未都 万圣节服装 (2022),1,1,4f1c23a28fa394594199a7b7d305222cdbacfc21da2b267eeefc628d7e55affd,76dd1f086a9654b10abc816c8765ccee32dba2557c2478a28f24a40c2922ebee
costume:3af5ff372ef7c027,衣装,服装故事,真井あかり 冬服,真井灯 冬日装,1,1,3af5ff372ef7c02790b9bffd4a4e05f3a9a39900614dee720162ab04dabaf34b,b386e94bebee868253b54a6dab12ac257d4310c6077456fd7575617164e238ca
costume:e56bce5d3940dcb6,衣装,服装故事,矢宵かのこ 冬服,矢宵鹿乃子 冬日装,1,1,e56bce5d3940dcb6cb72bf5831eb8a3d4254391107048fbf98a525d44718c551,0201322c563c78a28577ea8fd838eb034b2063838ed2afdeee6ba34ce4ee37f4
costume:886bc2b16f5d9622,衣装,服装故事,神楽燦 水着(2023),神乐灿 泳装(2023),1,2,886bc2b16f5d9622b26f2b35ff18160d5b9b2d428cb64c9288ad9e13c1a3fd03,cd3a6f26f000493c5fbbb2fcdbbf0a0c83213391400e40ff24c551f9b646a4b0
costume:da34762952b5b0ca,衣装,服装故事,秋野かえで クリスマス衣装,秋野枫 圣诞节服装,1,3,da34762952b5b0ca1d18f55c3d2e66b16c76a8cc26187233441c623e557fca3a,fe41fd337476a6811d6c52daff24ef0fa0132e446ee508ccf36a185c2d7af7ae
costume:da41139c336fb7e4,衣装,服装故事,秋野かえで 冬服,秋野枫 冬日装,1,1,da41139c336fb7e4da21b45ddac713b6d9dda70ffeac8236482283a6d44f9a81,47aa6c75e50a548a47c05f0c80e00a904fce0eabe8b4f492972e3fa77bd85b9d
costume:67dbf27f4154eaba,衣装,服装故事,秋野かえで 水着(2018),秋野枫 泳装(2018),1,1,67dbf27f4154eabade2ccd1cc43cc602e0e67ae188faee6e77cac14dac6188b8,ece97584fcc40ba858317eb716f4dad95f3dcb93f1eb6b6cbe14c69943e964ff
costume:ee63fae0624c1003,衣装,服装故事,空穂夏希 ハロウィン仮装,空穗夏希 万圣节仮装,1,3,ee63fae0624c100301b90cd4803e551649367dfe5f2471916b730a0cd4373fbc,ffffe3c8d2e642614c28bf6c58f9a211d4fc927f1359f1b1f632f9fe384b4040
costume:a6a2049a19a64501,衣装,服装故事,空穂夏希 ハロウィン衣装(2022),空穗夏希 万圣节服装(2022),1,1,a6a2049a19a64501b6015fd64152280632a266a5238b28a66834924a536a7ba4,094ce9f19ad27d849508d73aa2a1f0975545b72ad6a2d926d3e90031c47eef78
costume:c97f6d32eea92e3e,衣装,服装故事,竜城明日香 冬服,龙城明日香 冬日装,1,2,c97f6d32eea92e3ee87a91c980967fafbbe81657fc14d46a9a2d1e0b8bf40111,3c59e6dc8a4e087a0258103e01eec988cc7550b31fdcc44b4343f1ffcb2e5cf1
costume:991be3e1e67ca084,衣装,服装故事,笠音アオ 水着(2020),笠音青 泳装(2020),1,4,991be3e1e67ca0844654486cce8d6d9f68adbe1add2c5b1a7dac61d829bc9cad,1389e64626af66d7300202b15a78090cb3797ab753e2408c322d7df88c97555a
costume:167dd3629d55fe0d,衣装,服装故事,笠音アオ 私服(小学生),笠音青 便服(小学生),1,1,167dd3629d55fe0da8643da87e5d61c2892e56d5ab7ae961067949113e28b4fc,9f43e44b9b4f399d342465128e6d757559b1944d417843cda370c9b8896e5590
costume:89f547aef43085b3,衣装,服装故事,篠目ヨヅル クリスマス衣装(2021),篠目夜鹤 圣诞节服装(2021),1,2,89f547aef43085b38bdffac7a5de89c1afdb910bb77a83d255bf141247c75c45,884bfd76ccf18f7f6e20082a91c6c2bd814d063622654a99011cb1d58ca1d7e0
costume:a2bda9627c9fad1f,衣装,服装故事,篠目ヨヅル 水着(2020),篠目夜鹤 泳装(2020),1,1,a2bda9627c9fad1f23852171033e9bf24c99f7f5f12b6e85c500889faa218e9e,94741172f68dc94ce1654584dcbe13b04e39a9e4911ff09694ffd04fe54d89f2
costume:000b8743ae6efb4f,衣装,服装故事,粟根こころ アウトドアウェア,粟根心 户外装,1,1,000b8743ae6efb4f26ec376493281b59edc92fc46ffd82770ac846aaf11ce605,0e0ba084d151321b8ed5399447cf6436d462dee029fad3b1055e8e31cf03835b
costume:e964cf79664d454b,衣装,服装故事,粟根こころ 冬服,粟根心 冬日装,1,1,e964cf79664d454b7d30cf50c254157f5e8c9e46848073326f752630b5bb4017,943e50c74197f70ea7473671d64cde339299f4b7057be2c461beb6d9a416a1f5
costume:232fa6f344bc9c80,衣装,服装故事,粟根こころ 水着(2018),粟根心 泳装(2018),1,1,232fa6f344bc9c807229f0146859b5021eea0b2a4de1c8fa44a58df6652bb9e8,796065c166ced1dad55058c7e1276f805ae0636dc7de89a209cf9c23203f3c62
costume:16f6206c1629ac65,衣装,服装故事,紅晴結菜 冬服,红晴结菜 冬日装,1,1,16f6206c1629ac6599d7b9ca8252e6884dbbdb80d07ccbd4bffda74bd23ebe75,669fa3c3cf261b8a5accbf32e1311f58f36ae6ae2cce657c492441992e9d933b
costume:346283170c34f7f6,衣装,服装故事,紅晴結菜 私服(大人),红晴结菜 便服(大人),1,1,346283170c34f7f6332ea2432348f84f8c04b7c08d02dbb41c6daa5bc6ccc9fd,3eeb8b98cafda3443c252be676797134388f73312c273cbb7d643ff1dd880e06
costume:5be1f9d9694952f7,衣装,服装故事,純美雨 冬服,纯美雨 冬日装,1,2,5be1f9d9694952f7661eae42096ca5d41e0b1dcbcb9c2fee6565ddac762833b6,d9a691f7c57dff7384cc9292ee98e7bd634f25e4b4b68b1e54cccd2575397ad1
costume:37f9dd071e70dadb,衣装,服装故事,綾野梨花 冬服,绫野梨花 冬日装,1,1,37f9dd071e70dadba3f65b01ee6179cbee11a7eb901b30192b2b5d1f2130e12e,0126d4bec1ff94e48a704255e323151b77d90b7a37129a7db8397de8f305863b
costume:c60428add7c75e0d,衣装,服装故事,美凪ささら 冬服,美凪纱纱罗 冬日装,1,2,c60428add7c75e0da71a3e785883c6a9cfb2ec60d999c11ede2eba5a7411eea0,c98b6e7608effb018a421b19d7601a5cda649f3e693dd49ac0ed715a002a7b84
costume:f8c1075f7caa1fc6,衣装,服装故事,美樹さやか パジャマ,美树沙耶香 睡衣,1,2,f8c1075f7caa1fc60b8070855c978bdd1dbf030757f01354031b50afc36b64c5,1bbc8d2e761ad00cc9d9dff6dd61476ac7c1c2a0b83fe4f7c1c4beeaf6e78c93
costume:7ba7f3907617803d,衣装,服装故事,美樹さやか 冬服,美树沙耶香 冬日装,1,1,7ba7f3907617803db9233d7e1ef5111058635c3c115da7375766afc4c464852f,73795b31337c09e5b861d6bb5c69ee6e21283b0fc0bccb16af04d054e2aac0df
costume:c9b6e9b49905b360,衣装,服装故事,美樹さやか 水着(2018),美树沙耶香 泳装(2018),1,3,c9b6e9b49905b360776879f7739245d8218e149849d4e64a3328f38368f0d4da,3efb8d2f5c82ecd8dc19049438e985cd7ca1d908c17b0b3f4a7a145cff532ad1
costume:0bc133b14bbf9e1c,衣装,服装故事,胡桃まなか コック服,胡桃爱香 厨师服,1,1,0bc133b14bbf9e1c9d1fc8280259cab4a375d1654f8eaea2fef88a3922027b6b,f5f757e5dbd7a6a00a7ff25a90a157e6047eeca8137630691345b6410bcea6cc
costume:ecc72c0fa598203f,衣装,服装故事,藍家ひめな 水着(2023),蓝家姬奈 泳装(2023),1,2,ecc72c0fa598203f86fce4dd7828eac71e57e7bbed521198ffaefa15b84abf80,318c21df931ae8bc713e6651ee8cc798eaa88344a982adca69bd20728bf92c0d
costume:79b35f1ce4f8a757,衣装,服装故事,観鳥令 ハロウィン衣装,观鸟令 万圣节服装,1,2,79b35f1ce4f8a757367ef84616fb1b1b16f76d100ac06adf6974b3f919e63778,04942bdd27fd0648ae6e138dca2f0e3c18567eb8fe92af5a278440b99d23e23d
costume:16f64a2176e9c84d,衣装,服装故事,観鳥令 水着(2020),观鸟令 泳装(2020),1,2,16f64a2176e9c84dfc1d60c54f8acaba66980dfc1dbcbb0c12b5805f96dc8f0a,5e68ac5f36d6edcb9923a145d8fbd8831448f777a1ad48e63d0472118947b27a
costume:1ed0faf9e7b154a0,衣装,服装故事,遊狩ミユリ 水着(2023),游狩美由利 泳装(2023),1,1,1ed0faf9e7b154a0017854e3f918b36a1f52a95e936105f8fc36a228d73ca403,d896efb9a17381f8dcfa48d503deee217b1e18b1ee98cfcde72e19f6dfced3e5
costume:65d2ca71b7a4ed8f,衣装,服装故事,都ひなの 冬服,都雏乃 冬日装,1,2,65d2ca71b7a4ed8f60df199a6d378c3b9f80e8c96ec7825b611efa9729ad43e9,2ce02cfa7f9ecaf8d56e851541b02fbb421724453ae35f1c2e13b6fc940dd006
costume:06fb06a6885eb0e7,衣装,服装故事,都ひなの 水着(2018),都雏乃 泳装(2018),1,4,06fb06a6885eb0e71b162220a51d246271ea3fa0fb69a42cc91cdf5f4d6df9d1,e6b922406bcd37565495d630200dfe492ea74e1a44505434e9aac1016e613d74
costume:d2eda93989b0bb70,衣装,服装故事,里見灯花 水着(2019),里见灯花 泳装(2019),1,2,d2eda93989b0bb7095f6530551c2c0f032b0fd7f9d6d5480496f6ce8250c007e,ecc26b6cf6f1c831a80f94f327caad444a176461624b4010cc3adffddb73a4d7
costume:db81b706a3981021,衣装,服装故事,里見灯花 病院服,里见灯花 病院服,1,2,db81b706a3981021333402b04de747c328ab6500fa34dafff8e822223676b7fe,2433c560e919208d311873ada4688d46448a10ddbbb58b3b5dec7224bc2c1800
costume:9bfb011a3a3ce2c8,衣装,服装故事,阿見莉愛 冬服 (バレンタインストーリー2021),阿见莉爱 冬日装 (情人节故事2021),1,18,9bfb011a3a3ce2c8a2c07a5a4d5801424b1c840c71c832489dcac9f500df056a,43f112de13c7ddd88a2b117bb57c6f56cc1319160a064ffe44dc365f2ea1ed32
costume:5750db402f1ce360,衣装,服装故事,阿見莉愛 水着(2022),阿见莉爱 泳装(2022),1,5,5750db402f1ce3601888be57d755920b228b9a6605ca65d6ea5c84a525cddf11,04af647e1912a4d0f4257e7c81a3e199d5f7618788cb1e1dfdc7665438eb587e
costume:8dec45b87c6017f1,衣装,服装故事,雪野かなえ ハロウィン衣装,雪野加奈惠 万圣节服装,1,3,8dec45b87c6017f150091cdf2bbc8f90f65fbd3fe8f61abf33e109a94988a657,03b2ea2de901865f0fc9488e137ca32968e4be4ace4f489fc132158760e0d655
costume:aac67e8b30f28d2f,衣装,服装故事,青葉ちか 水着(2022),青叶知花 泳装(2022),1,4,aac67e8b30f28d2fcd62158cbef49f6a65dbe8ef63c2131c1001c0ff141c0e05,8d1ff988f5e2361ace4db0ecb7f878c99890217031c3cc10d46662a215196e16
costume:6cc2b0b59eb4a3d7,衣装,服装故事,香春ゆうな 冬服 (バレンタインストーリー2021),香春优奈 冬日装 (情人节故事2021),1,6,6cc2b0b59eb4a3d704118aad4ef7a0b6840c6187d0d65f13d679501bc519b9d3,95be5064718c7b25912dce741bd6fe4ca4295b770e05c8b132d3de0430684816
costume:c32afeb62648fe4a,衣装,服装故事,鹿目まどか パジャマ,鹿目圆 睡衣,1,1,c32afeb62648fe4a00891b0730be1d04867fbed5fe7247194fb1032bb22433fa,2870d357507c2b78f8cf71408f5fc9877cc5abe3abc5a201248d2556cdd0d6a9
costume:b730f5779fd95cac,衣装,服装故事,鹿目まどか 冬服,鹿目圆 冬日装,1,1,b730f5779fd95cacd0de043ee2a629f533ae36d9b933dfe537dae8cae33d5426,5ed9a787219a7784cde57b3dbed159cce2eec79609d325b3064ded4c2539772a
costume:976380c90eeeaf85,衣装,服装故事,鹿目まどか 水着(2018),鹿目圆 泳装(2018),1,1,976380c90eeeaf85ed17ef275fff54db3f28d8e5037ae59ab7ebf7d9f29146b2,7a8f62e0a399cdf984f353ceb6d2d6f0e4bbc678fe3a219c6319f3b617db2ccd
character:5fe707d9ad593ad1,魔法少女,魔法少女个人故事,Ashley Taylor,Ashley Taylor,3,9,5fe707d9ad593ad1d3ae73f81ed7b5a5408a18e5d19bfe2f98baaf5c8cbc0f01,ff745bbd7a8196a91eea971a8715f722cc9cf160d765c1bfb0abffe1fc92c9be
character:e6d01e259b2a6892,魔法少女,魔法少女个人故事,∞いろは,∞彩羽,3,18,e6d01e259b2a68921c6b6131210a2d269fd31d45bcd36dacb3b84afe474f514c,cf870d3b216f04595d93109f0c050f13f92643845777a862a26671465e77c626
character:ddb216dbf61aaf17,魔法少女,魔法少女个人故事,いろはちゃん,小彩羽,3,4,ddb216dbf61aaf17b5a0beca852bcad35a8403b81136dd43f863f736f9e071bd,5f78cf59f0740914e6fbca97bf87f44c44e0677c2b99361d33c8f932c8c37b46
character:362ca12d8ad85b1c,魔法少女,魔法少女个人故事,いろは・うい(巫女ver),いろは・うい(巫女ver),3,11,362ca12d8ad85b1c441183e43a977f2418027629a3bedd752fea4c6f75ed016d,f66f10eae927d1f44db9fecf19feed6234ac100a21ebc71824fe09e5f8f2c3df
character:d76c4b9f87f5d66d,魔法少女,魔法少女个人故事,いろは・やちよ(決戦ver),いろは・やちよ(決戦ver),3,21,d76c4b9f87f5d66de6dff8b44547c076fab064aa8ac73ee5be8e777cd848cb68,882628e60f459bbc48239ecaa1f4f27a12d577ba053f180309a474e7ce0c53c5
character:d72ae03d9ae1995d,魔法少女,魔法少女个人故事,いろは・黒江,いろは・黒江,3,16,d72ae03d9ae1995dbb1991aabc49c86a19806bfb28fc8f886d1084dc9f3dc4b4,db05a2c799eac09226cf164700753f2cb41a93169b4a34915f7575c872213bde
character:f124cbd5400be28a,魔法少女,魔法少女个人故事,かずみ(新),和美 (新),3,5,f124cbd5400be28a0e48595178b77e7d765cf72b49a174fc455490facbe78a64,6e305396c57586be75dcfb1fb5ffaa88e09a7ade9907b8ee6cd8c2f5a74b9a22
character:353d5da47d7dcda3,魔法少女,魔法少女个人故事,かずみ(旧),和美 (旧),3,4,353d5da47d7dcda3437fde641666618a05b29aaf834d0d85d4d8c1d026dc6558,ecacafd6d6dfb139d90cc2f248ca670c94a1ee5e77ca4e183d0dbad1d98bb185
character:671780f41e5c6aeb,魔法少女,魔法少女个人故事,かりん・アリナ(ハロウィンver),かりん・アリナ(ハロウィンver),3,25,671780f41e5c6aeb189695a4bb060b6de464acf8c340d3ba2b44bb24aa1f07bc,d2e253e51c1275ddabc79042c12f06404aa68957f82277730a5ba241c5d353a3
character:5bb3e260a8cd7be8,魔法少女,魔法少女个人故事,くろ,小黑,3,6,5bb3e260a8cd7be86e57587fe573fbfd276cff07f74fb0cc8fc4693b4db3b259,3abf404e9c951518e375b866858dc34340b0b9a4b50468f572412964ed35b1f1
character:a1167462411b33ce,魔法少女,魔法少女个人故事,このは・葉月,このは・葉月,3,16,a1167462411b33ce657888b5c732b46ec3dbc8878ad0c05232adceed303ad1ab,7b9499f94ed70e7af576b75110d48037f6defe694141b85539439d109566312d
character:1bb4a03b2f73c2df,魔法少女,魔法少女个人故事,まさら・こころ(花嫁ver),まさら・こころ(花嫁ver),3,19,1bb4a03b2f73c2df8044b362c7f4ee56dbcdbec95e5eb3135f8b3645dcebeba7,c6f0829f32a6b39d9893c9450084e18cc4ee907e185ea8ee0c5da57f31f7e5db
character:b5204c05024cfaa9,魔法少女,魔法少女个人故事,まどか・いろは,まどか・いろは,3,15,b5204c05024cfaa902fa8853312761fe59414f5846469fcdfbe0d10c119ca87b,9ee592917b2e966d3e5374fa4516b18fe3492781f4c9f10348157435d1c2f314
character:71c6cfd12be46f8c,魔法少女,魔法少女个人故事,まどか先輩,小圆前辈,3,3,71c6cfd12be46f8c2187297de36ecc8cd710d19950f63bc31f3afa5db8173746,7bfa4488ba217c05b5c0b57b219bbc27c29e8dfbe5fd8f61a5def748c7a8b871
character:7da3939ac09b46c0,魔法少女,魔法少女个人故事,まどか先輩・いろはちゃん,まどか先輩・いろはちゃん,3,11,7da3939ac09b46c026cb609289bc3229b62d571f3aa02223327a2186a947d8ef,8f87b79253cf41e42c7f39a4fa551bdcc5c298a520d14b21a653b1eefbd58228
character:9bca4c1adcaa63e1,魔法少女,魔法少女个人故事,ももこ・みたま(人魚ver),ももこ・みたま(人魚ver),3,13,9bca4c1adcaa63e114f67ab7c299348221be22566d5ff6eaf7fcee35f2bc1973,5f97e7c633f7a4458b620dcd8ec36850413660800540d2957bb175fc272b516e
character:85c28cabbbeb26f3,魔法少女,魔法少女个人故事,やちよ・みふゆ(始まりver),やちよ・みふゆ(始まりver),3,11,85c28cabbbeb26f311d1a30496be01d6695fe769a540663db469d725ad078354,de7350113223599d14c0576da0b28ba131d3f93bcbce95d3d00d249461884230
character:bd29fd5091cf0f86,魔法少女,魔法少女个人故事,れいら・せいか,れいら・せいか,3,14,bd29fd5091cf0f86605f28542c0efb8a5c5cc3a0cad9e56a9fd1eb5ef45c0dc1,5d43afb1cc1602828edc0b89c4dc05d05cde14b811f68ede515a24241cb81970
character:2a9b9281c8564c67,魔法少女,魔法少女个人故事,アシュリー・テイラー,アシュリー・テイラー,3,12,2a9b9281c8564c670bbf26c1b48772cd2384d006adc056ef5c90a51ef135052a,b21cee2beaa9f575fdf5996500924d9f09b972b282be877a69e7d0cf6fce6a46
character:0ca8aa38712b129d,魔法少女,魔法少女个人故事,アマリュリス,阿玛琉莉丝,3,11,0ca8aa38712b129d069c1db74a0d8ae9da06905b39d7436aff76ee7d73c3e84a,92834d3cde6552627374e60baca13d7e12131af2e06580429e0e2e961baccd2f
character:2abddfa55df9748c,魔法少女,魔法少女个人故事,アリナ・グレイ,アリナ・グレイ,3,9,2abddfa55df9748c030c50262667000ef281d08c34cc54ac95a674f6e34a1334,c0e24cc923481377b7d8d19bca10b49907dcf97b0fb42ffe3f33e360d0981852
character:7a0dd682d3f2f45a,魔法少女,魔法少女个人故事,アルティメットまどか,圆神,3,35,7a0dd682d3f2f45aed3f21327f3f04b49ebab59bbb6115b2ae3c69b81e75fcc2,3467ae0040b7c85a505e420a87e18120225a73433dae4f2558ef2072302570f7
character:10bc6a494b26087b,魔法少女,魔法少女个人故事,イザボー,伊莎贝拉,3,23,10bc6a494b26087b42d8823fbc32a0f92c8fe6972174366775bbd9a828171e29,bb31956ca42902eb00f3bec11a1bb1c8d2658479d187dcb76c39df568b321fc1
character:0629df2fb25029f5,魔法少女,魔法少女个人故事,イザボー(魔女ver),伊莎贝拉(魔女ver.),3,23,0629df2fb25029f553a49a4352d128804db491e8d6998b706552ca5ac34cbbcb,8ff4fd5165d0d0f79747aa54b3b8172e715eb47b541f3073779ad34431e81264
character:ae53137710d280a9,魔法少女,魔法少女个人故事,ウワサのさな,传闻莎奈,3,14,ae53137710d280a97756496a260d44f8a1db92c8d6982bc3ff1c8e8dc58b93cc,da23d723f940dc8778788b98f1b8621b4653ddd55ac0f644a021760f402ebc60
character:d05f12c4621189ec,魔法少女,魔法少女个人故事,ウワサのみこと,谣命,3,6,d05f12c4621189ec86c718afb2a962d3e6c9b54eb6f589a86843ba50c7080aca,a35c3603a73275c44af57fb05805c2b6d5f340515d7de8191fc68fca6a050fd8
character:b3421221f4c74d4d,魔法少女,魔法少女个人故事,ウワサの鶴乃,传闻鹤乃,3,14,b3421221f4c74d4d52b79813b4f95653e01cf4b48a2cd8a3178a047f3a409113,7d85361171700c341f560aeadad1690463e934e08f036015aa33ca7f2ffb3a51
character:c826df1ca23f6573,魔法少女,魔法少女个人故事,ウワサの鶴乃(アニメver),传闻鹤乃(动画ver.),3,16,c826df1ca23f6573a1a148d5d00396bf43586c0b58720622aba7b1321d986ba2,e54d245a851afcb313973286f0161cd3416836f7f12a8ed04fd6fb7b351233ac
character:84904248cd37d749,魔法少女,魔法少女个人故事,エボニー,埃博妮,3,14,84904248cd37d7495b99923ccbb505031d9d27dc0c9dafdb3eec835a3f81ca4a,616555e17f54a19cd863a99d339e43af7d8a2bc1fdc1767e80bd605c7d608aff
character:44e062f73033ca77,魔法少女,魔法少女个人故事,エリザ,爱丽莎,3,6,44e062f73033ca7780fc90f598ccba46f21f05f10c8e499bfef0745aea04ef34,25f8ca5bb6f09fb6123742f21e76ab54d7e5197f6fce88c3120f477c7105de51
character:1af8bd716019e361,魔法少女,魔法少女个人故事,オルガ,奥尔加,3,4,1af8bd716019e361b44a8d170b2e20b4a29e7471abfbf50a07c4f2106aeabdc7,df76ae0c2d8207fd6c90773bee14cb46c0fe08e7001c3b016487c5239db3acae
character:bad41cc3eb14f0a0,魔法少女,魔法少女个人故事,ガンヒルト,冈希尔德,2,13,bad41cc3eb14f0a05737b26338906d5afb32f6b70c975b607bd25df5ea4a0eda,8acbbee648388d15337ba82efafff2438b8ae71b156c3073fcdddf243797a0d8
character:dffcdccadb49950e,魔法少女,魔法少女个人故事,コルボー,可鲁波,3,18,dffcdccadb49950e09e60536cae4a1b4977267b08212efccac338794309a5575,49514cc88b5bee597656bf36466e89aadde6ad37689f6160f4450a9ceaf9280d
character:5db3777eb5c62c74,魔法少女,魔法少女个人故事,シィ,思,3,11,5db3777eb5c62c748871a0902d5fd2d773d4a2a29a05545c84b79d16af6653b6,179aee9a0f53158b8b5c9ae717b5598971f975db030351049ad5cd10fd3dcf58
character:dbe359462265e3a5,魔法少女,魔法少女个人故事,タルト,塔鲁特,3,9,dbe359462265e3a5ca547b2a75e3adb8d986a09d2340dfa8733b2d0ac07a2800,528e965ec24c7f7c4e043f2e4b70de00d91344adfd50f652858ebcb74753a354
character:c857caacdae44707,魔法少女,魔法少女个人故事,タルト(ver.Final),塔鲁特(ver.Final),3,11,c857caacdae447077b8ad585800c4f67a1d3435f0143c38751bf01ad70c47261,34c6b6c026dfc5926d25f9629862846f6e5803b4fd6c77138d997c2fc674de54
character:b7f17d5976138705,魔法少女,魔法少女个人故事,トヨ,台与,3,17,b7f17d5976138705454988b0997e76434f16eb4f31f0456572b1b8b807e22133,9f4a713e1d90f62d425f6a290c72a7e221e7e5b9c1753894f1e883e3d6b2250b
character:043cda54669d57a2,魔法少女,魔法少女个人故事,フェイト・T・ハラオウン,フェイト・T・ハラオウン,3,23,043cda54669d57a230a94d8d08839a348effe567fa1191891f60a069cdcbc081,2ccd9ecefaec7ca468e133e9647c07c5a8ec88875e7c48876239c755b1a0621d
character:5bc268f235a28156,魔法少女,魔法少女个人故事,フェリシアちゃん,小菲莉希亚,3,4,5bc268f235a281565022ea30be4fc7939c4810e26ab8a5e1b71e230ff3fc9885,9aceb3ebd05037cf6a660937cb6d3c6a84da0e63f8a4c72f710bade3e1aa8b21
character:5ea52be15e732274,魔法少女,魔法少女个人故事,ヘルカ,赫露迦,3,17,5ea52be15e7322745927faef61bea4945225ea1ff0944a6144eb392cdf21a1ef,cf4c1112b09291585993ac8c3d31517a53f019b12f29afca48c60de7ca0b3228
character:fff9f3001fd689d6,魔法少女,魔法少女个人故事,ペレネル,佩尔内勒,3,12,fff9f3001fd689d6993309802bc70ae05909791bbfdafa3850a1cd2cb06eb41b,3e982f5d69781b77715a18bf033d5b257be52b17fc102beefade7530b6921d46
character:23b8b3512fc84af0,魔法少女,魔法少女个人故事,ホーリーアリナ,圣阿莉娜,3,15,23b8b3512fc84af0552f9c3123f2fd4aebf60c88a4ab42a8ca3ac4b54b0dee75,5c89e99c6538f12bc68f8451a69eae2f70a07288916e330a9ca869236a557270
character:e9183c41d3be4a30,魔法少女,魔法少女个人故事,ホーリーマミ,圣麻美,3,6,e9183c41d3be4a3057ec48343ce493a2812294952202675285852001a04134dd,8b4113a7453b34390a773a2489f1440965217ed1ea644e40156f61d3d2da7c7c
character:559611745f072bba,魔法少女,魔法少女个人故事,ホーリーマミ(アニメver),圣麻美(动画ver.),3,9,559611745f072bba5eec4ac82a58775b432f09b53802ec749038ae87669342fe,58125072dda2a412ebe723fc4a02c833386821c9016ca920e47ef050811f0b9b
character:7f80a195fe082a9a,魔法少女,魔法少女个人故事,ミヌゥ,米诺,3,12,7f80a195fe082a9a8d59ea2910bab53d5585bf3f77f254bc511778ad5c8d2020,42f2ad9b395a23a19d27cd3e0a78c611f1061d6a6329df982d2472c55a2d4cbd
character:9185530da42071e0,魔法少女,魔法少女个人故事,メリッサ,梅丽莎,3,5,9185530da42071e0862be5d8f2ac0037e8d095a7278d1a575c3ee66bbdcb69e1,9ee5f0b1c86aed14ac77ac4126fdb0cb006e354155743214fff3da8150c441b7
character:853747e76bb6edfe,魔法少女,魔法少女个人故事,ユゥ,夕,3,6,853747e76bb6edfe7ed2ca5e2363050a2940c092aa692b842d6b8ee9661c7ff7,b3a85a25cc2805e03a018bf1056fdf30a6ddd3979a946fe34d9b1d88c11e98b9
character:a2fbc77645b6d9ae,魔法少女,魔法少女个人故事,ラピヌ,拉皮努,3,16,a2fbc77645b6d9ae9557a477c122140f28fe6627b739122202e3610895aea5c0,35a253bfdd6cbb2aaea5d3eda106556fdf9161fe047cc7c1fa9b48dfa615e775
character:0ef7a34256fd7aa3,魔法少女,魔法少女个人故事,リズ,莉兹,3,4,0ef7a34256fd7aa335932c9ffd520d05f664db7aeebded63d94b6aa498c039ef,92d6f388e12c3276a3287a2355526858c1c6578ba7b823dd109e5dd52275b4b5
character:919b494c08cb85e2,魔法少女,魔法少女个人故事,リヴィア・メディロス,リヴィア・メディロス,3,8,919b494c08cb85e2ebd77f0dbafea1f55b28753f280207c10a096431458d509c,e971ecd3816a2cef817fc5bf41873b32d3d25a5c201a9d56c131e902ef73df82
character:802d9435b0f87e46,魔法少女,魔法少女个人故事,レナちゃん(アイドルver),小玲奈（アイドルver.）,3,6,802d9435b0f87e4675b4a5c9b3e670c1904ca214d3ffdf403ef4b89a367e52cf,d041f12317946868a1d88cb38edce529c5a3d6d01b15da2c590eabd74f93ae55
character:93ff59af61df3b86,魔法少女,魔法少女个人故事,レナ・かえで(水着ver),レナ・かえで(水着ver),3,21,93ff59af61df3b8641deaf2e06944067f04ae496aa1bc642dc676d8eaf276451,7886d7186c7ddaba6f7fbd355b30d4527c35a52ee74192121940dadc7ae29d17
character:07bc66d9d50b2511,魔法少女,魔法少女个人故事,七海やちよ,七海八千代,3,4,07bc66d9d50b2511fc259dbf65e4656e15d3b3f4ce84ee4aa7c6b45fde9f5343,a64d268cf72d37f01a5bb61d96d4e88e0d5c289cad8be3a32ba4b5c4c88d1bca
character:0320318f514d8fef,魔法少女,魔法少女个人故事,七海やちよ(おとぎ話ver),七海八千代(童话ver.),3,9,0320318f514d8fef00d3a1aacef5e1c7959f91a90704d1a088be6db912764223,b1c196eee5dae7e8184e07f47effcd3cc5fec8a941b9491a93376e458bb7d45b
character:d8589c9362b95830,魔法少女,魔法少女个人故事,七海やちよ(アニメver),七海八千代(动画ver.),3,22,d8589c9362b95830d96b95c8910569b51a934486cbcb334ce35beccc919c577a,6532795b663cc7df6782996960562b559c23b22b0fb7abca35d9aa44c7fbd34e
character:ea3e062854910e78,魔法少女,魔法少女个人故事,七海やちよ(ヒストリアver),七海八千代(历史篇ver.),3,25,ea3e062854910e7821bf1d5ec4e65ebdb3e16b696ee0ff31db007230eac57696,0fac34569c1106d1088dd4f6c00a7e968ad1f486b93405958d224cb3aad37c0d
character:415d3398b1b3cfe7,魔法少女,魔法少女个人故事,七海やちよ(七夕ver),七海八千代(七夕ver.),3,9,415d3398b1b3cfe7343de05e9c44b0f9c89c73452f810fd194f5f9e1709564cc,2a98bca39251a09e0f6b75c807b54903e8406c2b96fac1e1168d4b8a8c719ef7
character:8cfbdceeee7e1360,魔法少女,魔法少女个人故事,七瀬ゆきか,七濑幸佳,3,20,8cfbdceeee7e136028d2a6ccf626282612e044d7d5a909025c1282fbe7e4a31c,56652a09cd18ad35a74a521f80f6ffedbda1ce7915c0e1a58b08c969ed49127c
character:1ceb675eb2d4bccc,魔法少女,魔法少女个人故事,万年桜のウワサ,万年樱的传闻,3,26,1ceb675eb2d4bccc42b1bf99d0b646f21ab9adf2b2bfbe4028f1b1af2fe6ec93,75410ffec2043b88bd9132c3c4b94c535bbc5e608c09b89aa6b3b84cbfdc44fd
character:4792539a7fb332aa,魔法少女,魔法少女个人故事,万年桜のウワサ(水着ver),万年樱的传闻(泳装ver.),3,16,4792539a7fb332aaeced43f67334e6ffb5d97c2477c89b219a8151eddc1f2fcb,df1c6466b6b4918cab5fbce9c5263ce1965d2141c7dca51a4abae91f7cc4883d
character:51928ad4d920e027,魔法少女,魔法少女个人故事,三栗あやめ,三栗菖蒲,3,4,51928ad4d920e027e734c024a2fb8bbf93ea963b665694e0bdd0070d77acdcd3,4f6a7985da50737faffbd1de0b9663b59c31da66f4be92800e6144d7b7668d64
character:c2d11a39e7625090,魔法少女,魔法少女个人故事,三浦旭,三浦旭,3,22,c2d11a39e7625090f7e13cdc5f5c7c9b84059b042a6443798c8326f1315ba5b8,ab72f4ab7462538205dde275c442557c092c1979510031d064c9a88c2ed07bf0
character:21cd79e42eda024d,魔法少女,魔法少女个人故事,三穂野せいら,三穗野星罗,3,7,21cd79e42eda024d3b65b1023c4cf2dc4f37f0c30c0401fed015b6028bf8c47b,af505079b224d436ff5bda2918cf7cce5ca087af78730b069ff7b192eb965e82
character:8b5664868073ae5f,魔法少女,魔法少女个人故事,三輪みつね,三轮光音,3,21,8b5664868073ae5fbe2e0fe376369df6beba52402af2f4a4df319a0db5621dde,8cd4d4f0f9c1264e457f7057c3eeed647f22a074f0739cc1f5c3ff399c7e1f51
character:86fcef83b4a1bf04,魔法少女,魔法少女个人故事,二葉さな,二叶莎奈,3,5,86fcef83b4a1bf0425d466c493c695d77510e860a36278cfa85335a61a5a558b,5fd85de07103855724f41590ccbb73dc77fc6278a5797b17f402519cfa11f540
character:626a203e6db089e2,魔法少女,魔法少女个人故事,五十鈴れん,五十铃怜,3,5,626a203e6db089e2dbc17090756e3587c27f7f077bfcaf2d0fc343ecfdb7f4d0,39e7ceb7adb7a316e15bcd9572346a63ed7081d5e712722d61e65d80addc4aaf
character:68141e2aef256427,魔法少女,魔法少女个人故事,井ノ上たきな,井之上泷奈,3,26,68141e2aef256427a3768e88f67e36cdb19d48e843cab50ffd68785528a0f68e,c847148d0505aff009d6ab32628e415bf3d23998e618b1762f53af078cdd3563
character:2f148f11ad4ea611,魔法少女,魔法少女个人故事,伊並満,伊并满,3,10,2f148f11ad4ea61112a3b0d4095551644be27380ec5abdb44f29f04a47284851,0923f17c265d2517f933bd04ecdd5e981b18c1064d8919a8ec07c37c1b419022
character:38b6f4c43ff2f847,魔法少女,魔法少女个人故事,伊吹れいら,伊吹丽良,3,13,38b6f4c43ff2f8472f53d566ddc44c007b3aa6dc7845341ee0e3cf00298378fc,28acaad76271cfa47b99d541f5a11a47ceafff9f1846bbd05a4deb18752b2c7b
character:03575c0e471a1e8f,魔法少女,魔法少女个人故事,佐倉杏子,佐仓杏子,3,3,03575c0e471a1e8fb933d7e716c53f5e49773f22d4631361ef1dd1adf0720eb2,5fdb66ef35f5bb774bbc69556983388fe8be2b876b72b5681194ed145f251737
character:9407698f998ac067,魔法少女,魔法少女个人故事,佐倉杏子(scene0ver),佐仓杏子(scene0ver.),3,16,9407698f998ac067eee20af8f0d80dc75a271d23cb2688b66872a0ea769ab3de,12ee282eeb511c77ead756f4e1f6e393e817da211ac93694ce136e6bc31330d5
character:a5c8f164399edff6,魔法少女,魔法少女个人故事,佐倉杏子(ドッペルver),佐仓杏子(魔女化身ver.),3,18,a5c8f164399edff64e49fa3116ab01fe5687002a2bf0c6389eb1c6a6d41d926c,7c766ec9b34beb06f2732f6aa1b526104e1419183b05594245116cb5797a4488
character:11359aee798e6cc5,魔法少女,魔法少女个人故事,佐倉杏子(水着ver),佐仓杏子(泳装ver.),3,23,11359aee798e6cc556c8fab37edd837d52f67caa1a392861ffecc7c25a0c9584,509889180fa47675b598893cda3f90946804a3c664125410cbc42d9f22cbe766
character:cbf0e9acdc16c9e4,魔法少女,魔法少女个人故事,佐和月出里,佐和月出里,3,20,cbf0e9acdc16c9e43af74396e65a7f8844d1abcdfd08a73d4b609e78d1a0c98b,c13de7e67a817b4bc8a2ae9525a11165a9bf9b5ce888a754d6df5580a26fc971
character:45e26f9e7d5ac5f8,魔法少女,魔法少女个人故事,佐和月出里(バレンタインver),佐和月出里(情人节ver.),3,19,45e26f9e7d5ac5f851a89e0964e34c94fcbc234bcd61113c06b2c1079bb3cfe8,125e252890e2c21c58afcdd7971922efa34ef74711d696ecdfa95f2f91f19bf5
character:d2f62fcd347a8373,魔法少女,魔法少女个人故事,佐鳥かごめ,佐鸟笼目,3,16,d2f62fcd347a83736e445db4649e04841c7bdc7a7496474f0aa84cd4639e6562,af4cb419d6101b5d68f31be1bc04a83260db47546420e3a13630fc9e5c75870b
character:fb6c3228e7d5d5d7,魔法少女,魔法少女个人故事,佐鳥かごめ(百鬼夜行ver),佐鸟笼目(百鬼夜行ver.),3,19,fb6c3228e7d5d5d7afc5629adf3d8ecef20bc6283ca75985040cb2e801f0695d,337ca657e349f1f82c1f53f100825c0f9832c10371dcd2025293ce6e3c4c8643
character:e95858171000043a,魔法少女,魔法少女个人故事,保澄雫,保澄雫,3,6,e95858171000043ad1415e5eb92e5546b93483068ccdfd4ef2e28ea5e752da3f,7ac665ede7032a0b5ad3db47c1c20f529a1d2fa251de70dd62089c927564f8dc
character:193b8e6f6c3573ad,魔法少女,魔法少女个人故事,入名クシュ,入名库什,3,15,193b8e6f6c3573adc1ab571db8a4f6679eeaa67b3ce16ae1cadc45a426a2cf2f,d7d9e0efc9e480bcbf9e2abcc89536239e18a2e1fe395844a9f5149e82ff178d
character:18bfeaae6a856909,魔法少女,魔法少女个人故事,八神はやて,八神疾风,3,7,18bfeaae6a8569091d44839f58a363da3920e6aad30a08ee57727590408de590,d3ad5b0e37307a80b080f7cf9d8471864d43509983a5e06171a37c42c15f88ec
character:8b344b0aae874e0b,魔法少女,魔法少女个人故事,八雲みかげ,八云御影,3,19,8b344b0aae874e0b836d96e4f11478f8cc3559a79430038b8d2615620722e781,8737c299adb8121b3d39b4b15f187526d04a2fbd62d330c2c26f3e93e507435f
character:b992e9e5126c67ed,魔法少女,魔法少女个人故事,八雲みたま,八云御魂,3,17,b992e9e5126c67ed5a8266ecc4de023f85f57e407002ae643fa64a2220577ab7,93d7f0b1c52b556ee2d00ac240ea9a4e024206b7aeb66fd8a85160babc6474e0
character:2f8dbfe026392a18,魔法少女,魔法少女个人故事,八雲みたま(常闇ver),八云御魂(常暗ver.),3,18,2f8dbfe026392a18049f0719ea6d54177dc0a8233af7521d7cbf903379adfeac,54b71d13906083b9f18734bb6fa1c4511c7ae004de36099fb2098a1e9727a3d1
character:294ced14c16cf265,魔法少女,魔法少女个人故事,八雲みたま(晴着ver),八云御魂(新年和服ver.),3,12,294ced14c16cf265470be5ef8a604d3ce50f6f5a069daaaac58c688f124e7995,023afddc4f984a478d48f031c9144b7e7799f4e69f9f0b5990dbeae651568a76
character:d640a6104a664a77,魔法少女,魔法少女个人故事,加賀美まさら,加賀美真良,3,3,d640a6104a664a7791db70ef15bc3e192e138ebdc58582a75632d08438fa261b,1d7ff9beb8f29715761dfc845a9af6a53c7c717be83fe1812a2e929aaf954e1e
character:40d532b50e6d0c15,魔法少女,魔法少女个人故事,十咎ももこ,十咎桃子,3,4,40d532b50e6d0c15cb529286a3121b32336c8b1d588ee0aee838739c98c6095a,c7399d6d8bfe542511041446f5f0d9f1fcd0f5cb0e4fc6e219a0b8e99407eeb0
character:cf81248b04273981,魔法少女,魔法少女个人故事,十咎ももこ(シスターver),十咎桃子(修女ver.),3,14,cf81248b042739813cabe7c8ddf7bbcbb06048bea0e75270db6976bbc55aedea,087000c4cc88087b48f8fb104fcd0f2ce433664a05e5582b55888dc693e68ca4
character:d5af7d4bee957d9c,魔法少女,魔法少女个人故事,千歳ゆま,千岁由麻,3,7,d5af7d4bee957d9c0c1623af868944c2e26c5f24190b956bd0062ddb83d56cb8,6144690aa4454325bc82ac268588cc629e8257ce90491fde123f069aecb27cea
character:2d2885eba54b4f86,魔法少女,魔法少女个人故事,千秋理子,千秋理子,3,8,2d2885eba54b4f867c408b87ef2f2d0c703b8fa2abb78b8444a21eff426bf5b3,0d80c551ea30e6a4f70e9ea56e51b987eb2f22e444d75dc0445a5fa793900f1b
character:a91136e7a0b4ffa0,魔法少女,魔法少女个人故事,千鶴,千鹤,3,15,a91136e7a0b4ffa0030a6f9763c7f069789eb3f6c4b1ccd157c04b606ea0567e,68ce72200c5e9d678364fe527e903630f7f752e9cb668a71186ed2dbf007e04a
character:7f367e49acb1aa5f,魔法少女,魔法少女个人故事,南津涼子,南津凉子,3,15,7f367e49acb1aa5f520ddde95178f72020ea56fc03ab99e144864fa7d1e79e18,c621bc2f81e520c6395d649e935fbefd31f805ff0a2b9552b2ba0ecf89593c44
character:23fc09c56dce13cf,魔法少女,魔法少女个人故事,古町みくら,古町美仓,3,12,23fc09c56dce13cff74d1e098c8b7567fccaf2edd6e31fdcea6193255ffc6e81,e9903ab496f0e2b59723c69db7b6ec3ad9e801cafd918ce6d923f7c8cdee2d2a
character:b02a1668618c2a50,魔法少女,魔法少女个人故事,史乃沙優希,史乃沙优希,3,12,b02a1668618c2a500546a56ad628bb3a506bd97c513114b8eda638e3e258cc35,99420d75bfe8ce4e7e6ad3cae7ee522d52cab2e992c9b46d2bd39ab8745e4721
character:5ff1a8288f4f8fcf,魔法少女,魔法少女个人故事,吉良てまり,吉良手鞠,3,9,5ff1a8288f4f8fcf8e9a49c2becfebd211da8c702646e1839b783e7ff2b51b8b,2dfe29eb5516a5274dbd6aea2ce09979f4e112a31d4ffe5d1091070461117f89
character:24378a235fe9b059,魔法少女,魔法少女个人故事,呉キリカ,吴纪里香,3,9,24378a235fe9b05913cb0bbc7eca2263ace45159c4a907e0c886945e0db1cffd,34a40b9b690bad1c2c426710609e841410fb473020c216918f02df99097ceef8
character:b0624388bbc78973,魔法少女,魔法少女个人故事,和泉十七夜,和泉十七夜,3,11,b0624388bbc78973e61f8db6c293863d8d42aaf7ae416c67680788bd71ebf2aa,fc73a282842ca97d5391294eac217a224cd63809f8ebc9aa57d93b5ace788831
character:69901c3ceede80ae,魔法少女,魔法少女个人故事,和泉十七夜(ヴァンパイアver),和泉十七夜(吸血鬼ver.),3,19,69901c3ceede80ae8b813f2e22473e4771c2d7e6c78b458f186b345d3a6462ef,f7b1fa91313fa5156889c37c35c033f9bdc9e85f43d44f59cc13e572138ffc2b
character:f6ffb4917af218fe,魔法少女,魔法少女个人故事,和泉十七夜(常闇ver),和泉十七夜(常暗ver.),3,19,f6ffb4917af218febb1475d15a7b2aaf97488ada8e332f2df1ed9809179a4c84,b6c01ee37640165259f8cff0072f75c42c737984ef685a6caad730c6c72658a4
character:b1f25a5d859fd8ab,魔法少女,魔法少女个人故事,土岐すなお,土岐沙绪,3,9,b1f25a5d859fd8abc7e80d784e602a5dffccb0028459ce34e2bc8ed80053d67b,06fc0af90eb6dde0aa4ab5603331697bded6a0909f08011ee2d21c5370be1c9e
character:d15223d0cee2ee1b,魔法少女,魔法少女个人故事,夏目かこ,夏目佳子,3,5,d15223d0cee2ee1b36970328e953d084302a2a3d7414414c102512a508fb9aa7,6078c3e74caf4b75966d6f1a54b6a4ecbb19db6cbc90331c1a3ed047c37bf517
character:86225c892c1e2894,魔法少女,魔法少女个人故事,大庭樹里,大庭树里,3,17,86225c892c1e289484abc02ba8fffc896f7346fed999a571146e321c2ced4895,efc05347126724e76300365dbcfff4ac689f7ebc728deea7618b01d6e4468e43
character:a4597386a9d656cf,魔法少女,魔法少女个人故事,天乃鈴音,天乃铃音,3,10,a4597386a9d656cfacd0fb158204d6b6c3afed9306ee9bb512a25a0cc4b8a48d,e83401bcf19401eec3b04a7346da4bd6f0db66488c92ea22a4a561b1b4a00791
character:93e22c0006e202f4,魔法少女,魔法少女个人故事,天音姉妹(水着ver),天音姐妹(泳装ver.),3,11,93e22c0006e202f4ed0656c7e72c3f39870c789ae1cabbfa3ceb115d9abd8949,3128363491146298826370ae61ab9cf977aa51862293920e831332f24bf90d1b
character:b07b6ba999213d79,魔法少女,魔法少女个人故事,天音月咲,天音月咲,3,13,b07b6ba999213d79e832eefcba064d95a9c1b4f0fef94241fd0bcb45a5e12027,d017477e5e05924380221319d60aff6bf28fb93dbb17ab44ad2b80446bff5cc0
character:f8c77778e20f9074,魔法少女,魔法少女个人故事,天音月夜,天音月夜,3,7,f8c77778e20f9074ebd694eed835e2734606bd4aaffc8edcec4e44eca1320b29,eecb798095e76c66a3d6d31df5e65f7599ca0127d72bb20e19fc1e9c4bac3c0e
character:15752344229fcc6f,魔法少女,魔法少女个人故事,奏遥香,奏遥香,3,15,15752344229fcc6fc72efb316bbea6c68bd8f5b671fa69dad14e98dc47e0fbe5,02aa489e5947fe05d8a180daf4755fd0c16d6f9e9f435635a79ed96d936a9d89
character:19cf308627865627,魔法少女,魔法少女个人故事,安名メル,安名梅露,3,18,19cf30862786562746f56800c00ffdad1e6d217d481ea0f751fcc4cdd4e6d735,c657cd6ca0737411f8dc71b4b22c7fa0571780e7204dc2ec2b8c79b2d5d3445d
character:38a7068d36320554,魔法少女,魔法少女个人故事,安積はぐむ,安积育梦,3,20,38a7068d3632055425e397ec22f3d6a746f0a37bf4a85b6864e6a96078858290,a14d17620939bcea459d312c119f58420b1c61279d3678b886b8838e94955c43
character:7d0821a05576b080,魔法少女,魔法少女个人故事,宮尾時雨,宫尾时雨,3,13,7d0821a05576b0806d3a8867acebd9c3f1022bda3ae51245361b3644087ed89c,63da8d0bbf35e26543e631e3be5c1e736d3da05d1beca8140f045fc51dbbbea3
character:2177b184a58582ce,魔法少女,魔法少女个人故事,小さなキュゥべえ,小丘比,3,23,2177b184a58582cef06566de205840a30b575e336626e4ee40f748bb4b04609f,315d0aca4936ac46f395d2f078b54bbe1816bdf96ecb6fbf919c2a8befa57791
character:1d9c4f832bb245e2,魔法少女,魔法少女个人故事,巴マミ,巴麻美,3,3,1d9c4f832bb245e27b3988a89c2b0ec4bd95a37be89d81a3f7e4fd4945344650,2d1c7c6ee740a2905774ca2c26266b74700b6d6be5d802d36f7422e1318e07f1
character:1a6219073aa09961,魔法少女,魔法少女个人故事,巴マミ(scene0ver),巴麻美(scene0ver.),3,19,1a6219073aa099615f89f572a6c6a673e713d08f2bcc00328c3995c82003a2aa,6f10bd89b61f61a2c77d001412453f50f867920d89ec91043f0bb46e4ca0c3ab
character:4206fdf8831f0bec,魔法少女,魔法少女个人故事,巴マミ(水着ver),巴麻美(泳装ver.),3,13,4206fdf8831f0becd25183b3a0d8c75e36bfa0062404716363869309d91b4c20,9c10c895ce42cb158ef6a100e8c72732630e2f307bb86effcb4d75e1eb2f9f0d
character:15d56546995bd6e6,魔法少女,魔法少女个人故事,常盤ななか,常盘七香,3,7,15d56546995bd6e6444fa8383daee4fb5076421232bdb24862ae775964cffa05,b1f7676856fd06afb7848db1fc06f43cfccdca83036697e599a28605f05373c6
character:9b2b016bd7d8267d,魔法少女,魔法少女个人故事,広江ちはる,广江千春,3,9,9b2b016bd7d8267d23f8ffe972345d2cb0a0f33bcecb4a523dcec284ca7c5544,3dfc605ab1176703ddb720f28eca9919effe3b9154156bf5e480fd3902fba9cd
character:dfcfce6e3f610771,魔法少女,魔法少女个人故事,御園かりん,御园花凛,3,7,dfcfce6e3f610771822c3b48266e469fe08a9c3e225c2ae5378a21803eaff3e1,dacad5095339c6ee9df3ccb1bad36dba01733b2f21493d94f60e5d70065ba6df
character:1503ff84670577d2,魔法少女,魔法少女个人故事,御崎海香(新),御崎海香 (新),3,6,1503ff84670577d2a7472de720c07194416a470c621f34e83fad49c0d7e9a468,c87fd521193ef4b1592fef0dc7e2b6618589dc433cb150133bab594407e19382
character:fd71d2ae010cf2c2,魔法少女,魔法少女个人故事,御崎海香(旧),御崎海香 (旧),3,6,fd71d2ae010cf2c238e06ceedeabed50640a497d6a682a9374287dcb64186708,960c60853a5e560e9ec33e4d15f0c1b12f033e3d2df6f2d3e8e97d9d05f97c08
character:a490ca467149f716,魔法少女,魔法少女个人故事,志伸あきら,志伸晶,3,5,a490ca467149f716a1b03d069d3e4683ab4ede540535ddb175f42303c8322c4f,8245ea4ac6cde5870687ca7629ab55cb2ab0ba1a7b8a04ac34537f2d4cb69f73
character:591ab893bcd1d24c,魔法少女,魔法少女个人故事,恵萌花,惠萌花,3,14,591ab893bcd1d24c9b44a00ef3be18f8038fe899eaa5c3d3b96ec2d10da85441,bc98efc23b63b500413881318a9d1acb90f3036e49ad419e870e6d91b7d3b69d
character:a39d773791d4b120,魔法少女,魔法少女个人故事,悪魔ほむら,恶魔焰,3,33,a39d773791d4b120e55972654f4726480065dfafe368c1dab518eb46bef9ed86,46072de29d1968b07ccc2f63070787587e637431866c7a8a4f7716028225b803
character:28840bad4c636ac7,魔法少女,魔法少女个人故事,悪魔ほむらちゃん,恶魔小焰,3,10,28840bad4c636ac7568bb21e25b685339834c35d5119c491dbcfbd16f7391623,52200211b34c07a323eb11ab19a13e81340f1b87db24b6f1518ba11284bb2fd6
character:160724dc13cedabf,魔法少女,魔法少女个人故事,愛生まばゆ,爱生眩,3,21,160724dc13cedabfec875d3be74d2316d8b99f42ddc23931e39602051df5ae3e,01df07d19dad95971cca9bd820edf634649cf10300803bc8a82e0418f9259ef1
character:636b110666f7e923,魔法少女,魔法少女个人故事,成見亜里紗,成见亚里纱,3,12,636b110666f7e9235d4d3f54bc8b5f2a995816166e6390b3c96b458b58456c39,2bad86184ec304fda0b2a94e679031c8d37674aea3b73c928c6a8b499c55cc06
character:25110d6ebe21a35b,魔法少女,魔法少女个人故事,日向茉莉,日向茉莉,3,22,25110d6ebe21a35bc1628de452aa01856b96230b601aad90438c9f7d9c4438c6,04804c467cfacb30eb522c4e3e0c1d7ea3638d345af8b050a97f6003090397c2
character:64f640de0e58d39b,魔法少女,魔法少女个人故事,春名このみ,春名木乃美,3,3,64f640de0e58d39b34615e2e8fa09695360ff1ab1a5362b71be648148e6fa1e2,85ebb870dad5ce16c72b6f9189c181a93e2a2926074325367e440690509efbde
character:08e7ae858848c290,魔法少女,魔法少女个人故事,昴かずみ,昴和美,3,17,08e7ae858848c290441364dd145cf5ea01c155cefc732223900c819ee529b0e7,a377915a672f85dc3444b62b42dd0ca4ecb90b5fc02b5351c12d91df3258bf96
character:d67f5f9fb574b2d3,魔法少女,魔法少女个人故事,時女静香,时女静香,3,18,d67f5f9fb574b2d320e77fa96f35c677344ea7e5d0dac6f9616016f4ffed472a,43e3e164857a44d90212586b93d0f9e32a363d833969eca668b4dbedf9ac9a8f
character:78422b8d42da45e0,魔法少女,魔法少女个人故事,時女静香(初日の出ver),时女静香(元旦日出ver.),3,16,78422b8d42da45e074485e7171894f4757c0215649e371ca001667cfdcb06441,1d5539eae1b68b35f00c65404ea63617b09f95d7085f4e32826f1888426eb399
character:c1bf681d310db203,魔法少女,魔法少女个人故事,智珠らんか,智珠兰华,3,12,c1bf681d310db203b78d4a852cfd79b73a6e11273e93eeff80b5fe0b9abc355c,1f1eda4c5435dcf6304e4cf754629e0fd9ea842d8dda05db3d76ba2c73639a52
character:499a3a4282e1f693,魔法少女,魔法少女个人故事,暁美ほむら,晓美焰,3,20,499a3a4282e1f693ff92216a3af1097893f06f80999afa9431ef785e25526bee,8b91248ebde070265a121da39bfa22ccccd4ca289061e193d6907b145c3d7f7b
character:a872766a53c76918,魔法少女,魔法少女个人故事,暁美ほむら(scene0ver),晓美焰(scene0ver.),3,18,a872766a53c76918e61cc651590a7dfb29e806c0d4aa6c6eb18f6d18a5b3a97e,1ecb5dd3b8b552f90f7184dc61de1c1d8f1541da24adc424d4a4de2cb471238c
character:19c882c7955da5d4,魔法少女,魔法少女个人故事,暁美ほむら(晴着ver),晓美焰(新年和服ver.),3,12,19c882c7955da5d4f61db24bfeded415a7ef480d4977c9746da4e831a9dd8966,8807da39ccd2e074a1312b9d183cb1f7e4a099cd2a73626a7f0526f9caa6913a
character:cef7f197ded38c81,魔法少女,魔法少女个人故事,暁美ほむら(水着ver),晓美焰(泳装ver.),4,38,cef7f197ded38c81042897671a404a046e7d0f47ebca86ae98b1a425de5be820,3ecd3532a0aebb252c5d6036d98e9645ed48a75bc72201f52f1a59a0b39d2042
character:83a87f33db7907f7,魔法少女,魔法少女个人故事,暁美ほむら(眼鏡ver),晓美焰-眼镜ver,3,5,83a87f33db7907f77e3ba2089857976f4dde193d34507f49610c2989ac595112,57c8700e29cc6365f27808960ca35c1e3a8be64c629a6f261408ec77fa384016
character:37c04abf02b6458d,魔法少女,魔法少女个人故事,更紗帆奈,更纱帆奈,3,10,37c04abf02b6458dd9e563267294bc97a4ee0b788e37e34cf1ecb340d90569e9,59f685027e6e4d1fc631d79cda26488cc2c345b12deb17681a6bda79dcc491ac
character:63d37b0898588ae0,魔法少女,魔法少女个人故事,有愛うらら,有爱丽,3,11,63d37b0898588ae0d46c781eb1066a86bfab0477b0b4f3e130f8769d84eff6c9,e372b57c805363ddcc66d39d0b7b4d6581cfd10cf496678c39c505e0fd57712a
character:f8d050086e877293,魔法少女,魔法少女个人故事,木崎衣美里,木崎衣美里,3,5,f8d050086e877293c5c1e6a87ec6e92a5c6332592417d38ec45da11ce7772b58,cdf45e8385a038f33b7ecb8b7dc4d4a34f9f805d7206e13945092a16fbf55504
character:1ea177c01ebb9f85,魔法少女,魔法少女个人故事,未命名记录,未命名记录 1139,10,10,1ea177c01ebb9f856995db3930d2e8354355b404b558b2c5704b2d71c36679a3,b109961981dfeabc52d271bf50d23949707225298fdf69561e708968e65519eb
character:d86aaf2b90cfda8b,魔法少女,魔法少女个人故事,枇々木めぐる,枇枇木巡,3,11,d86aaf2b90cfda8b7b956080db2f87859d881eb56ac7285e693d1c53490c86f2,f39df3c6f4c7183ea6c1a30cd55a8ceaec599d7c1908a2f28111b9197ea8e478
character:a6e68ef5b9d86975,魔法少女,魔法少女个人故事,柊ねむ,柊音梦,3,7,a6e68ef5b9d869753218cab9fd4ca1ec9db46dfa0e7491ff9696561eb0ea299e,ec9e49ba2197f8fe1673ca459a73432dd71c9d3ea7fa8fcf8c6117c3a13a45dd
character:28502d2e76802fe8,魔法少女,魔法少女个人故事,柚希ほとり,柚希步鸟,3,8,28502d2e76802fe824ee8988cd1c1166130491e65faf740491de81cd7ee5a127,37ff4f7417545f98f82ec449422955f0a4408b1e2f264af9a34469fe93ce554f
character:22c2d74a0664ebb4,魔法少女,魔法少女个人故事,柚希りおん,柚希理音,3,13,22c2d74a0664ebb47f0082f291b9610c212d766ab2baaacfea72009421d9ffb5,f814570a5b6961f8a5ca91ce90eed5a083664d3b42b0e1f9bcfe7f6d4045c0a9
character:178191b789aa10e1,魔法少女,魔法少女个人故事,栗栖アレクサンドラ,栗栖亚历山德拉,3,16,178191b789aa10e10ef0d36ccd2fbd1a27da42e980c08fc62d7b4d7ace4d82d9,6fe7387c03b6e0b9e652fbd496fad57bba24267e93ea45b96cea69d61b0f440e
character:a52a6793d8cf150b,魔法少女,魔法少女个人故事,桐野紗枝,桐野纱枝,3,19,a52a6793d8cf150b26b269974f9b79f44f0a8f8c71682424331be59177569f59,1b2b6bd0631383fdeb1d642fe2070679f402ad5e6c9d9f1070e14630ad421ad4
character:69d270073339932f,魔法少女,魔法少女个人故事,桑水せいか,桑水清佳,3,7,69d270073339932fd1994dca42487d5f36c22e438bf33289e475aaf140b3523a,aba6f6199cc4b60fd7f04714db9b03ca6ccde5726cd5b6106f223ea25113e0f0
character:1935db1efec811f6,魔法少女,魔法少女个人故事,梓みふゆ,梓美冬,3,15,1935db1efec811f6dc7328c629b77d67e62fd8013f88f0a87413b710847a8b0b,6c0409e2d4daac6f9ce1f2900587e75ef4e85d600355c01b622d3f206eef65a2
character:ee84280e16640095,魔法少女,魔法少女个人故事,梓みふゆ(おとぎ話ver),梓美冬(童话ver.),3,21,ee84280e16640095595ba9c6498676af59539ca3052d5662ca9203f88a9eba6c,9275107ba8145cc24e760a1d72aba3b084b1fb2da6a028437bca43d4a91e0d3e
character:436cd89be10034bd,魔法少女,魔法少女个人故事,梢麻友,梢麻友,3,12,436cd89be10034bdf1fc9cbe0ae5a1bcb26bfbcd93d6fe38ba6935ba15fde63d,02a8f4f576f4719542f87955909ab0c53f70b8d2775f9f2699414f802897b479
character:94146e626642fe34,魔法少女,魔法少女个人故事,梨花・れん(クリスマスver),梨花・れん(クリスマスver),3,13,94146e626642fe34551e45a17f9a202c3fc2ad5c8dde5a1d68ae765d353f7fd4,b85c100b71f9750a1b0fd758a7a13daea3340a4544bbd8846a62bee8ccdf2823
character:a1b299579ed7ae50,魔法少女,魔法少女个人故事,毬子あやか,毬子亚弥华,3,3,a1b299579ed7ae5033a8da79c5d16e927e00ebc1fbc7d2eed577ce87412e8462,e831550fcf52c6a89e4e8e098aefd866fb1e9c4fffae2d3d4b094e99ce161d60
character:974e26787aea0f37,魔法少女,魔法少女个人故事,水名露,水名露,3,18,974e26787aea0f37332d2775e719c977d37b2a371bc534737849966b19dbf336,ec4c5c5296a14329e841a3646efc96b2ea66238a9388c638cf609b4259f8fcec
character:0ffd4a27bedee4da,魔法少女,魔法少女个人故事,水樹塁,水树垒,3,9,0ffd4a27bedee4daf3d0a506cd85c73e42952dc661c85e8500335edc3170df21,d2bdf18e7b67ae0dd1250862a528267104998e1788207126bbb868507ea5df81
character:1fcc723074061b7c,魔法少女,魔法少女个人故事,水波レナ,水波玲奈,3,7,1fcc723074061b7c5ae62e264668b28aaaf9b964d60d896e94d9c7ac4bce2bbc,0a5474d89c7f42de26a81ecd8b9f3df079f8bed30aba6eee32d80b88bf379973
character:d1f8fb54f8260e9b,魔法少女,魔法少女个人故事,水波レナ(アニメver),水波玲奈(动画ver.),3,15,d1f8fb54f8260e9be7037a9d3d1d8fed5bfffa3ff59c5660d4e4fd2f785ecb68,181b52b78418cd9e8c5d86f5e32f26cc9aea9a0e0aad364c38a78e998c28bea7
character:4aef80b88be55ec9,魔法少女,魔法少女个人故事,氷室ラビ,冰室拉比,3,5,4aef80b88be55ec9edf5eca2659d3b620528e0f24d9c76731cf6e3d30f7e7258,4643f40bc65ccbb1a0fdf82fbf089f7eb50c8594bb553650626ceefb8729f7ab
character:b61649376ea0f88f,魔法少女,魔法少女个人故事,氷室ラビ(キモチver),冰室拉比(心魔ver.),3,24,b61649376ea0f88fc2f9202709ce1bb0ca054c2e2c5f20929d582758910941cc,6f9fcd520e915ea9e03b220da48cd2d5ede8ce08e3387efc0d2028b766db9de3
character:8fd407bca04f1704,魔法少女,魔法少女个人故事,江利あいみ,江利爱实,3,3,8fd407bca04f170465a4dbf869113528ca728562a588250409f3e9058610e6d7,5dce512fc6fa357a838c395732476ca28f13b151e209782a4e4ab49a79b9a58d
character:fa1ca2b445796b39,魔法少女,魔法少女个人故事,深月フェリシア,深月菲莉希亚,3,5,fa1ca2b445796b391568d643e2434db62e0ce37bc74819ee644f9cdab875e401,7322549744a04c6ac937fdd16e92e59ab38d9b2d64282fec410733e4306bd036
character:b8ffbb2cec9cb5be,魔法少女,魔法少女个人故事,瀬奈みこと,濑奈命,3,16,b8ffbb2cec9cb5be79727d4487f6b8c9727d788445eae380486604825a145035,4abd18017cc32a1de3041c59d421f923cdbe457eb85657751a2a11717f4aad2f
character:5ccb97c24a976adb,魔法少女,魔法少女个人故事,灯花・ねむ(聖夜ver),灯花・ねむ(聖夜ver),3,12,5ccb97c24a976adbf16f7e7a8675ab4d7e47857c1dc9f63661b49bb4ac66b06d,842880ec53d0a73596b8fa9c74ecb293a0560c451112559dc075a0e7590bbbe2
character:bfc303973ccaeb3c,魔法少女,魔法少女个人故事,無限大いろはちゃん,无限大小彩羽,3,5,bfc303973ccaeb3cbd546b8e481b975f234bd475f39d35a1b013a4e02028183a,31d6affb33ba48de832908e9619c3bdff1abbb09c871c95a2b72e33e4d5ed2ec
character:97c102bb1c93401b,魔法少女,魔法少女个人故事,煌里ひかる,煌里光,3,8,97c102bb1c93401b68ae5d191951385272d438ac8eaed26083c1c55ec77abba2,4fee539f155001ceaecdbe0d7233c3848572ce5fa3aee81ee5ff8acc131072d2
character:017de729e39ed67f,魔法少女,魔法少女个人故事,牧カオル(新),牧薰 (新),3,4,017de729e39ed67f044120d4d0da374cf142266759ec07566a4ef59ac4726aed,282baf300b37f34c9c9cc54d5212d672c322c6d68462ea4fb15ae73926606dc1
character:a2f03846dfb0e52c,魔法少女,魔法少女个人故事,牧カオル(旧),牧薰 (旧),3,3,a2f03846dfb0e52ceb681015c676ba61208493944b3405a4ddcce9e0d98c822e,e8f20fe3c81864254f1e4bd244c48dbfbff35b66d4513dca9ff7b43e677ff438
character:68fcb738d77c7ffd,魔法少女,魔法少女个人故事,牧野郁美,牧野郁美,3,13,68fcb738d77c7ffd7da49b0d8b4b8c70c733f592e435803490e17fd521702ff0,dec443e819529f0f8b4cb739c72c46f8feb946b32961bc3859d4bf839318951f
character:219cc4fe2f7c4c86,魔法少女,魔法少女个人故事,環いろは,环彩羽,3,6,219cc4fe2f7c4c8650a4ef430c9860764531b0e481e449f22611cd63c929256c,3ba43f92f7247d72084dd16888a59634d0beb24d406f83423f1b9697e8424666
character:2757267b673a11d1,魔法少女,魔法少女个人故事,環いろは(アニメver),环彩羽(动画ver.),3,25,2757267b673a11d16f241568bffb74dece26aa302c044c3c5b91e101dabcba65,a3430c6e272c9c306f634e3a451304fa3aa05feca37bb9e6bf118adb57790877
character:b7b5983fecdef37e,魔法少女,魔法少女个人故事,環いろは(水着ver),环彩羽(泳装ver.),3,4,b7b5983fecdef37ee5e1f734882bf51125d73234f79e47cd2576c4e2c047f37f,c4f0e58cb1e00cb1b73877b0cf1e0e0aca276c5ed1d14a4622f1203d4aff8046
character:c1a5f4a844d6ba1d,魔法少女,魔法少女个人故事,環うい,环忧,3,23,c1a5f4a844d6ba1ded304cbaca530a1d7001a14392eaf0b11d7a15d58ae9e52c,08e3a1259d5fab4d8dea0a1158a8e2a261abbdcac2563f727920f0fe2e8ffb21
character:5f07ae75a64165c3,魔法少女,魔法少女个人故事,由比鶴乃,由比鹤乃,3,4,5f07ae75a64165c3f1dc5ea50c765c60c4195c5a88972de883152cf7bcbe0eb6,4a1c8a98838fdff3c79fdee28abe065c847f7663d5f9c128e65ddc96008e03c1
character:2c482cb38fa816ba,魔法少女,魔法少女个人故事,由良蛍,由良萤,3,13,2c482cb38fa816bad0d709151b742fd08a3d53771881d308aa8f484b611c2614,f777401acdf3556df5d1dad6f4734e8dee07c54afed6c41c30ccd10caa8affc5
character:00ae1f8e93d10218,魔法少女,魔法少女个人故事,由貴真里愛,由贵真里爱,3,5,00ae1f8e93d1021816eed57496684e939f9a213ed1839828cbe61c971a5fa7d1,f41f741cd72b61e3931c89cb2b96f9a20f6f907b70fad89e8f252cdf0b105e59
character:5e151b7d90cd5120,魔法少女,魔法少女个人故事,百江なぎさ,百江渚,3,5,5e151b7d90cd5120ce1e680671ef08deb4c53a1a88bf80a2f845a0f382c7deb5,5604e5016317ed5fd02d9d17eb2434a5a7ef464f964a9a003cc9123dba1a13e2
character:4c73ebeea4811f21,魔法少女,魔法少女个人故事,百江なぎさ(バレンタインver),百江渚(情人节ver.),3,8,4c73ebeea4811f21369d45e2f6a3b0272d611b701560411ed894574a62e4afe9,27c319e0aa471a8b1e35fc1912252bc21adbc37a21e8d5c3661f626c75d2ef2c
character:1e8aa2b6f4bc062d,魔法少女,魔法少女个人故事,百江なぎさ(水着ver),百江渚(泳装ver.),3,11,1e8aa2b6f4bc062dada58e210cd2d608e71328b6d4e449ad0f45e87e757a63e4,b870d6d97b592b7460e2b32d9cebcc4d5a6758991c408903e57835cfd6eb6fe9
character:9bedf60e4ad03326,魔法少女,魔法少女个人故事,相野みと,相野未都,3,8,9bedf60e4ad03326decb98256402b3238d5a62565d0d8639e404f4aafc439111,17caa2bac9c31b0a0857c558c206675ca68852e3ba569abebec5f57bfeecb0c9
character:a236adcee1a07a10,魔法少女,魔法少女个人故事,眞尾ひみか,真尾日美香,3,7,a236adcee1a07a1062de4f9f19093047252e3393d90ff08bb058567b5bd5dd14,0e2c301e0c01cf66ee81e3e550b4e2a6a95d0fe925521f49996f59defd294ffe
character:6151e5d28cd32dfc,魔法少女,魔法少女个人故事,真井あかり,真井灯,3,11,6151e5d28cd32dfc5cc66efa422f9fcb911546d83e97013ec9d08d16c8d07d2f,92d9fb9c2b77555187d203e61c9dbe5bfbf04aeb5d981fc1a2e856f13c113e3e
character:efe8b1de5da298ba,魔法少女,魔法少女个人故事,矢宵かのこ,矢宵鹿乃子,3,5,efe8b1de5da298ba816eb9f91e0e0fd3930cd4c14c47c6aaf8d7896f0c1cabe9,6bf79bcfcb3d7ac09d444380d0e98e1cfd6d40b04402a2c03520461d1488b38a
character:555ca57f656e9339,魔法少女,魔法少女个人故事,神楽燦,神乐灿,3,15,555ca57f656e9339c9812df184fe72d3537146f536b452bae75d549320f0d4fa,c7ed4136b7eb7a74f3f21f3ca80cf3aa110145bf85afdc8c95164502b0cc7c9c
character:d80cfbe12eeb9742,魔法少女,魔法少女个人故事,秋野かえで,秋野枫,3,9,d80cfbe12eeb97428188a199dd6b8d15416fe816df23c24b85daeb0d7ddcb3a5,9f56b4ef675b472697cf8babc0a2987cfb4b31733b8f6e647631bb442eb1c67b
character:9c381212c56e04cf,魔法少女,魔法少女个人故事,究極まどか先輩,究极小圆前辈,3,10,9c381212c56e04cf9122b66b1f314e901bd7f5f13aa0b4fc0649f636dc6e745a,bde879683cfb028e822a107ec3e0ba4d118282a404ae86dfc19c1bfea2e86f3d
character:cff62bf02f2faeed,魔法少女,魔法少女个人故事,空穂夏希,空穗夏希,3,7,cff62bf02f2faeedc0b4cb142bec1385a5dd65a6fd4f9b7bf4aa02bfe95d225d,873ac225db440aad0e212797cfd51ec4eda89c62bbacf1f2b8ae1bbcf621ee54
character:e8a0b81769f3f827,魔法少女,魔法少女个人故事,竜城明日香,龙城明日香,3,3,e8a0b81769f3f8279403602626c7b9cfeb891b179288ec7bc93c9e95e4d5c59a,9d5f5872d2a83a725bcfebe491fa959ede2745197c66a9abe813301c116fa37a
character:3829f2f5d13fcc02,魔法少女,魔法少女个人故事,竜城明日香(新春龍神ver),龙城明日香(新春龙神ver.),3,35,3829f2f5d13fcc020190ce33703f153b21753ec1335d3334c83970d383b8bdfe,13c7b1863b2399f6f015a70f6c75dd3ca9c3000810640bbcef188cf9e9e014c7
character:8fda075e48e52e9e,魔法少女,魔法少女个人故事,笠音アオ,笠音青,3,13,8fda075e48e52e9e6baaf7674a85d1692401b08774c1901741112bb7d6dd57b6,367c4879acba661381ab061684abb169b0f0f7caa7b7cd08b515716be48c0516
character:08c6f9b2988c1dc8,魔法少女,魔法少女个人故事,篠目ヨヅル,篠目夜鹤,3,11,08c6f9b2988c1dc840d523d901272e0423e84361b36dc769d22ce41aaf662078,d3a4cbb7ac899f44cd4492f2eda06a70ca1b4d5025b2927140d51f8bb9130903
character:2eb8beb875507b9d,魔法少女,魔法少女个人故事,粟根こころ,粟根心,3,7,2eb8beb875507b9d1195abb32ae57a59229f0bf5e4220d5ef728957c175bc705,ba529a74b474c35501ff0838064fd62ed506e8f165784589a021a277bdb49d9c
character:c32278c2ee3697fa,魔法少女,魔法少女个人故事,紅晴結菜,红晴结菜,3,13,c32278c2ee3697faacdde05ee2355ba5dc3dd9da2c33bf4d76ffe4dcdb73ddf9,31a6bcb58cef1fe66af0e00d81b41b0de010e2c2f6bae9991e5e139aaffa49c9
character:49c11156b0ccc22e,魔法少女,魔法少女个人故事,純美雨,纯美雨,3,4,49c11156b0ccc22eb95ccb9dae535f1f0d953908f0b87498285a297380c46e14,85b78710dff53c61f5a7a496c0985989cd1c8425e44e9c7faa1f6f93e14487ed
character:655eaf4544e88caf,魔法少女,魔法少女个人故事,結菜・樹里(ヴァンパイアver),結菜・樹里(ヴァンパイアver),3,11,655eaf4544e88caf9001afd0dfa77192cd92431f3803736a538eb70a8df42659,66d86b842acb37ff9b7d599a3dd24c18ff7c9d0af59dddf58867fc0bef396257
character:4daa57298c87ef5e,魔法少女,魔法少女个人故事,綾野梨花,绫野梨花,3,7,4daa57298c87ef5e7d09883129c38a235ce192f31478580625ed81afe23fdb94,e75f2cde90e2bad8cc27460a2c324282326c3ebd9ab2ec4d66079ecd7500f2cb
character:58e40e0753b1894f,魔法少女,魔法少女个人故事,美凪ささら,美凪纱纱罗,3,3,58e40e0753b1894f889540366055230c006578004e2de25b233e16d92d28de33,2466e8acc56b8a1f666281465ddace79cac9757f9820ce793b7f2dbf60bb9519
character:6ee6509d2109e8c1,魔法少女,魔法少女个人故事,美国織莉子,美国织莉子,3,18,6ee6509d2109e8c1976db4c95632adfe3f1e379c1becc9209e85e4a7f3b4cd2e,7a0c5e6c49980e8d2b888eddbd4ee4846faa8f5642529d4083d3573363cd2e67
character:43800c7442bfa6cb,魔法少女,魔法少女个人故事,美国織莉子(ver.Final),美国织莉子(ver.Final),3,22,43800c7442bfa6cb1563a30655a4b9592cf1240749acdd944be7bad86ad7b69f,233bfdc4e2d61a3db6a97f32faa9a406431530664c3686de1d6b3ec555758997
character:3b0020fb089ecd99,魔法少女,魔法少女个人故事,美樹さやか,美树沙耶香,3,3,3b0020fb089ecd99e46f38cfd4e9787db12c280ef07115f3afb1abb3210c5028,f98c7f2a07e37672a698cfd35bc879a68428794f7593261eca7677d0320e5dba
character:2dab6af837cdc026,魔法少女,魔法少女个人故事,美樹さやか(scene0ver),美树沙耶香(scene0ver.),3,18,2dab6af837cdc02621b8a9034886904d02ea17c726351a433a0f1ad060d12f03,2a0b0297b9eee4b2fcf946a4d7f610304d35990c135784f728faba4462c44e0d
character:3a48ca09d3a17bcb,魔法少女,魔法少女个人故事,美樹さやか(晴着ver),美树沙耶香(新年和服ver.),3,9,3a48ca09d3a17bcb421d78d4660ab6727426f3f2f72e0b7a6cd61a030cd3fc85,c6a6f6b5694b2102d876659015150a0137a8fbf0e77a4bc15551cbd9d9cd564d
character:53b45d39cf28bd4d,魔法少女,魔法少女个人故事,美樹さやか(波乗りver),美树沙耶香(冲浪ver.),3,16,53b45d39cf28bd4dda1748f6308eaa9aacda8e4294f387cac8ccb34ec06efe4c,c655a3ffd9efd9b17b892875103cb749ae2af08ba30a9fb059ad2158053c36e6
character:204b4a4cb7b0e320,魔法少女,魔法少女个人故事,美琴椿,美琴椿,3,7,204b4a4cb7b0e320fd6dbe3b83f211b03dcece2bf73a62d9af8c5aed913bbeae,e3b3beff7345bff4024b9b91b013b98c98fc261ceb540996f408c302438e7e63
character:21138f4fa91ac2c5,魔法少女,魔法少女个人故事,胡桃まなか,胡桃爱香,3,3,21138f4fa91ac2c52aafb3418eb77a59136660ecc6c8f026fd317fcd6573cfd2,3b9da43278f0e4285772e5d8c02207157757e62082fdd4d3c97e5e10e0d52821
character:836c13870dd3b1d3,魔法少女,魔法少女个人故事,若菜つむぎ,若菜纺,3,16,836c13870dd3b1d334602303a91413dcc42f952291048d0d27d5dd4bdb51d435,5895122716b51f9cb6dd24133421b40ea41201a2b29d29385d5b546f165bd840
character:917839dc97fcf011,魔法少女,魔法少女个人故事,藍家ひめな,蓝家姬奈,3,17,917839dc97fcf011197cf102f739ad049eed2f5a2969c2b92125e4386ff810ce,b03d4fb7a7de6cc42f6d80da635d3370e22a37ab2c067204887863b6b6d9aa33
character:98b99bb2eeab65a1,魔法少女,魔法少女个人故事,観鳥令,观鸟令,3,16,98b99bb2eeab65a1b50970274ee455f4d9289dbd4add8bb02106b7826a2c1a1d,3b1356142691c285ff7f26208685acd70aa2acfa4ee08eadd332d83766d1185a
character:c5c2bb4dc2190533,魔法少女,魔法少女个人故事,詩音千里,诗音千里,3,4,c5c2bb4dc2190533fb17d61ffd8a8a24445747d8bf9d19413311f94e128178bd,fefff7fb893494985854742abbcd66b52683aad3169d308faef99b071d1cced4
character:9d7098d39ce6a416,魔法少女,魔法少女个人故事,遊佐葉月,游佐叶月,3,3,9d7098d39ce6a416616481e561b22992e5eb76edd740e4ca4465051f234c4303,c52af627233cbe699f32a3a5f1d97783154fd704a262ddc4d32848497bd119f5
character:4444918972ba643f,魔法少女,魔法少女个人故事,遊狩ミユリ,游狩美由利,3,21,4444918972ba643f2dacc93ab02999e0060ef54ca8cafc368ea582c2737673d6,b984fc62a7fed3b0995dad291426a1eedf4dcc58b1b1a1b6ff24eb3165d9c4ca
character:ad4a7152ed76d463,魔法少女,魔法少女个人故事,那由他・みかげ(クリスマスver),那由他・みかげ(クリスマスver),3,20,ad4a7152ed76d4639a1fa46ed2b7c64279508bdda518952df5c28fa11d32d309,fefe34dac4c2c7b167ae80b5944d3b05f72b1cc3377ac6a712b9f9a0552103c4
character:dcf90e0f001a512a,魔法少女,魔法少女个人故事,都ひなの,都雏乃,1,3,dcf90e0f001a512a6cc6b9aaf2a6b20cb5dc16e993f996f7b1ee0e077800a320,08dd8258c09cdcfc76a05511d1b6eb7e97158fb325aeab52cbc031d8a7c3f173
character:0fb860aa1fffe4cc,魔法少女,魔法少女个人故事,里見灯花,里见灯花,3,12,0fb860aa1fffe4cc65fca16729eceb3744c6c0a197a3f952b2275f68648d1079,28fa36885ac961da26ee9eeab8b53af3c69dc2fc4ffd70d9c32bdcc1e54ca953
character:fc94057fe4a898f9,魔法少女,魔法少女个人故事,里見那由他,里见那由他,3,17,fc94057fe4a898f90bd5d15f589a5321dc4f8722bad33a164c38f156fe4e0d0a,21cf6531825f3b3f75c7928cc83493d073423177b80beb266357fdb3d7127f82
character:2edd13aa7786e8ff,魔法少女,魔法少女个人故事,鈴鹿さくや,铃鹿朔夜,3,10,2edd13aa7786e8ffc96285d16d7eea6896b7b2e7219527ce3e038575e1cde2eb,e4043154ddacc03d8e4b1487b6e88d0854cad607b04d4cc5394e52d4f8a6bb9f
character:323b419528566d65,魔法少女,魔法少女个人故事,錦木千束,锦木千束,3,23,323b419528566d6518d8469170db5feeb5125ea814ad7cac75a5646b7900b35b,6f33ecf68b6014ec7db06bafd8046e3cc60e1096fa9c7d27f984cb21af3403ea
character:e7627a51a64f9525,魔法少女,魔法少女个人故事,阿見莉愛,阿见莉爱,3,10,e7627a51a64f95259f49d58090e31cea137502aaa9defd1635994107d8bb7e3e,77afb40231b8338e57deb33033b0da707bb13df86997b774596277c62d86248d
character:dc37cec0b9dc69a0,魔法少女,魔法少女个人故事,雪野かなえ,雪野加奈惠,3,10,dc37cec0b9dc69a0e1833874787a5625263aff22e0e101c8b1c5fb720ccb2c02,b0e6ca5aca15865937b307f5abc82e2383c31e534576e89e724b888fb4dfda6d
character:a51e806b9556699c,魔法少女,魔法少女个人故事,青葉ちか,青叶知花,3,8,a51e806b9556699cd3f3d3c2b0604f56cae97dbed0fd36d815dd5bb06af84003,f77880c4c4ffca8e95afd376b75be6225d28cd14c475843ccdcd1f8e4a2a0c0c
character:50ed1b7896c118e6,魔法少女,魔法少女个人故事,静海このは,静海木叶,3,3,50ed1b7896c118e6255106656210d47fab14b825fe0e4e77f6ac527e93d04d3b,eaaa034cba7ea29e705bbbb27bc563f47fe0332b1cb4830e80f37fb31ce33fb4
character:f0729841e4b17e5d,魔法少女,魔法少女个人故事,飾利潤,饰利润,3,8,f0729841e4b17e5dcd4db468ae61dbcc15e1f4dbaef232ee0386d094fcad5890,5535d637e29bba75c40dfe6c1e77f4915a6def9b11e09f914c399a696948a9b4
character:36f924cd80ccf7b8,魔法少女,魔法少女个人故事,香春ゆうな,香春优奈,3,7,36f924cd80ccf7b82b7ab7cb47f2a0b4df9f4b23dae3851c901da1ec20509074,515dbd896cdb1df17d6f4900057c04e5806758169c9fce1501e8e0752b23e8cc
character:009aa60fa73351cc,魔法少女,魔法少女个人故事,高町なのは,高町奈叶,3,9,009aa60fa73351cc977a86cef316fdbfa3fe0809fa929e1946323afd8e9afb1d,db19490dbdb171dc2292bad58f423b9da89d3c068d71db749b53b57bf0899901
character:1a010bdb1f8be990,魔法少女,魔法少女个人故事,鶴乃・フェリシア(宅配ver),鶴乃・フェリシア(宅配ver),3,13,1a010bdb1f8be9902d4585a864d81761a151d000b8ba1f5555161746281986b9,8d6ef662375ae88cc80aac738a92b1d5c1384c47bbc39487f78a728e14cc4871
character:30833d6ab6aa1047,魔法少女,魔法少女个人故事,鹿目まどか,鹿目圆,3,4,30833d6ab6aa1047a8c36cbf3cfb50c4321fb136ef4cbf058ebd261be96c7a64,04e9f471d13925d4a17627fe72964e2c17bdcb8a8dcd34372118af5e7c1ba7ee
character:b1df2b3d0e56656c,魔法少女,魔法少女个人故事,鹿目まどか(scene0ver),鹿目圆(scene0ver.),3,22,b1df2b3d0e56656cffbc4eecd79dfca0d3b221a7f4fb106b7bbed23094ec19de,0cb171e72067135809a7be12436183c9c2e45c2818f8d6c3ff929cc7244c4158
character:fb01fe079ff86d89,魔法少女,魔法少女个人故事,鹿目まどか(晴着ver),鹿目圆(新年和服ver.),3,6,fb01fe079ff86d89150288a701d3f697f3bd7132807e0379f94c6694e1a658e5,02df62018a031c45af77675e8a98244f8096ce37eb36706b299a32663e360c3a
character:80fd26972682890c,魔法少女,魔法少女个人故事,鹿目まどか(水着ver),鹿目圆(泳装ver.),3,15,80fd26972682890cb0365323123dfb9a2aa424341109a8ab63d7a3274d22d2b7,a67904e442e6ea996f40b04287a6cb125a4486bbf7e1c47928ba31862b2b4c02
character:a5320d2d5dd84468,魔法少女,魔法少女个人故事,黒江,黑江,4,23,a5320d2d5dd84468827c42eaa24198c41edd1cb2780cc3e799994c4808a45d37,97c12176afeb80508087031a4cda84da1e5b79d4b3746a3b0cdefa1ca9365e3d
character:fb22b32c83c743e0,魔法少女,魔法少女个人故事,黒江(水着ver),黑江(泳装ver.),3,15,fb22b32c83c743e0c40cf59d78cd67c45cbbfadda8de7e7cc0f2ddaa690ad180,2908df88eca8cdb6f25e3ab240a9763a16db1d0ece6cc573b4c14a58aed67084
